text,label,label_str
"Cơ hội của bạn để tham gia chương trình tưởng tượng thực tế Gọi ngay = 08707509020 Chỉ cần 20p mỗi phút NTT LTD, PO Box 1327 Croydon CR9 5WB 0870 là một cuộc gọi quốc gia = tỷ lệ",1,spam
"Anh ấy không thể tranh luận và anh ấy luôn đối xử với tôi như phụ của anh ấy, giống như anh ấy không bao giờ thả tôi ra ... điều mà anh ấy đã làm và tôi sẽ nhắc nhở anh ấy về điều đó nếu cần thiết",0,ham
"""Hình ảnh đất nước chúng ta đã bị các băng nhóm lừa đảo trực tuyến làm tổn hại và hoen ố"", quyền Quốc trưởng Campuchia Hun Sen nói trong cuộc họp với các quan chức ngày 24/5, bày tỏ thất vọng trước những thiệt hại về uy tín mà tội phạm công nghệ gây ra cho Campuchia trong những năm gần đây. Ông Hun Sen nói thêm tội phạm lừa đảo trực tuyến trong tương lai có thể trở thành ""mối đe dọa nghiêm trọng đối với quốc gia"". Ông cho rằng nước này cũng là ""nạn nhân"" vì hầu hết các đường dây tội phạm lừa đảo có tổ chức tại đây đều do người nước ngoài điều hành. Ông đề nghị Thủ tướng Hun Manet và Bộ trưởng Nội vụ Sar Sokha ra lệnh cho các cơ quan chức năng thẩm vấn những người bị bắt không có hộ chiếu hay giấy tờ tùy thân, và xác định họ đã nhập cảnh Campuchia qua cửa khẩu nào. ""Một số người đến từ châu Phi và các quốc gia xa xôi khác, thậm chí không giáp biên giới với Campuchia. Đây không chỉ là vấn đề của Campuchia mà còn là vấn đề toàn cầu"", ông nói. Ông Hun Sen yêu cầu giới chức Campuchia tăng cường nỗ lực chống lại các vụ lừa đảo trực tuyến, nói rằng nước này cần chứng minh cho thế giới thấy rằng họ có thể xóa bỏ loại tội phạm này. ""May mắn thay, người dân của chúng ta vẫn chưa bị huấn luyện thành những kẻ lừa đảo trực tuyến. Chúng ta vẫn còn thời gian để ngăn chặn điều đó. Nếu không, trong tương lai đất nước chúng ta có thể phải chịu thiệt hại nặng nề từ các mạng lưới tội phạm này"", ông cho biết. Ông Hun Sen cũng khen ngợi chính quyền vì đã trấn áp nhiều vụ lừa đảo trực tuyến. Tuy nhiên, ông nói rằng cũng cần phải có hành động chống lại các quan chức tiếp tay cho loại tội phạm này. Khmer Times ngày 25/5 đưa tin Thủ tướng Hun Manet đã cách chức hai sĩ quan an ninh cấp cao tại tỉnh Mondulkiri vì không hoàn thành nhiệm vụ chống lại các mạng lưới lừa đảo trực tuyến hoạt động trong khu vực quản lý của họ. Ông Hun Manet đặt câu hỏi về việc nhiều chiến dịch đột kích thường thất bại vì những kẻ lừa đảo bỏ trốn khỏi hiện trường trước khi bị truy quét, cho thấy các nghi phạm dường như được báo tin trước. Trong một chiến dịch trấn áp các mạng lưới lừa đảo, thẩm phán Chhe Vivathanak của tòa án thành phố Phnom Penh ngày 22/5 phát lệnh bắt đối với thiếu tá Nuon Ninaro, cựu chỉ huy quân cảnh tại thành phố Poipet, với cáo buộc đồng lõa trong vụ lừa đảo trực tuyến và rửa tiền. Các hành vi phạm tội của Ninaro được cho là đã xảy ra tại xã O'Chrov, Poipet, tỉnh Banteay Meanchey, từ năm 2022 đến tháng 4 năm nay. Giới chức đã tịch thu 9 biệt thự hạng sang thuộc sở hữu của cựu thiếu tá này. Nếu bị kết tội theo Bộ luật Hình sự và luật chống rửa tiền, Ninaro có thể phải đối mặt với án tù lên đến 10 năm và khoản tiền phạt ít nhất 125.000 USD. Theo Bộ Nội vụ Campuchia, chỉ trong ba tuần đầu tháng 5, giới chức đã triệt phá các ổ lừa đảo trực tuyến tại 50 địa điểm. Khoảng 3.320 người thuộc 32 quốc tịch đã bị bắt trong các chiến dịch này. Trong số đó, 1.030 người bị trục xuất và 96 người phải hầu tòa. Giới chức Campuchia cũng đã giáo dục và thả 559 người được xác định không có liên hệ trực tiếp với các đường dây lừa đảo. Ngọc Ánh (Theo Khmer Times, AKP)",1,spam
K :) k :) chi tiết bạn muốn chuyển là gì? ACC Không đủ?,0,ham
"Ngày 21/4, ông Mót và bà Hằng bị TAND tỉnh An Giang xét xử tội lừa đảo chiếm đoạt tài sản. Riêng Hằng bị truy tố thêm tội Rửa tiền. Theo cáo trạng, từ năm 2018-2023, dù biết các thửa đất là đất rừng, đất Nhà nước quản lý, không thể cấp giấy chứng nhận, ông Mót vẫn giới thiệu Hằng ký hợp đồng ""làm sổ đỏ"". Thực tế, cả hai không có khả năng thực hiện nhưng vẫn đưa thông tin sai sự thật nhằm chiếm đoạt tài sản. Cụ thể, tháng 11/2021, Mót nhận lời bà Trần (TP HCM) làm sổ đỏ, rồi móc nối để Hằng ký hợp đồng, đồng thời ấn định giá 38 triệu đồng cho mỗi 1.000 m², yêu cầu ""đúng vậy mới ký"". Sau khi ký hai hợp đồng gần 200 tỷ đồng, Hằng đi xem đất, phát hiện là đất rừng nên báo lại. Mót trấn an rằng theo quy hoạch sẽ dời ranh rừng. Hằng sau đó nhận tổng cộng 22 tỷ đồng nhưng không thực hiện cam kết. Từ phần đất dôi dư 3 ha, Hằng rủ Mót tìm người mua, lừa hai bị hại mua một ha với giá 6 tỷ đồng. Để tạo niềm tin, Mót hứa ba tháng sau sẽ bán lại với giá gấp 6 lần, đồng thời cam kết làm sổ đỏ với giá 5 tỷ đồng. Hai người chiếm đoạt thêm 11 tỷ đồng. Bằng thủ đoạn tương tự, họ thực hiện thêm hai phi vụ, chiếm đoạt gần 35 tỷ đồng. 'Em gái nuôi' khai làm theo chỉ đạo của ông Mót Cơ quan tố tụng xác định Mót giữ vai trò tạo niềm tin, trực tiếp trao đổi, thúc giục chuyển tiền; Hằng đứng tên nhận tiền qua tài khoản. Sau khi nhận, Hằng khai đưa tiền mặt cho Mót hoặc chuyển qua nhiều tài khoản trung gian theo yêu cầu. Ngoài ra, Hằng bị cáo buộc rửa tiền khi dùng gần 21 tỷ đồng mua bất động sản, nhờ người khác đứng tên hoặc giữ hộ để che giấu nguồn gốc. Tại tòa, Hằng thừa nhận hành vi, khai nhiều lần ký hợp đồng theo đề nghị của Mót vì ""anh là người Nhà nước không thể ký"". Khi lo ngại vi phạm pháp luật, bà được trấn an: ""Anh là trưởng công an thành phố, không thể có chuyện phạm pháp"". Ông Mót phủ nhận cầm tiền, nói bị hại tự chuyển khoản Trái với lời khai của Hằng, ông Mót bác bỏ cáo buộc đồng phạm. Cựu đại tá thừa nhận có giới thiệu người có nhu cầu làm sổ đỏ cho Hằng, song khẳng định không cam kết làm được thủ tục. Ông cũng cho biết từng giới thiệu bạn bè mua đất vì nghĩ đây là ""đất có nguồn gốc"", người bán ""là người tốt"". Mót nhiều lần khẳng định không nhận tiền từ Hằng hay các bị hại. Với các khoản chuyển vào tài khoản mang tên mình, ông giải thích do ""anh em chơi thân có số tài khoản của nhau"", bị hại tự chuyển để ""tăng độ tin cậy"" cho giao dịch với Hằng. Chiều 21/4, phiên tòa sẽ tiếp tục với phần xét hỏi các bị hại và người liên quan. Ngọc Tài",1,spam
Ha.,0,ham
Thông tin quan trọng 4 Người dùng màu cam 0796XXXXXX.,1,spam
"Xin lỗi Vikky, tôi đang xem phim Olave Mandara Kano trong Nhà hát Trishul với bạn bè của tôi ..",0,ham
"Bạn là người chiến thắng, bạn đã được lựa chọn đặc biệt 2 nhận ’£ 1000 tiền mặt hoặc 4* Holiday (Flights Inc) Nói chuyện với Nhà điều hành trực tiếp 2 Yêu cầu 0871277810810",1,spam
"Cô gái “tự sướng” 101 lần liên tiếp trong suốt 12 giờ liền và cái kết gây sốc
Tin vừa nhận được từ bệnh viện. Một cô gái tên H sống tại quận Bình Thạnh TPHCM được đưa đi cấp cứu sáng ngày 29/10 đã tử vong vì cơ thể kiệt sức. Bác sĩ bệnh viện cho hay cô gái đã kiệt sức đến mức không thở nổi nên đã tử vong.
Nguyên nhân được xác định là cô gái đã có hành động tự sướng liên tục cường độ cao từ 5h tối đến 5h sáng hôm sau. Bác sĩ ước đoán rằng cô đã thực hiện 101 lần tự sướng liên tục và lên đỉnh tới 51 lần. Rất nhiều tranh ảnh mát mẻ và phim người lớn cũng đã được tìm thấy tại khu nhà ở của cô.
Tự sướng liên tục 101 lần trong 12 giờ liền là nguyên nhân khiến cô gái tử vong
Ảnh Internet
Bạn bè H cho hay H là một cô gái tốt, ngoại hình tương đối đẹp và cũng có nhiều người theo đuổi, suốt mấy tháng vừa rồi H chỉ ngồi trong vòng ôm chặt cái laptop, cô rất ít ra ngoài trừ khi đi ăn, hoặc cần mua gì đó. Đến hôm nay thì xảy ra sự việc không ai ngờ ngày.
Nguyên nhân vì sao H lại tự sướng tột độ như vậy được bác sĩ cho hay là cô bị rối loạn hóc môn sinh d.ục nữ làm hàm lượng chất k.ích th..ích tăng cao và ham muốn lên đến tột độ không kiềm chế nổi bản thân mình, khiến cô lúc nào cũng cảm thấy nóng ran trong người, và phải “tự sướng” để giải tỏa.
Sự việc đau lòng ngày cũng là một lời cảnh tỉnh cho những ai đang bị nghiện chứng “tự sướng” cường độ cao bất thường nên đi khám bác sĩ ngay để được tư vấn và điều trị.
Thực chất việc “tự sướng” là hiện tượng sinh lý bình thường để giải quyết nhu cầu ở mọi lứa tuổi , đặc biệt là giới trẻ, những người chưa lập gia định hoặc có cuộc sống vợ chồng bế tắc.
Tự sướng cũng giúp chúng ta giảm bớt căng thẳng và xả streets. Tuy nhiên tự sướng với cường độ lớn liên tục là một thảm họa như trường hợp của H còn khá hi hữu cần đề phòng để tránh những hậu quả đáng tiếc.",1,spam
Có. Tôi đang ở Office da :),0,ham
3. Bạn đã nhận được nội dung di động của bạn.,1,spam
"Theo người phát ngôn cảnh sát Sri Lanka Fredrick Wootler, lực lượng chức năng từ đầu năm đến nay đã bắt hơn 1.000 người nước ngoài bị nghi liên quan tội phạm mạng. Con số này tăng mạnh so với tổng cộng 430 trường hợp trong cả năm 2024, trong khi số vụ năm trước đó còn thấp hơn. Quy mô của các đường dây này ngày càng lộ rõ khi cảnh sát liên tục nhận được nhiều cuộc gọi tố giác mỗi ngày. Ông Wootler cho biết chỉ trong một đêm trong tuần này, lực lượng chức năng đã tiến hành 5 cuộc đột kích tại các huyện ven biển Galle và Matara, bắt 192 nghi phạm người Ấn Độ cùng 29 người Nepal. Tuần trước, thêm 280 nghi phạm nước ngoài bị bắt gần thủ đô Colombo. Hồi tháng 3, cảnh sát cũng bắt 135 công dân Trung Quốc tại một trung tâm lừa đảo. Giới chức Sri Lanka cho rằng một số mạng lưới lừa đảo bị đẩy khỏi các quốc gia Đông Nam Á đang chuyển địa bàn hoạt động sang đảo quốc này. Chúng lợi dụng chính sách thị thực tương đối ""nhẹ tay"" của đảo quốc, cũng như hạ tầng internet tốc độ cao và ổn định ở nước này. Đại sứ quán Trung Quốc tại Colombo cũng ghi nhận xu hướng tội phạm lừa đảo dịch chuyển hoạt động sang Sri Lanka, đặc biệt là sau các chiến dịch trấn áp lừa đảo ở Campuchia, Myanmar và Các Tiểu vương quốc Arab Thống nhất (UAE). Các mạng lưới này lợi dụng chính sách miễn phí thị thực du lịch 30 ngày của Sri Lanka dành cho công dân hơn 40 quốc gia, trong đó có Ấn Độ và Trung Quốc. Công dân từ những quốc gia ngoài danh sách này cũng có thể dễ dàng xin thị thực trực tuyến. Các băng nhóm lừa đảo thuê nhiều loại địa điểm hoạt động, từ biệt thự cao cấp đến các tổ hợp văn phòng. Cảnh sát đã cảnh báo chủ sở hữu bất động sản không cho đối tượng đáng ngờ thuê nhà, tránh rủi ro bị truy tố với cáo buộc tiếp tay cho hoạt động phạm pháp. Tháng trước, hải quan Sri Lanka chặn 9 công dân Trung Quốc bị nghi tìm cách buôn lậu hàng trăm điện thoại di động và máy tính xách tay đã qua sử dụng. Vụ án làm gia tăng hoài nghi các hoạt động lừa đảo quy mô lớn đang dần ăn sâu bám rễ. Mô hình lừa đảo với quy mô công nghiệp đã phát triển mạnh tại Đông Nam Á trong những năm qua. Ban đầu, các nhóm này chủ yếu nhắm vào người nói tiếng Trung, nhưng sau đó mở rộng sang nhiều ngôn ngữ khác. Những người tham gia các đường dây này đôi khi là kẻ lừa đảo tự nguyện, nhưng cũng có trường hợp là nạn nhân buôn người bị ép phạm tội. Theo giới chức địa phương, các mạng lưới hoạt động tại Sri Lanka đang nhắm đến nạn nhân trên khắp châu Á, trong đó có Ấn Độ, Việt Nam và Philippines. Tuy nhiên, ngày càng có nhiều lo ngại rằng người dân Sri Lanka có thể trở thành mục tiêu tiếp theo. Giới chức địa phương cũng đang điều tra khả năng các tổ chức tội phạm nước ngoài có liên quan vụ tấn công mạng nhắm vào kho bạc Sri Lanka gây thiệt hại 2,5 triệu USD. Giới chức Sri Lanka cho biết chưa phát hiện các đường dây buôn người liên kết với những cơ sở lừa đảo tại nước này. Ông Wootler khẳng định cảnh sát đang nỗ lực ứng phó, mạnh tay trục xuất người nước ngoài lưu trú quá hạn và bảo đảm những người tham gia tội phạm trực tuyến sẽ bị xử lý trước tòa. Thanh Danh (Theo AFP)",1,spam
Hoặc tôi đoán & lt;#& gt;,0,ham
"Campuchia suốt nhiều năm qua bị coi là một trong những điểm nóng của hoạt động lừa đảo trực tuyến ở Đông Nam Á. Thủ tướng Hun Manet cho rằng mạng lưới lừa đảo đang phá hủy nền kinh tế của Campuchia, gây tiếng xấu cho Phnom Penh và cam kết xử lý triệt để vấn đề này. Giới chức Campuchia trong năm qua đã liên tiếp phát động các chiến dịch truy quét quy mô lớn, bắt hàng nghìn nghi phạm, trục xuất nhiều người làm việc trong các ổ nhóm lừa đảo trực tuyến. Tuy nhiên, đằng sau những kết quả ban đầu, Campuchia đang đối mặt thách thức mới. Khi bị truy quét mạnh, các mạng lưới lừa đảo không biến mất mà thay đổi cách thức hoạt động, phân tán thành các nhóm nhỏ ẩn mình giữa khu dân cư, khiến việc phát hiện và triệt phá trở nên khó khăn hơn. Cảnh sát thành phố Battambang ngày 1/6 đột kích căn biệt thự của một tướng quân đội và bắt gần 30 người nước ngoài bị cáo buộc tham gia hoạt động lừa đảo trực tuyến. Trong số này có 23 người Philippines, hai người Myanmar, một người Nigeria và một người Sierra Leone. Cảnh sát cho hay các nghi phạm này chuyển đến hoạt động tại căn biệt thự từ ngày 11/5, sau khi chạy khỏi địa điểm cũ vì chiến dịch truy quét của giới chức. Danh tính của tướng quân đội sở hữu căn biệt thự chưa được công bố. Các tổ chức nghiên cứu ước tính lợi nhuận từ hoạt động lừa đảo trực tuyến tại Campuchia lên tới 12,5-19 tỷ USD mỗi năm, tương đương khoảng 40-60% GDP nước này. Nguồn thu phi pháp đó đến từ nhiều hình thức lừa đảo, như đầu tư tài chính giả mạo, cờ bạc trực tuyến và lợi dụng tình cảm để chiếm đoạt tài sản. Theo các chuyên gia, Campuchia có một số điều kiện để loại hình tội phạm này phát triển mạnh, như có nhiều khu sòng bạc, kinh tế vùng biên và những tuyến buôn lậu đã tồn tại từ lâu. ""Những kẻ lừa đảo luôn nhắm vào mắt xích yếu nhất. Chúng tìm đến những quốc gia dễ bị tổn thương và tác động nhất"", Ou Virak, chủ tịch viện chính sách độc lập Future Forum, trụ sở Phnom Penh, nói. Trong thời kỳ đại dịch Covid-19, khi hoạt động du lịch sòng bạc suy giảm mạnh, nhiều casion ở Campuchia đã chuyển hướng sang hoạt động đánh bạc trực tuyến, rồi dần biến tấu thành lừa đảo trên mạng. Từ đó, các khu phức hợp lừa đảo quy mô lớn xuất hiện ngày càng nhiều. Jason Tower, chuyên gia cao cấp của tổ chức Sáng kiến Toàn cầu chống Tội phạm có tổ chức đa quốc gia, cho rằng các nhóm tội phạm đã biến khu vực thành trung tâm lừa đảo trực tuyến toàn cầu. Đây cũng là nơi xuất hiện tình trạng buôn người và nạn nhân bị ép tham gia hoạt động phạm pháp. Trước áp lực ngày càng gia tăng từ trong nước và quốc tế, chính phủ Campuchia đã mạnh tay hơn trong trấn áp tội phạm. Kể từ tháng 7/2025, lực lượng an ninh Campuchia đã đột kích khoảng 300 cơ sở, trong đó có hàng chục sòng bạc, Chhay Sinarith, Chủ tịch Ủy ban Chống lừa đảo trực tuyến của Campuchia, nói với Channel News Asia. Khoảng 1.500 người, bao gồm cả ""đối tượng cầm đầu"", bị bắt giam với cáo buộc liên quan đến lừa đảo. Campuchia hồi tháng 4 thông qua đạo luật chuyên biệt đầu tiên nhằm chống lừa đảo công nghệ, trong đó hình sự hóa hành vi gian lận dựa trên công nghệ, tuyển dụng người cho các trung tâm lừa đảo và hỗ trợ hoạt động của các cơ sở này. Mức án có thể lên tới tù chung thân đối với những trường hợp nghiêm trọng nhất. ""Để bảo vệ phẩm giá và danh dự, Campuchia sẽ không cho phép lãnh thổ của mình trở thành nơi trú ẩn cho những kẻ lừa đảo"", ông Sinarith tuyên bố. Những cuộc truy quét liên tiếp này đã buộc nhiều tổ chức tội phạm phải thay đổi cách thức hoạt động. Thay vì tập trung trong những khu phức hợp lớn với hệ thống bảo vệ, giám sát và quản lý riêng như trước, ngày càng có nhiều dấu hiệu cho thấy các nhóm lừa đảo đang phân tán thành những ổ nhỏ hơn, ẩn mình trong các tòa nhà chung cư và nhà phố thương mại, đặc biệt tại Phnom Penh. Nathan Southern, giám đốc điều hành tổ chức Eyewitness Project chuyên điều tra các vụ phạm tội, xung đột và tham nhũng tại khu vực, cho rằng đây là xu hướng đáng lo ngại. Một khu phức hợp lừa đảo quy mô lớn với những dãy nhà được rào kín dễ bị phát hiện hơn, trong khi các nhóm nhỏ vài chục người có thể ẩn mình tốt hơn trong khu dân cư, như tại căn biệt thự ở Battambang. ""Nếu mỗi chung cư, nhà hàng hay mặt bằng kinh doanh ở Phnom Penh đều tiềm ẩn vài căn hộ do các nhóm lừa đảo vận hành, chúng ta sẽ không biết chúng ở đâu, quy mô thế nào và những gì đang xảy ra bên trong"", ông Southern nói. Chuyên gia Ou Virak cho rằng các mạng lưới tội phạm có thể đang đa dạng hóa và phi tập trung hóa hoạt động. Việc xử lý những mục tiêu lớn có thể giải quyết đáng kể vấn đề, nhưng giai đoạn tiếp theo sẽ khó khăn hơn rất nhiều. Một trong những dấu hiệu cho thấy nạn lừa đảo chưa bị triệt phá là các quảng cáo tuyển dụng ""việc nhẹ lương cao"" vẫn xuất hiện trên mạng xã hội. Các nhóm này không chỉ tìm kiếm người nói tiếng Trung Quốc mà còn mở rộng sang nhiều ngôn ngữ khác như tiếng Nhật, tiếng Hebrew hay tiếng Bồ Đào Nha. Lindsey Kennedy, giám đốc nghiên cứu của Eyewitness Project, cho biết xu hướng này cho thấy sự thay đổi trong chiến lược của các tổ chức lừa đảo, chuyển hướng sang các thị trường lừa đảo mới. ""Đang có một sự dịch chuyển lớn sang các ngôn ngữ khác và những quốc gia bị chúng nhắm tới thường không thể ứng phó kịp. Do đó, chúng vẫn còn rất nhiều khoảng trống để khai thác"", theo bà Kennedy. Các quảng cáo tuyển dụng cũng cho thấy quy mô của hệ sinh thái xung quanh hoạt động lừa đảo. Nhiều chuyên gia cho rằng thách thức lớn nhất hiện nay của Campuchia không chỉ nằm ở việc phát hiện các cơ sở lừa đảo mới, mà còn ở việc ngăn chặn các mạng lưới tội phạm liên tục thay đổi phương thức hoạt động và mở rộng sang những địa bàn, hình thức mới. Nhà báo tự do Huang Yang, người nhiều năm theo dõi vấn đề này tại Campuchia, cho rằng ranh giới giữa các hoạt động kinh tế hợp pháp và bất hợp pháp đôi khi rất khó xác định. ""Tất cả đan xen với nhau, thực sự không thể phân biệt rõ ràng. Vì thế rất khó để loại bỏ toàn bộ hệ thống đó"", ông Huang nói. Như Tâm (Theo Channel News Asia, AFP, Reuters)",1,spam
"K sẽ làm, Addie & amp;",0,ham
Thông báo dịch vụ khách hàng.,1,spam
Moby Pub Quiz.win Một giải thưởng đường phố cao £ 100 nếu bạn biết ai là Nữ công tước mới của Cornwall sẽ là ai?,1,spam
"Nhận xăm “chỗ kín” cho thiếu nữ, tái mặt vì thấy điều kinh dị khiến anh thợ muốn hộc máu mồm
Thế mới nói, những chàng thợ xăm là những người “cứng vía” đến nhường nào.
Cứ tò mò mãi sao cô gái này nằng nặc đòi vào chỗ nào kín đáo mới chịu xăm, thanh niên chỉ biết nín lặng mà hộc máu khi vừa vào phòng đã thấy cảnh tượng kinh dị là nàng hồn nhiên… lột hết đồ ra rồi yêu cầu xăm vào nơi “nhạy cảm” đến vậy.
Chị em bây giờ càng ngày càng táo bạo hơn rồi!
Đang xăm mải miết mà cũng run sợ muôn phần bởi “chỗ đó” có thể nổ tung bất cứ lúc nào.
Có ai chỉ tập trung vào mảng xanh huyền bí không?
Phía sau tấm lưng trần thướt tha…
Xăm trên bụng đã phải toát mồ hôi hột rồi…
… vậy mà còn sau hông nữa thì 500 anh em biết phải làm sao?
Thế mới nói, nghề thợ xăm bây giờ “áp lực” quá!
Nhưng dù xăm chỗ bình thường hay nhạy cảm đi chăng nữa,…
… các anh phải hoàn toàn phải bình tĩnh và tập trung cao độ.
Vị trí xăm hình khiến nhiều người xem “đỏ mặt”.",1,spam
Vì sợ ngất xỉu với tất cả những công việc nhà mà bạn vừa làm?,0,ham
"Sáng 11/8, Huynh, 36 tuổi, trú Bắc Ninh, cùng 47 đồng phạm bị TAND tỉnh Nghệ An xét xử về tội Lừa đảo chiếm đoạt tài sản, theo Điều 174 Bộ luật Hình sự. Đây là một trong những phiên tòa có số bị cáo đông nhất tại Nghệ An. Trong 6 bị hại, chỉ một vài người có mặt theo triệu tập của HĐXX. Theo cáo trạng, năm 2022, một người Trung Quốc tên ""Châu Chủng"" thành lập đường dây lừa đảo trên mạng xã hội bằng cách giả danh sàn thương mại điện tử Lazada, đặt trụ sở tại đặc khu ở thành phố Myawaddy, Myanmar, dụ người Việt Nam thực hiện nhiệm vụ tăng tương tác, lượt bán hàng để chiếm đoạt tài sản. Phạm Sỹ Huynh được giao điều hành và quản lý toàn bộ hoạt động của tổ chức. Từ năm 2022 đến 2025, thông qua mạng xã hội, nhiều người Việt Nam được tuyển sang Myanmar làm ""việc nhẹ, lương cao"". Tại đây, họ được Huynh đào tạo kịch bản lừa đảo, phân công công việc theo từng vị trí trong quy trình khép kín. Nhân viên sử dụng tài khoản Facebook, TikTok không chính chủ, xây dựng hình ảnh phụ nữ có ngoại hình ưa nhìn, cuộc sống giàu có, thường xuyên đăng nội dung về công việc và thu nhập để tìm kiếm, kết bạn với những người có điều kiện kinh tế. Khi tạo được lòng tin, nhân viên của đường dây giới thiệu công việc tăng tương tác bán hàng trên sàn thương mại điện tử Lazada, rồi chuyển thông tin về ""con mồi"" cho tổ trưởng, quản lý tiếp tục dẫn dắt, thao túng tâm lý. Nhóm này hướng dẫn ""con mồi"" truy cập đường link, tài khoản sàn thương mại Lazada giả mạo, thực hiện những đơn hàng ảo và chuyển tiền để nhận lại tiền gốc cùng hoa hồng. Sau một số lần hoàn tiền và trả thưởng để tạo lòng tin, chúng yêu cầu nạn nhân chuyển số tiền lớn hơn rồi chiếm đoạt, cắt đứt liên lạc. Đường dây được vận hành như một công ty, các thành viên được đào tạo, cấp thiết bị, họp và đánh giá kết quả hàng tuần. Những người lừa đảo thành công được tuyên dương, trả lương, thưởng và hưởng hoa hồng dựa trên số tiền chiếm đoạt. Theo cơ quan điều tra, với thủ đoạn trên, đường dây đã lừa đảo 6 người, chiếm đoạt hơn 71 tỷ đồng, trong đó có một bị hại mất 41 tỷ đồng. Phiên xử dự kiến kéo dài ba ngày. Đức Hùng",1,spam
Tôi sẽ xem Shrek trong 3D !! B),0,ham
Chiều dài giống nhau nhưng E Top ngắn hơn N Tôi đã có một rìa bây giờ.,0,ham
"Nếu thấy thứ này thò lên ngoài vườn nhà, đừng chạm vào mà hãy chạy nhanh khi còn có thể
Trên đời này, có quá nhiều câu chuyện kỳ lạ và những loài sinh vật nhìn muốn “thót tim” mà chúng ta chưa hề biết đến.
Trên thế giới có muôn vàn loài động thực vật có ngoại hình kỳ lạ, thậm chí là kinh dị. Tuy nhiên, dù từng nhìn qua nhiều loài sinh vật đáng sợ, chắc chắn có người sẽ phát hoảng khi thấy loài thực vật trông giống như một bàn tay quái thai máu me bê bết. Nhưng đừng vội hoảng sợ, bởi thực tế đây chỉ là một loài nấm, có tên gọi là nấm ngón tay quỷ (Clathrus archeri).
Loài nấm này được “bọc” trong một lớp vỏ.
Sau đó, nó sẽ chọc thủng lớp vỏ đó mà chui lên.
Bởi có ngoại hình kinh dị giống bàn tay người, nên loài nấm này có tên nấm ngón tay quỷ (Clathrus archeri).
Loài này thường mọc ở vùng đất ẩm, cao 10cm và rộng 20cm.
Mặc dù không phải là nấm độc nhưng mùi của nó hết sức hôi thối. Mục đích của chúng là dùng thứ mùi kinh dị đó để thu hút ruồi, nhặng, giúp chúng phân tán bào tử",1,spam
Xin chào nếu bạn trông 4 Saucy ban ngày vui vẻ WIV Busty Married Woman AM miễn phí cả tuần tới Trò chuyện ngay bây giờ 2 giờ sắp xếp 09099726429 Janinexx Call,1,spam
Những gì để nghĩ không ai nói rõ ràng.,0,ham
"Tôi hơn 40 tuổi, là mẹ đơn thân của bé trai gần 6 tuổi. Tôi sinh ra ở vùng quê ngoại thành Hà Nội. Do nhà nghèo nên tôi học hết cấp hai đã bắt đầu đi làm. Làng quê tôi tuy là ngoại thành nhưng là làng nghề nên kinh tế khá phát triển. Cách đây gần 10 năm, sau nhiều năm đi làm thuê, tôi bắt đầu tự đứng ra kinh doanh riêng. Do hiểu nghề cùng may mắn, tôi đã có một số thành quả nhất định. Đồng thời, tôi cũng dẫn dắt các anh chị em trong nhà cùng kinh doanh với mình. Thời gian này, tôi gặp bố của con trai tôi. Anh là một trong các mối hàng và đã có gia đình. Do tuổi đã lớn, muốn kiếm một chỗ nương tựa khi về già, tôi đã xin anh một đứa con. Từ khi có bé, công việc của tôi khá thuận lợi. Tôi mua được hai mảnh đất cùng một ngôi nhà có giá trị. Tuy nhiên tai họa bắt đầu từ cuối năm 2024. Vào các buổi tối khi cho con đi ngủ xong, trong lúc nằm buồn lướt điện thoại, tôi bị dính vào lừa đảo đầu tư online. Trong gần một năm, tôi tham gia đầu tư và bị mất rất nhiều tiền. Càng mất càng ham gỡ, tôi như bị bỏ bùa mê, dùng cả tiền hàng, tiền của nhà cung cấp để đầu tư, rồi vay người quen, họ hàng, vay cả xã hội đen. Số tiền mất vì lừa đảo và trả lãi vay lên đến vài chục tỷ đồng. Đến lúc tôi nhận ra mình bị lừa đã muộn mất rồi. Do bị xã hội đen đòi nợ liên tục, cuối năm vừa rồi tôi bỏ nhà đi trốn. Con trai vẫn ở với ông bà ngoại và các bác. Từ một người kinh doanh rất có uy tín trong làng, giờ tôi trở thành người lừa tiền, trốn nợ. Chắc mọi người sẽ hỏi tôi tại sao không bán ba bất động sản để trả nợ. Một miếng đất tôi đã gán nợ cho một chủ nợ, một miếng vẫn thế chấp trong ngân hàng do không có tiền đáo hạn nên sắp bị ngân hàng phát mãi, còn ngôi nhà giá trị nhất tôi có nhờ bán lén khi đi trốn nợ. Tôi hy vọng thu được một phần tiền để làm ăn trả nợ dần, nhưng giờ vẫn chưa nhận được tiền. Hàng đêm tôi không thể ngủ được vì buồn và nhớ con trai. Từ ngày đi trốn, tôi chỉ gặp con được vài lần. Con lại bị tăng động giảm chú ý nên vẫn phải đi học lớp can thiệp. Bố bé có gặp ông bà ngoại để ngỏ ý đón về nuôi nhưng phía nhà tôi không đồng ý. Chuyện chưa dừng ở đây. Trước khi đi trốn, tôi đồng ý bán một mảnh đất cho người trong làng, họ đã chuyển một khoản đặt cọc nhưng do họ không lo được tiền mua nên xin lại cọc. Nếu như bình thường, tôi sẽ trả ngay nhưng do thời điểm đó, tôi như con chong chóng, xoay tiền chỗ này đập chỗ kia nên không trả và bán (thực chất là gán) mảnh đất cho chủ nợ. Trong làng tôi, mọi giao dịch tiền đều rất giản đơn, chỉ nhắn tin, không ký tá giấy tờ đặt cọc gì. Thế nên người mua hụt kia đã làm đơn ra cơ quan công an kiện tôi tội lừa đảo. Mấy ngày gần đây, qua thông tin, tôi đã có giấy triệu tập của cơ quan công an. Giờ tôi chỉ còn một ít tiền để sinh sống qua ngày, không thể lấy tiền đâu ra trả tiền cọc. Anh chị em tôi hiện buôn bán trong làng cũng khó khăn sau sự việc của tôi, bị khách giữ tiền để gán nợ cho các chủ nợ. Tôi đang rất bế tắc, không biết ngày mai sẽ thế nào. Tôi nhớ và thương con trai vô cùng. Thúy Hạnh",1,spam
Né gấp thủ đoạn này: Cảnh báo chiêu trò giả danh nhân viên viễn thông thông báo khóa sim 2 chiều nếu không chuẩn hóa thông tin thuê bao. Đối tượng hướng dẫn làm theo cú pháp để chiếm quyền kiểm soát sim ngân hàng. Cần hết sức cảnh giác để tránh mất tiền.,1,spam
"Ngày 21/8, Công an tỉnh Lâm Đồng cho biết đã khởi tố Phước, 34 tuổi, trú phường Hàm Thắng, để điều tra hành vi Lừa đảo chiếm đoạt tài sản. Theo điều tra ban đầu, Phước làm nghề dịch vụ môi giới bất động sản ở khu vực Bình Thuận cũ. Hai năm trước, một phụ nữ 74 tuổi trú cùng địa phương có nhu cầu tách thửa đất rộng hơn 2.000 m2 nên nhờ anh ta giúp thủ tục. Sau khi nhờ người đo đạc, chỉnh lý thửa đất cũ thành hai thửa mới, người môi giới này nói dối bà không thể cùng lúc đứng tên cả hai sổ đỏ. Phước đề nghị chuyển nhượng tạm một thửa sang tên anh ta để dễ làm thủ tục, cam kết sẽ chuyển nhượng và làm lại tên cho bà sau khi hoàn tất. Tháng 2/2024, vì tin tưởng, cụ bà đã ký hợp đồng chuyển nhượng cho Phước thửa 1.138 m2 và đưa thêm khoảng 20 triệu đồng để anh ta thực hiện hồ sơ. Nhưng sau khi được cấp sổ mới, Phước chỉ giao lại cuốn sổ đứng tên chủ đất cũ. Anh ta lấy cuốn sổ đứng tên mình mang cầm cố, rồi chuyển nhượng luôn cho một người Hà Nội với giá 800 triệu đồng. Khi bị cụ bà đòi lại, Phước đã làm giả cuốn sổ đỏ mang tên bà, rồi trả lại nhằm tạo lòng tin. Thấy bất thường, chủ đất liền trình báo cảnh sát. Phòng Cảnh sát Hình sự cùng các đơn vị nghiệp vụ Công an Lâm Đồng vào cuộc, xác định đây là sổ giả.",1,spam
"[CẢNH BÁO LỪA ĐẢO] Cảnh báo chiêu trò lừa đảo lập trang web, fanpage giả mạo các hãng hàng không bán vé máy bay giá rẻ. Người dân chuyển tiền xong thì không nhận được vé và bị chặn mọi liên lạc. Mọi người tuyệt đối không làm theo!",1,spam
Block Breaker hiện có định dạng Deluxe với các tính năng mới và đồ họa tuyệt vời từ T-Mobile.,1,spam
S'fine.,0,ham
"Tố giác chiêu trò: Cảnh báo chiêu trò lừa đảo lập trang web, fanpage giả mạo các hãng hàng không bán vé máy bay giá rẻ. Người dân chuyển tiền xong thì không nhận được vé và bị chặn mọi liên lạc. Hãy chia sẻ cho người thân cùng biết.",1,spam
Freemsg hi baby wow vừa có một cam moby mới.,1,spam
Bạn sẽ viết bài kiểm tra CCNA trong tuần này ??,0,ham
Trống là trống.,0,ham
Đi ăn tối.msg bạn sau.,0,ham
"Qua văn phòng luật sư tại tỉnh An Huy, Triệu Vy cho biết hôm 13/11, một cổng thông tin đăng nội dung sai sự thật về cô. Bài viết có những câu từ như: ""Triệu Vy và chồng cũ Huỳnh Hữu Long liên quan bí mật với vụ án Xà Trí Giang"", ""Chưa có chứng cứ cho thấy Triệu Vy lừa đảo trên mạng nhưng cô từng là vợ Huỳnh Hữu Long, vợ chồng gắn liền lợi ích, rất khó tách biệt"". Người viết còn ám chỉ Triệu Vy rửa tiền bất hợp pháp. Luật sư của diễn viên cho biết đó là các thông tin ""vô căn cứ, hoàn toàn bịa đặt"", làm tổn thương nghiêm trọng danh dự của Triệu Vy đồng thời gây rắc rối lớn tới tinh thần, đời sống của diễn viên. Phía Triệu Vy yêu cầu công ty sở hữu cổng thông tin xóa bài viết, tăng kiểm duyệt nội dung, tránh sự việc tương tự. Diễn viên sẽ nhờ luật pháp bảo vệ quyền lợi nếu yêu cầu của cô không được giải quyết. Xà Trí Giang bị dẫn độ từ Thái Lan về Trung Quốc hôm 13/11, Bắc Kinh phát lệnh truy nã ông này năm 2012 với cáo buộc điều hành mạng lưới cờ bạc trực tuyến bất hợp pháp. Trùm cờ bạc này bị bắt ở Thái Lan từ tháng 8/2022 theo thông báo đỏ của Interpol. Giai đoạn bị bắt, Xà Trí Giang là người đứng đầu đế chế cờ bạc gồm một khu phức hợp sòng bạc, giải trí và du lịch trị giá 15 tỷ USD mang tên Shwe Kokko, nằm trên biên giới Thái Lan - Myanmar. Triệu Vy từng là minh tinh nổi bật bậc nhất làng giải trí Hoa ngữ, nổi danh qua các phim Hoàn Châu cách cách, Tân dòng sông ly biệt, Họa bì, Đội bóng Thiếu Lâm, Thiên hạ vô song. Cô còn thành công ở vai trò ca sĩ, đạo diễn. Từ năm 2021 đến nay, mọi hoạt động của Triệu Vy ở làng giải trí bị dừng lại. Lần gần nhất minh tinh xuất hiện công khai là tại sự kiện thời trang của hãng Fendi - thương hiệu cô từng làm đại sứ - hồi tháng 7/2021. Tháng 8 cùng năm, toàn bộ phim cô đóng chính bị gỡ khỏi các nền tảng video, tên của diễn viên bị xóa khỏi cổng thông tin các giải thưởng phim ảnh. Các thương hiệu mà Triệu Vy đại diện cũng ẩn hoặc xóa bài viết liên quan cô trên Weibo. Những động thái khiến fan cho rằng minh tinh bị ""phong sát"", nhưng giới chức chưa công bố lý do Triệu Vy bị phạt. Cuối năm 2024, minh tinh cho biết chấm dứt hôn nhân với Huỳnh Hữu Long từ nhiều năm trước, vì thế không liên quan những sự việc liên quan chồng cũ. Theo On, ông Huỳnh Hữu Long vướng nhiều khoản nợ, bị đòi số nợ 700 triệu HKD (hơn 90 triệu USD). Hiện, tổng cộng ông gánh số nợ 1,1 tỷ HKD (141 triệu USD). Trên trang cá nhân những tháng gần đây, Triệu Vy đăng hình du lịch, hành hương các vùng đất Phật giáo. Như Anh (theo Sohu)",1,spam
Ì đang thu thập máy tính xách tay của bạn sau đó sẽ định cấu hình cài đặt izzit?,0,ham
Không sao đâu.,0,ham
Chiều cao của \ oh shit .... !!,0,ham
"Ngày nay, mọi người đang nổi tiếng về cơ hội laxinorfic cho việc vướng vào entropication .... Bạn đã bao giờ xóa bỏ những cuốn sách của bạn cho bộ khuếch đại của FidalFication chưa?",0,ham
"Khoe ảnh đẹp không tỳ vết nhưng Ngọc Trinh khiến người nhìn tá hỏa khi phát hiện ra phần ‘dị dạng’ này!
Không thể đếm được đây là lần thứ bao nhiêu Ngọc Trinh gặp sự cố dở khóc dở cười như thế này!
Ai cũng biết Ngọc Trinh sở hữu các số đo và tỷ lệ thân hình chuẩn. Mỗi khi mặc sexy xuất hiện tại sự kiện thì các khách mời cũng phải lác mắt. Ấy vậy mà đẹp chừng đó vẫn chưa đủ đối với Nữ hoàng nội y, chính vì thế mà cô đã nhiều lần phải nhờ đến photoshop. Tuy nhiên vì quá lạm dụng mà thân hình cô còn bị biến dạng hẳn, nhiều lúc còn bị khuyết cả bộ phận. Mới đây, cô nàng đăng bức ảnh mặc váy đen đẹp miễn chê, gương mặt trong sáng như thiên thần. Tuy nhiên lúc nhìn xuống phía dưới thì ai cũng toá hoả vì Ngọc Trinh bị mất luôn 1 bên chân! Trước đó người đẹp này đã từng muối mặt vì vướng sự cố tương tự.
Đây chính là bức ảnh có vấn đề của Ngọc Trinh. Một chiếc chân đã không cánh mà bay
Nhiều người đã phát hiện ra lỗi photoshop này
Trong cùng bộ ảnh mà Nữ hoàng nội y đăng, cô đẹp long lanh không tì vết
Nhìn người đẹp Trà Vinh thế này ai chẳng thích ngắm
Một trong những bức ảnh không bị photoshop làm mất bộ phận của Ngọc Trinh
Trước đó, Nữ hoàng nội y nhiều lần bị soi mất chân vì chỉnh ảnh quá đà
Một lần khác chiếc chân bỗng biến mất khó hiểu
Không chỉ chân, Ngọc Trinh còn nhiều lần bị bắt lỗi photoshop khác nhau",1,spam
"Cơ quan Cảnh sát điều tra Công an TP Hải Phòng vừa tạm giam Trần Quốc Bảo (28 tuổi, trú Hưng Yên) và Lê Văn Kiên (23 tuổi, trú Thanh Hóa) để điều tra hành vi lừa đảo chiếm đoạt tài sản. Theo cơ quan điều tra, từ tháng 3/2026, Bảo và Kiên góp tiền mua thiết bị GSM Gateway, SIM điện thoại, dựng lên một hệ thống gọi điện qua Internet rồi cho người khác thuê lại. Bảo lo phần kỹ thuật, vận hành hệ thống; Kiên phụ trách tìm khách. Giá thuê chỉ 1.400-1.800 đồng mỗi phút gọi. Hệ thống này là cho phép người thuê dùng ứng dụng gọi điện qua Internet trên điện thoại, trong khi số hiển thị với người nghe máy lại là số thuê bao thật được lắp sẵn trên các thiết bị GSM - một cách ""ngụy trang"" khiến nạn nhân khó lòng nghi ngờ. Đến giữa tháng 5/2026, Bảo và Kiên phát hiện có khách thuê sử dụng hệ thống để thực hiện các cuộc gọi có dấu hiệu lừa đảo. Tuy nhiên, vì lợi nhuận, cả hai vẫn nhắm mắt làm ngơ, tiếp tục cho thuê dịch vụ. Hậu quả, ngày 6/8/2026, một người thuê hệ thống đã gọi điện cho một cụ bà 76 tuổi, trú Hưng Yên), giả danh công an để lừa đảo, chiếm đoạt 60 triệu đồng. Từ dữ liệu trích xuất trên hệ thống của Bảo và Kiên, cơ quan công an đã có căn cứ để làm rõ vụ việc. Lê Tân",1,spam
Yay!,0,ham
Bugis oso gần wat ...,0,ham
"Abeg, kiếm lợi nhuận.",0,ham
Gặp bạn trong tập đoàn St bên ngoài Gap ‰_ Bạn có thể thấy tâm trí của tôi hoạt động như thế nào!,0,ham
Chào mừng bạn đến với Anh-Mobile-Date MSG này miễn phí cho bạn gọi điện miễn phí đến 08719839835. MGS trong tương lai được lập hóa đơn ở mức 150p mỗi ngày.,1,spam
"Tất cả những người cuối cùng từ Stereophonics, Marley, Dizzee Racal, Libertines và The Strokes!",1,spam
Tôi đã cho bạn bao nhiêu.,0,ham
"Cảnh báo chiêu trò lừa đảo lập trang web, fanpage giả mạo các hãng hàng không bán vé máy bay giá rẻ. Người dân chuyển tiền xong thì không nhận được vé và bị chặn mọi liên lạc. Nạn nhân nên trình báo cơ quan công an gần nhất.",1,spam
"Âm thanh gd ... haha ... có thể ... wah, u yan jiu quá nhanh ...",0,ham
"Là một trong những người đăng ký đã đăng ký của chúng tôi, bạn có thể nhập bản vẽ 4 A 100 G.B.",1,spam
"Bà cụ 92 vẫn mang thai, tá hỏa đưa đi khám mới phát hiện sự thật động trời sau 50 năm
(Blogtamsu)  - Ai cũng phải kinh ngạc khi biết nguyên nhân bà cụ 92 tuổi vẫn có thể mang thai.

Cộng đồng my nguyen 27-08-2017

Thực tế, hiếm có cụ bà nào ở ngưỡng tuổi gần đất xa trời lại có thể mang thai. Ấy vậy mà trường hợp một cụ bà dù đã 92 tuổi vẫn có kết quả siêu âm mang thai khiến bác sĩ cũng phải kinh ngạc.

Cụ bà Estela Melendez, 92 tuổi sinh sống một thị trấn nhỏ thuộc vùng La Boca, Chile cho biết bà bị ngã nên đã đến bệnh viện chụp X-quang, siêu âm và kiểm tra sức khỏe. Tuy nhiên, kết quả kiểm tra khiến ai cũng phải kinh ngạc vì bác sĩ phát hiện trong bụng bà Estela Melenadez có một bào thai kì lạ.


Cụ bà 92 tuổi mang bào thai sống trong bụng hơn 50 năm khiến ai cũng kinh ngạc.

Xem Thêm:

Bộ ảnh biếm họa về cuộc sống khiến dân mạng đau đầu giải nghĩa nhưng ai cũng muốn xem

Bà Estela cho biết trước đây bản thân bị một khối u nhỏ trong bụng. Do biết là u lành tính không gây nguy hiểm đến sức khỏe nên bà cũng không đi phẫu thuật trong mấy chục năm qua. Nhưng bà chưa bao giờ biết rằng bản thân mang thai.

Điều kì lạ là, thai nhi bị vôi hóa nằm trong tử cung của bà hơn 60 năm không hề gây nguy hiểm đến sức khỏe của bà cụ. Thông tin này thật sự là một cú sốc với cụ Melendez. Chồng cụ Melendez đã mất cách đây mấy chục năm. Điều đau buồn nhất là hai vợ chồng cụ đã bên nhau nửa quãng đời nhưng lại chẳng thể có được nổi một đứa con.

Cứ nghĩ rằng họ không thể con con nên sau khi cụ ông qua đời bà Melendez cũng cứ ở vậy cho đến khi phát hiện bản thân mang thai trong hơn 60 năm. Cụ bà tin rằng đó là món quà cụ ông dành tặng cho bà trước khi qua đời, là sinh mệnh sống với bà hàng chục năm qua nên bà không muốn phải phẫu thuật loại bỏ bào thai này.


Bà cụ không muốn bỏ bào thai vì vẫn tin tưởng đó là món qua chồng bà tặng bà trong mấy chục năm qua.

Nguyện vọng của cụ bà cũng được các bác sĩ chấp thuận bởi trường hợp phẫu thuật loại bỏ thai nhi cho bà cụ hơn 90 tuổi sẽ gặp nguy hiểm cao hơn là họ không làm gì. Dù sao, bào thai này cũng không gây nguy hiểm đến tính mạng hay sức khỏe của cụ bà.

Xem Thêm:

Từng ép bạn gái đi phá thai, chàng trai không ngờ 10 năm sau mình phải nhận quả báo đau đớn thế này

Nguồn: Liekr


Nghi Ân/Theo Thethaovaxaohoi.vn",1,spam
Xin chúc mừng - Cảm ơn một người bạn tốt mà bạn đã giành được giải thưởng Xmas 2.000 bảng.,1,spam
Freemsg: Feelin kinda lnly hy vọng bạn thích 2 giữ cho tôi công ty!,1,spam
Video XXX PicsFree1 tuyệt vời tiếp theo của bạn sẽ được gửi cho bạn thích!,1,spam
Nói với cô ấy tôi đã nói ăn shit.,0,ham
R Ì_ sẽ đi 4 cuộc họp hôm nay?,0,ham
"Aiyo ... bài học của cô ấy quá sớm ... tôi vẫn ngủ, haha ... okie, bạn về nhà liao den xác nhận w me lor ...",0,ham
"Bạn có một người ngưỡng mộ bí mật, người đang tìm kiếm 2 người liên lạc với U-Find ra ai mà họ đã tiết lộ ai nghĩ rằng bạn rất đặc biệt gọi vào ngày 09065171142",1,spam
"Người đàn ông bị “ma dắt đi chơi” cho tới chết ở Quảng Nam?
3h sáng, khi anh H. đang ngủ thì có một luồng sáng rọi vào mặt khiến anh tỉnh giấc. Vừa mở mắt ra, anh thấy ba người đàn ông mặc quần áo trắng toát đứng sẵn từ bao giờ.
Họ không ngừng gọi tên anh. Trong “cơn mê”, anh H. mặc áo, đội mũ và đi theo họ…Đến chiều tối cùng ngày, anh mới trở về nhà. Tuy nhiên, không lâu sau đó thì anh tử vong.
Ly kỳ lời kể của nạn nhân trước khi chết
Sáng 5/11, đường dây nóng của báo ĐS&PL liên tục nhận được những cuộc điện thoại của người dân ở khu vực thôn Xuân Phú (xã Quế Xuân 1, huyện Quế Sơn, tỉnh Quảng Nam) về| sự việc “ma bắt” người đi…chết. Từ đầu dây bên kia nhiều bạn đọc không giấu được sự hoang mang, lo sợ. Thậm chí, vài người còn có ý định nếu không tìm ra thực hư của sự việc này, họ đành phải bỏ quê đi làm ăn xa để lánh nạn.
Ngay sau khi nhận được thông tin, PV đã lập tức có mặt tại “điểm nóng”, để tìm hiểu sự việc. Đúng như sự miêu tả của người dân thôn Xuân Phú, chỉ mới đặt chân đến thị trấn Nạm Phước (huyện Duy Xuyên, tỉnh Quảng Nam) PV đã nghe người dân râm ran bàn tán về sự việc anh Nguyễn Ngọc H. (SN 1972, thôn Xuân Phú, xã Quế Sơn, tỉnh Quảng Nam) bị “ma bắt” lúc nửa đêm.
Một người bán tạp hóa ở đây tỏ vẻ tường tận mọi chuyện cho biết: “Ở quê mà, những chuyện dữ như thế này thì truyền đi nhanh lắm. Anh H. ở thôn Xuân Phú nửa đêm bị “ma dẫn” đi “giấu” nguyên một ngày. Sau đó ổng bị ma “bắt hồn” rồi mới thả về nhà. Bởi rứa mà khi ổng chết, bác sĩ mới không tìm ra được nguyên nhân? Chuyện xảy ra cách đây gần tuần rồi nhưng ai cũng bàn tán, lo sợ”.
Trước những lời khẳng định của chị chủ quán nước, PV ậm ừ cho qua chuyện rồi lên xe đến thẳng thôn Xuân Phú (xã Quế Xuân 1), Một không khí ảm đạm đang bao trùm lấy cả làng. Thấy bóng người lạ, những đám đông đang bàn tán xôn xao vội vàng tản đi nơi khác. Vẻ thất thần, lo lắng hiện rõ trên gương mặt họ. Trao đổi với PV, ông Nguyễn Bảy, Trưởng thôn Xuân Phú kể, vào khoảng sáng ngày 23/10, người nhà anh H. phát hiện anh không có mặt ở nhà. Sau khi nghe tin, hàng chục người thân và hàng xóm đã chia nhau ra tìm kiếm. Đến 21h cùng ngày, ba thanh niên ” trong thôn phát hiện anh H. đang đứng trên ngôi mộ tộc Đoàn, ở khu vực núi Vàng (thôn Dưỡng Xuân).
Anh Nguyễn Văn Đ. (trú tại thôn Xuân Phú), hàng xóm của anh H. kể: “Trong thời gian đó, chúng tôi có đi tìm qua khu vực này, nhưng không hề thấy anh H. Anh H. cũng khẳng định rằng, anh có nghe tiếng loa phát thanh và tiếng gọi của mọi ngườii, nhưng không sao trả lời được. Mãi đến 21h, chúng tôi chia nhau đi tìm một lần nữa thì mới thấy anh đứng trên một ngôi mộ và đưa anh về nhà”.
“Về đến nhà, anh H. kể lại với người thân và hàng xóm rằng, khi anh đang ngủ thì có luồng ánh sáng rọi vào mặt khiến anh tỉnh giấc. Khi mở mắt ra thì thấy ba người đàn ông mặc đồ trắng đã đứng sẵn đó và rủ anh đi chơi. Họ đưa anh đến khu vục miếu Bà trên núi Vàng. Một lúc sau thì cả ba kéo anh xuông bàu Vàng (dưới chân miếu Bà) và dìm anh xuống nước rồi kéo lên. Cứ thế, họ thi nhau “chơi” với anh suốt một ngày trời, cho đến khi anh lả đi vì kiệt sức. Đến chiều tối, họ mới tha cho anh và đưa anh lên “treo” trên một ngôi mộ cách miếu Bà không xa”,anh Đ. kể thêm.
Về nhà chưa đầy 24 giờ đồng hồ, anh H. bắt đầu có dấu hiệu mệt mỏi, kiệt sức. Gia đình đưa anh đến bệnh viện Đa khoa Vĩnh Đức (H. Điện Bàn) kiểm tra sức khỏe. Do bệnh nặng, đến 21 giờ anh Hải được chuyển ra Bệnh viện Đà Nẵng điều trị, nhưng đến 23 giờ cùng ngày anh tử vong.
Không phải trường hợp đầu tiên?
Sau cái chết của anh H., nhiều người dân địa phương không khỏi bàng hoàng, lo sợ. Họ cho rằng, chính việc anh H. bị “ma dẫn đi chơi” là nguyên nhân khiến anh tử vong. Chị Trần Thị Ngọc B. (trú thôn Xuân Phú) kể: “Nghe anh H. chết, ai cũng đồn là ảnh bị “ma” bắt hồn. Tôi còn nghe nói, vì bị “ma” bắt nên khi chết nội tạng của anh H. nát hết, không chụp phim, siêu âm gì được”!? Ông Trần D. (trú thôn Bà Rén, xã Quế Châu, huyện Quế Sơn)s mặc dù không phải là người dân địa phương, nhưng vẫn quả quyết với PV: “Chính thằng H. cũng thừa nhận với bà con chòm xóm là bị “ma” bắt đi chơi mà. Trước đây cũng có một “ca” giống như thế này rồi nên tôi biết. “Ma” mà “chấm” ai thì khó mà thoát”(?).
Theo lời kể của ông D., cách đây gần một năm, anh Nguyễn Công L. (SN 1969, trú thôn Xuân Phú) cũng bị “ma” bắt và lấy mạng. Trường hợp của anh L. cũng tương tự anh H., khoảng 3h sáng ngày 11/10/2013, gia đình phát hiện anh L. bỗng dưng biến mất. Nghi có chuyện chẳng lành nên gia đình và hàng xóm chia nhau đi tìm anh khắp nơi. Tuy nhiên, nhiều ngày trôi qua họ vẫn không thấy anh L. đâu. Quá lo lắng cho con, bà Đồng Thị T. (SN 1941), mẹ anh L. đi xem bói thì được thầy phán rằng:
“Cứ theo hướng miếu Bà, sớm muộn gì cũng tìm thấy nó thôi”. Bán tín bán nghi, nhưng vì thương con nên bà T. cũng nghe theo. Suốt hai tháng trời bà đi tìm quanh khu vục miếu Bà. Mãi đến đầu tháng 12/2013, bà T. mới tìm được con. Tuy nhiên, anh L. đã chết trước đó khá ỉâu. Xác của anh nổi tại bàu Trảy trong tình trạng đã bị phân hủy.
Sau hai cái chết bất thường của anh L. và anh H., người dân địa phương còn kháo nhau về lời phán của thầy bói, rằng sau anh L., anh H. sẽ có ba người nữa bị “ma bắt” theo cách tương tự. Chính vì thế, sự hoang mang, lo lắng trong người dân tăng lên gấp bội.
Đi tìm lời giải
Trước những thông tin về sự việc anh H. bị “ma” bắt đi chết cùng lời đồn thổi khiến người dân thôn Xuân Phú vô cùng hoảng sợ, PV tìm đến bệnh viện Đa khoa Vĩnh Đức để tìm hiểu nguyên nhân cái chết của anh H.. Trao đổi với PV, bác sỹ Trần Công Ân, Giám đốc bệnh viện Đa khoa Vĩnh Đức cho biết, bệnh nhân H. nhập viện trong tình trạng suy đa phủ tạng, tim đập nhanh, trụy mạch. Bệnh viện đã tích cực cấp cứu và khẩn trương làm các bước xét nghiệm, siêu âm, chụp X-quang. Kết quả xét nghiệm chỉ số bạch cầu cao gấp đôi bình thường, chứng tỏ anh H. bị nhiễm trùng huyết rất nặng, nguy cơ tử vong cao., Ngay khi có kết quả hội chẩn, bệnh viện khuyên gia đình chuyển bệnh nhân lên tuyến trên, nhưng gia đình chần chừ. Đến 21h, anh H. mói được chuyển ra bệnh viện Đà Nẵng nhưng đã quá muộn.
Theo tìm hiểu của PV, đích thân bác sỹ Ân là người khám cho anh H. và chỉ đạo hội chẩn. Người nhà anh H. cho biết, tình trạng trước khi anh H. vào viện là tiêu chảy, ói mửa, sốt cao. Tuy nhiên, do điều trị không đúng cách, dẫn đến bệnh nặng thêm và vi trùng xâm nhiễm vào máu. Giải thích về hiện tượng anh H. cho rằng mình bị “ma bắt”, bác sỹ Ân cho biết, anh H. đang mang bệnh tâm thần, ngày hôm đó anh lại bị sốt cao nên dẫn đến loạn thần. Chính vì vậy, anh H. đã bị hoang tưởng, ảo giác và không điều khiển được hành vi.
Anh H. tử vong vì bệnh lí nhiễm trùng huyết Trao đổi với PV, ông Trương Trung Thành, Chủ tích UBND xã Quế Xuân 1 cho biết:” Việc người dân đồn thổi và hoang mang việc “ma bắt” anh Nguyễn Ngọc H (SN 1972, thôn Xuân Phú) là có thật. Tuy nhiên, theo hồ sơ bệnh án thì anh H tử vong vì bệnh lí nhiễm trùng huyết chứ hoàn toàn không phải là do “ma bắt” đi chết. Chính quyền địa phương đã chỉ đạo cán bộ thôn, tổ giải thích, trấn an tư tưởng cho người thân. Trong thời gian tới, xã sẽ tiếp tục tuyên truyền, giải thích để yên lòng nhân dân. Về phía người dân không nên suy diễn hay nghe những thông tin thiếu cơ sở khoa học mà hoang mang và gây mất ổn định an ninh trật tự tại địa phương",1,spam
87077: Khởi động một mùa giải mới với mục tiêu và tin tức miễn phí 2WK cho điện thoại di động của bạn!,1,spam
Có thể ... tôi rảnh ...,0,ham
"Tình yêu không phải là một quyết định, đó là một cảm giác.",0,ham
"Ngày 15/7, Trần Khánh Huyền, 25 tuổi, trú Hải Phòng, cựu nhân viên Ngân hàng thương mại cổ phần Á Châu (ACB), bị TAND Hà Nội tuyên 30 tháng tù cho hưởng án treo về tội Cố ý làm lộ bí mật công tác. Cùng vụ án, Nguyễn Đình Chế, 24 tuổi, trú Bắc Ninh, bị tuyên 11 năm tù về các tội Lừa đảo chiếm đoạt tài sản và Làm giả con dấu, tài liệu của cơ quan, tổ chức; Lê Công Tuấn, 38 tuổi, trú Hà Nội, 30 tháng tù về tội Làm giả con dấu, tài liệu của cơ quan, tổ chức. Vụ án khởi nguồn khi Chế nảy sinh ý định làm séc giả để rút tiền trong tài khoản ngân hàng của một số công ty. Cuối năm 2023, Chế quen Huyền qua Zalo, khi này Huyền là nhân viên Ngân hàng ACB, Phòng giao dịch Quán Toan, TP Hải Phòng. Chế hứa hẹn giới thiệu khách cho Huyền và nhờ Huyền cung cấp các thông tin số dư tài khoản, mẫu chữ ký và mẫu con dấu của khoảng 10 công ty. Theo quy định bảo mật của ngân hàng, nhân viên không được cung cấp thông tin khách hàng cho người khác. Cáo trạng nêu, do tin tưởng Chế sẽ giới thiệu khách hàng, Huyền truy cập vào phần mềm nội bộ để thu thập thông tin và gửi hình ảnh. Có được thông tin này, tháng 2/2024, Chế đặt mua 4 con dấu tròn và 4 dấu chức danh giám đốc của 4 công ty trong danh sách Huyền cung cấp. Sau đó, Chế vào mạng Internet và tải mẫu ""Giấy đề nghị cung ứng séc"" của ngân hàng, điền thông tin các công ty đề nghị cung ứng séc, ký tên giám đốc, điền tên Nguyễn Đình Chế vào phần ""Người được ủy nhiệm nhận séc"". Ngày 27/2/2024, Chế từ nhà ở tỉnh Bắc Ninh lên Hà Nội, nhận các con dấu giả; gọi điện nhờ Huyền kiểm tra số dư tài khoản của 4 công ty vừa làm giả con dấu và biết tài khoản một công ty không có tiền. Chế do đó chỉ đóng dấu giám đốc lên 3 giấy đề nghị cung ứng séc và đến chi nhánh ACB Thanh Xuân rút được 702,5 triệu đồng. Sau khi được Huyền báo tin tài khoản của ngân hàng còn lại đã có tiền, Chế dùng nốt con dấu thứ 4, tạo giấy đề nghị cung ứng séc giả và rút thêm được 95 triệu đồng. Khi Huyền tiếp tục báo tin tài khoản của hai công ty khác có tiền, Chế lại đặt làm giả các con dấu, đóng lên các giấy ủy nhiệm chi giả để rút tiền. Song do mất CCCD, không thể tự mình đến ngân hàng thực hiện thủ tục, Chế thuê Tuấn giả làm nhân viên của hai doanh nghiệp trên, tiền công một triệu đồng. Nhà chức trách cáo buộc Chế đã chiếm đoạt được thêm 265 triệu đồng, nâng tổng tiền của 6 công ty là hơn một tỷ đồng. Bị cáo đã trả lại 792 triệu đồng. Hải Thư",1,spam
"Rất tiếc, tôi sẽ cho bạn biết khi bạn cùng phòng của tôi xong",0,ham
Bạn là cô gái xấu.,0,ham
Bóng đá tưởng tượng đã trở lại trên TV của bạn.,1,spam
Câu lạc bộ di động: Chọn bất kỳ mặt hàng chất lượng hàng đầu nào cho điện thoại di động của bạn.,1,spam
BlackBerry Bold2 ở Nigeria là bao nhiêu.,0,ham
Bạn không thể thuyết phục anh ta rằng không thể xảy ra mà không làm tổn thương cảm giác của anh ta là chính,0,ham
"YÊU RÂU XANH (P51): Câu chuyện động trời sau tấm ri đô mỏng
Sau khi vụ án xảy ra, tất cả mọi người đều không dám tin Thắng lại làm được cái việc đồi bại là hiếp dâm cả con đẻ.

YÊU RÂU XANH (P51): Câu chuyện động trời sau tấm ri đô mỏng - Hình 1
Dù bị bố đẻ hãm hiếp nhiều lần nhưng N không dám nói sự thật. (Ảnh minh họa)

Từ câu chuyện sau tấm ri đô

Gia đình bà H thuộc diện nghèo khó ở TP. Hải Phòng. Vợ chồng bà H có tới 8 người con (6 gái, 2 trai). Người con trai cả không may bị bệnh mất sớm nên chỉ còn lại Bùi Ngọc Thắng (34 tuổi) nhưng Thắng lại chẳng lo làm ăn, chỉ chăm cờ bạc rượu chè. Chẳng chịu nổi người chồng như vậy, vợ thắng đã ly dị rồi đưa con gái về nhà ngoại ở Phú Thọ. Sau đó, Thắng lại lên xin đón con về ở cùng.

Nhìn thấy con cái không yên ấm, bà H đau như xé lòng nhưng cũng chẳng biết làm gì bởi kể từ khi bố chết, Thắng càng tỏ ra bất trị, phớt lờ sự tồn tại của bà H. Tuy vậy, cuộc sống vốn lam lũ của bà H sẽ chẳng có mấy xáo trộn nếu không xảy ra một vụ việc điếng người như sau.

YÊU RÂU XANH (P51): Câu chuyện động trời sau tấm ri đô mỏng - Hình 2

Căn gác xép nơi N nhiều lần bị bố dở trò đồi bại

Đoàn Văn Sức (36 tuổi) vố là chỗ quen biết với gia đình Thắng, lại nhận làm chị em kết nghĩa với chị gái Thắng và thường lui đến ăn ngủ tại nhà chị gái Thắng. Mỗi lần như vậy, do cùng có máu rượu chè nên Sức và Thắng đều chén chú chén anh đến say khướt. Ngày 14/10/2011, như những lần trước đó, Sức lại mò đến nhà Thắng. Tuy nhiên, hôm đó Thắng và bà H đều đi vắng và chỉ có bé N đang học bài trên gác xép. Thú tính nổi lên và Sức đã mò lên gác hãm hiếp cháu N.

Đúng lúc đó, một người hàng xóm nhà bà H sang chơi, qua tấm ri đô mỏng, người này đã phát hiện hành vi đồi bại của Sức. Bị bắt quả tang, Sức đã bỏ trốn nhưng đến ngày 18/10 thì bị công an bắt. Kẻ vô nhân tính này đã khai nhận, trước đó y từng hãm hiếp cháu N và mỗi lần như vậy lại cho cháu tiền và dặn không được nói với ai.

Và sự thật động trời của người cha mất nhân tính

Trước vụ việc trên, bà H đã ngất lên ngất xuống vì thương cháu gái của mình nhưng bà chẳng ngờ được rằng mọi việc chưa dừng lại. Tại cơ quan CA, cháu N cho biết, không riêng gì Sức, mà chính bố đẻ của cháu cũng thực hiện hành vi đồi bại với cháu trong những lần ngủ cùng. Công an lập tức bắt giữ người bố mất nhân tính này và hắn đã thừa nhận tất cả tội lỗi của mình.

YÊU RÂU XANH (P51): Câu chuyện động trời sau tấm ri đô mỏng - Hình 3

Chân dung kẻ làm cha mất nhân tính

Nhắc đến sự việc vừa đắng lòng xảy ra với cháu N, bà H chỉ biết khóc. Bà H cho biết, Thắng và vợ ly dị đã mấy năm. Trước đây, cháu N ở với mẹ tại Phú Thọ. Thế nhưng, hai năm nay Thắng lên đưa cháu N về Hải Phòng ở với mình. Thắng vốn là kẻ không nghề nghiệp, thỉnh thoảng mới đi phụ hồ còn lại là sống nhờ vào các chị gái.

Bà H còn cho biết, hễ rượu say vào là Thắng không biết trời đất, chửi mắng bà thậm tệ rồi quay sang hành hạ con gái. Tuy vậy, vì thắng hay mua quà nên cháu N lại rất quấn bố. Cháu N vẫn ngủ cùng bố trên gác xép còn bà H ngủ dưới nhà.

“Những chuyện xảy ra với cháu thật tình tôi không biết. Tại tôi già lẩm cẩm rồi và cũng không nghĩ có chuyện đó. Cũng đã mấy lần tôi bảo với cháu là cháu lớn rồi, xuống ngủ với bà nhưng cháu ít khi ngủ với tôi lắm. Cứ nghĩ con bé phải xa mẹ cũng thương cháu nên thấy cháu gần gũi với bố tôi cũng không nghĩ gì. Ai nghĩ bố nó lại làm cả chuyện đó với con bé”. Bà H nói.

Theo xahoi",1,spam
"Theo kết luận điều tra Công an thành phố Hà Nội vừa ban hành, năm 2018, Phó Đức Nam sang Thổ Nhĩ Kỳ học cách thành lập hàng loạt trang web về giao dịch ngoại hối, chứng khoán quốc tế. Khi về nước, anh ta thuê văn phòng, nhân viên để bắt đầu chuỗi 738 vụ lừa đảo, tổng hơn 1.300 tỷ đồng. Trong vụ án đặc biệt nghiêm trọng này, Nam bị đề nghị truy tố về tội Lừa đảo chiếm đoạt tài sản và Rửa tiền; Lê Khắc Ngọ, 36 tuổi (tức Mr Hunter) và 65 người khác bị cáo buộc Lừa đảo chiếm đoạt tài sản. Shark Nguyễn Hòa Bình và nhiều người thân của Nam nằm trong nhóm bị cáo buộc Rửa tiền hoặc Trốn thuế, Tiêu thụ tài sản do người khác phạm tội mà có. Chia tầng vận hành trong cỗ máy lừa đảo Hồ sơ vụ án cho thấy, hệ thống lừa đảo của Mr Pips và đồng phạm vận hành nhiều tầng, khép kín, từ quảng cáo, dẫn dụ đến kiểm soát rút tiền, khiến nạn nhân bị cuốn sâu và khó thoát khỏi vòng vây. Tại Việt Nam, Nam thành lập 85 công ty ""ma"" và mở 69 tài khoản ngân hàng để gắn với sàn giao dịch nhận tiền của bị hại. Anh cũng cho thuê 41 văn phòng tại TP HCM, Bình Dương, Đà Nẵng và Hà Nội cho nhân viên bộ phận kinh doanh và chăm sóc khách hàng hoạt động phạm tội. Để bọc lót cho nhau, Nam thành lập 7 bộ phận với các cơ cấu, tổ chức, nhiệm vụ đặc thù. Đó là bộ phận kỹ thuật vận hành trang mạng, marketing, kế toán - tài vụ, kinh doanh, chăm sóc khách hàng, support, an ninh - pháp chế. Ngoài ra còn có tổ tư vấn do hai cán bộ công an giúp sức và Nam trực tiếp cùng tham gia. Bộ phận kỹ thuật vận hành trang mạng do Isik Uran (người Thổ Nhĩ Kỳ) trực tiếp quản lý, chịu trách nhiệm vận hành các trang web đầu tư chứng khoán đã được lập trình và tích hợp tự động trên nền tảng phần mềm MT4, MTS. Bộ phận này làm việc ở Thổ Nhĩ Kỳ, giao tiếp bằng tiếng Anh, sử dụng tên tài khoản Telegram bằng tiếng Anh. Bộ phận kế toán - tài vụ cũng làm việc tại nước này, do Isik Uran quản lý chung và Vương Phương Anh phụ trách trực tiếp. Bộ phận này sẽ mở tài khoản tại các công ty trung gian thanh toán để nhận tiền của các bị hại. Sau đó quản lý tiền chiếm đoạt được và thực hiện việc chi trả tiền cho toàn bộ hoạt động của hệ thống như tiền lương, thưởng cho nhân viên, thuê văn phòng, quảng cáo, máy chủ Zoiper, đầu số điện thoại. Đây cũng là bộ phận chi tiền ăn chia theo thỏa thuận cho Uran, Nam, Ngọ. Bộ phận marketing do Đặng Hoàng Liên Anh làm trưởng, đặt văn phòng làm việc tại TP HCM. Marketing có nhiệm vụ thuê dịch vụ trên các ứng dụng mạng xã hội Facebook để đăng bài quảng cáo về sàn giao dịch; đăng ký thành lập công ty để ký hợp đồng thuê văn phòng; ký hợp đồng thuê máy chủ Zoiper. Bộ phận này cũng đứng ra thuê đầu số điện thoại dùng để kích hoạt tài khoản trên ứng dụng Zoiper cho nhân viên gọi điện mời chào khách hàng. Một công việc khác của marketing là mở tài khoản ngân hàng để nhận tiền của bị hại, thu thập dữ liệu khách hàng để chuyển cho sales; tuyển dụng nhân viên cho văn phòng; tổng hợp lương, thưởng trên toàn hệ thống. Bộ phận kinh doanh gồm hệ thống các văn phòng được Nam giao cho Ngọ và một người khác phát triển, trực tiếp quản lý. Trong đó, cơ cấu tổ chức gồm quản lý vùng, văn phòng, trưởng phòng, nhóm và cuối cùng là nhân viên sales. Tại mỗi văn phòng làm việc đều có nhân viên hành chính phục vụ việc chấm công, đặt cơm, mua văn phòng phẩm, nhận danh sách đầu số điện thoại để kích hoạt tài khoản Zoiper. Nhân viên IT thì hỗ trợ cài wifi, máy tính, xử lý vấn đề mạng. Tổng cộng có 33 văn phòng hoạt động kinh doanh tại Hà Nội, Đà Nẵng, TP HCM và Bình Dương. Bộ phận chăm sóc khách hàng thời gian đầu Nam trực tiếp quản lý, sau đó giao cho người khác. Đây là một trong hai bộ phận (cùng với Kinh doanh) được xem là quan trọng nhất, đóng vai trò then chốt trong sơ đồ tổ chức phạm tội của Mr Pips. Nhân viên chăm sóc khách hàng có nhiệm vụ tiếp nhận thông tin bị hại từ văn phòng kinh doanh. Sau đó liên lạc tự xưng là chuyên gia đầu tư chứng khoán, hỗ trợ ""con mồi"" trong quá trình đầu tư. Sau đó, chúng tiếp tục dụ dỗ bị hại chuyển tiền với số lượng lớn và tư vấn, đưa lệnh mua bán cho đến khi thua lỗ hết tiền. Nhóm này ngồi tại TP HCM cho đến tháng 6/2023. Sau khi cánh tay đắc lực bị bắt, Nam chuyển hết văn phòng cùng 2 nhóm nhân viên của bộ phận này sang Campuchia và trực tiếp phụ trách. Nhà đầu tư có thể rút được tiền Bộ phận Support chịu trách nhiệm nhận thông tin khách nạp tiền từ kinh doanh hoặc chăm sóc khách hàng rồi chuyển cho nhân viên quản trị sàn để nhập số tiền vào tài khoản của khách trên trang web; đồng thời chuyển tiếp hóa đơn chuyển tiền và số tài khoản MT4/MT5 của bị hại cho nhân viên cổng trung gian thanh toán để xác nhận đây là số tiền khách nạp vào sàn. Support cũng kiểm tra chéo để xem việc khách đặt lệnh rút tiền có hợp lệ hay không. Theo quy định thì khách hàng chỉ thực hiện được đặt lệnh rút khi đủ lượng giao dịch trên sàn. Số tiền rút không phải là tiền bonus, tài khoản không phát sinh các khoản tăng đột biến do lỗi hệ thống. Trường hợp khách rút tiền số lượng lớn, bộ phận này sẽ kiểm tra xem giao dịch có hợp lệ không, tiền lãi kiếm được có bất thường không. Nếu hợp lệ, Support sẽ báo với sàn để đồng ý cho khách rút, còn không sẽ gửi email từ chối. Tuy nhiên, hợp lệ rồi nhưng số tiền rút lớn thì nhóm này vẫn bàn nhau để tìm cách thuyết phục khách thay đổi ý định. Nếu khách không hủy lệnh rút thì giao dịch vẫn buộc phải thực hiện. Cuối cùng là bộ phận an ninh - pháp chế hoạt động tại miền Bắc và Nam, có nhiệm vụ quản lý nhân viên bảo vệ tại các văn phòng. Mỗi văn phòng làm việc có một nhân viên bảo vệ ngồi túc trực để phát hiện người lạ mặt, không cho lên văn phòng. Nhân viên an ninh thì dằn mặt các nhân viên mới đến làm và nhân viên khi nghỉ việc để không được tiết lộ thông tin, hoạt động của công ty; không được cung cấp thông tin khách hàng cho người khác. >> Danh sách 75 bị can Theo cáo buộc, năm 2018, Nam quen Isik Uran (người Thổ Nhĩ Kỳ) và cùng bàn việc lập các website giao dịch ngoại hối, chứng khoán quốc tế, kết nối ứng dụng MT4, MT5, đặt tên giống sàn nước ngoài. Tuy nhiên, các trang này thực chất không kết nối thị trường quốc tế. Để thực hiện, Nam cùng một người sang Thổ Nhĩ Kỳ học mô hình hoạt động, sau đó về Việt Nam thuê văn phòng, tuyển nhân viên, lập nhiều công ty bình phong để quảng cáo, thu hút nhà đầu tư forex, chứng khoán. Dù không được cấp phép, Nam và đồng phạm vẫn tổ chức quảng cáo, tư vấn tài chính, tạo website liên kết MT4, MT5 để lôi kéo khách hàng, rồi chiếm đoạt tài sản. Cơ quan điều tra xác định nhà đầu tư thực chất ""chơi với chủ sàn"", thua thì tiền thuộc về nhóm này. Công an kết luận Nam cùng Isik Uran lập 36 website, chỉ đạo mở công ty ""ma"", quảng cáo, thanh toán qua 69 tài khoản ngân hàng. Qua đó, băng nhóm tội phạm này đã chiếm đoạt hơn 1.300 tỷ đồng. Phạm Dự",1,spam
Một số người trong số họ nói với Accergy không phải là xác nhận.,0,ham
Dải bộ - Bạn đã được lập hóa đơn 150p.,1,spam
Mục tiêu!,1,spam
100 Dịch vụ hẹn hò CAL; L 09064012103 Box334SK38CH,1,spam
"Ngày 11/8, bà Hà, Giám đốc Công ty Ngọc Việt Education, bị TAND khu vực 2, Hà Nội xét xử, sau gần 8 tháng bị bắt và khởi tố. Bà Hà ban đầu bị khởi tố với cáo buộc Lừa đảo chiếm đoạt tài sản sau đó được chuyển sang tội Lừa dối khách hàng hồi cuối tháng 5. Khoảng 20 bị hại có mặt tại tòa theo triệu tập. HĐXX cho hay 44 người có quyền nghĩa vụ liên quan và nhiều bị hại vắng mặt. Sau kiến nghị của VKS về việc hoãn phiên tòa, HĐXX hội ý và quyết định dời ngày xét xử sang 27/8. Từ tháng 6/2025, Ngọc Việt Education tổ chức chương trình biểu diễn nghệ thuật ""Về đây bốn cánh chim trời"", dự kiến 20h ngày 28/12 tại Cung thi đấu điền kinh trong nhà, phường Từ Liêm. Đây là sự kiện âm nhạc được đông đảo khán, thính giả trong và ngoài nước quan tâm. Nội dung chương trình gồm các sáng tác của các cố nhạc sĩ Văn Cao, Trịnh Công Sơn, Phạm Duy và nhạc sĩ Trần Tiến; có sự tham gia của nhiều ca sĩ, nghệ sĩ như: Trần Thu Hà, Hồng Nhung, Đoan Trang... Tất cả đều do Công ty Ngọc Việt ký hợp đồng trực tiếp. Công an Hà Nội xác định, quá trình thực hiện chương trình, mặc dù biết rõ buổi biểu diễn không đủ điều kiện để diễn ra, bà Hà vẫn chỉ đạo nhân viên tiếp tục bán vé và thu tiền. Đến thời điểm tổ chức, bà Hà chỉ đạo mở cửa đón khán giả, đề nghị chờ đến 20h30 và sau đó thông báo chương trình bị hủy bỏ. Sự việc khiến nhiều khán giả bức xúc, yêu cầu hoàn trả tiền vé và làm đơn trình báo đến cơ quan công an. Hà bị cáo buộc gây thiệt hại cho 704 khách với tổng tiền hơn 3,6 tỷ đồng. Tại cơ quan điều tra, bà Hà khai đã làm chương trình suốt 6 tháng với rất nhiều tâm huyết. Bà nói ""quy trình sai lầm nhất của bản thân"" là không thực hiện được tiến độ thanh toán với giám đốc âm nhạc. ""Tôi không đạt được thỏa thuận trả tiền 50% trước show như tôi đã làm và 50% sau show. Việc thanh toán là một trong những lỗi lớn của tôi"", bà Hà khai. Giám đốc âm nhạc Vũ Quang Trung cho rằng show Về đây bốn cánh chim trời phải hoãn vì lùm xùm tác quyền ca khúc khi ban tổ chức chưa thanh toán tiền bản quyền. Ban tổ chức vi phạm hợp đồng thỏa thuận khi không thanh toán tiền thỏa đáng cho êkíp. Sau nhiều lần trao đổi nhưng không đạt thống nhất, nhóm nhạc sĩ và ban nhạc quyết định không tham gia vì không đủ thời gian chuẩn bị để đảm bảo chất lượng đêm diễn. Thanh Lam",1,spam
"Ngày 10/7, Cơ quan Cảnh sát điều tra, Công an tỉnh Quảng Trị tạm giam Lê Văn Thành, xã Lao Bảo, về hành vi Lừa đảo chiếm đoạt tài sản, theo Điều 174 Bộ luật hình sự. Từ tháng 9/2025 đến 1/2026, Thành mắc nợ trong thời gian làm việc tại một chi nhánh ngân hàng ở xã Lao Bảo. Để có tiền, anh ta đã đưa ra thông tin gian dối về mục đích vay tiền làm đáo hạn ngân hàng. Tin tưởng nhân viên ngân hàng này, nhiều người cho Thành vay tiền để đáo hạn. Sau khi nhận tiền, Thành đã chiếm đoạt và sử dụng phần lớn số tiền này để trả nợ cho các khoản vay khác của mình. Nhà chức trách cáo buộc, bằng thủ đoạn này, Thành chiếm đoạt của nhiều bị hại tại xã Lao Bảo và Khe Sanh, hơn 29 tỷ đồng. Vụ án đang mở rộng. Cơ quan Cảnh sát điều tra Công an tỉnh Quảng Trị thông báo, ai bị Thành chiếm đoạt tài sản cần liên hệ đến Cơ quan Cảnh sát điều tra để được hướng dẫn, giải quyết. Đắc Thành",1,spam
Trang trại có mở không?,0,ham
Ok ... bài kiểm tra lý thuyết?,0,ham
Cân bằng tiền mặt của bạn hiện là 500 pound-để tối đa hóa tiền mặt của bạn hiện đang gửi thu thập tới 83600 chỉ 150p/msg.,1,spam
"Nói cho bạn biết điều gì, nếu bạn thực hiện một bảng tính nhỏ và theo dõi ý tưởng của họ là hút thuốc để xác định ai \ hút quá nhiều \ ""trong cả tháng tháng Hai",0,ham
Tôi sẽ cme tôi muốn đi đến 2morrow của anh ấy.,0,ham
Double Mins & 1000 Txt trên thuế quan màu cam.,1,spam
Bạn đã nhận được bất kỳ món quà nào?,0,ham
Các số Voda Today kết thúc 1225 được chọn để nhận £ £ 50Award.,1,spam
U lặp lại hướng dẫn e một lần nữa.,0,ham
Tôi thực sự xin lỗi tôi sẽ không có thể 2 làm điều này vào thứ Sáu này. Bạn có thể tìm thấy một giải pháp thay thế.,0,ham
"Vén quần thấy giun bò lúc nhúc trong bắp chân, tới bệnh viện mới ói mửa khi biết sự thật bên trong
Cứ ngỡ gân xanh nổi lên khắp bắp chân, nhưng không ngờ thứ dây dưa dài ngoằng đục khoét bên trong mới khiến nhiều người ngất lịm khi biết được sự thật.
Một người đàn ông 50, Trung Quốc đang trải qua những tháng ngày vô cùng ảm đạm và ám ảnh, khi cả 2 chân của ông trong tình trạng đục khoét bên trong vô cùng sợ hãi. Mặc dù lớp da ngoài chưa có biết đổi, nhưng những vết sần sùi, nổi cục như nấm, bên trong đó lại là nơi kí sinh và làm “tổ” của loài kí sinh trùng vô cũng đáng sợ này.
Các tĩnh mạch ở chân nổi cục, không phải là gân nữa.
Trước đó, ông đã cảm thấy có sự thay đổi khi các gân nổi lên và ngứa bên trong. Các tĩnh mạch ngày một nổi, sưng to rất sợ hãi và lớp da bên ngoài như tím đỏ.
Cả 2 bắp chân đều xuất hiện những vết nổi cục dài.
Được biết, các tính mạc nổi in trên da với màu đỏ trong suốt, và kéo dài, di chuyển và ngày một lây lan nhiều hơn. Ngay sau khi tới gặp các bác sĩ, ông được chuẩn đoán dãn các tĩnh mạch. Đặc biệt, một kí sinh trùng đang sinh sống và phát triển “cố thủ” bên trong là một loại giun nhỏ, đục khoét bên trong.
Những cảm giác ngứa bên trong và dấu hiệu phát tán các vết nổi u bên ngoài.
Không chỉ vậy, loài kí sinh trùng này có thể phát triển với chiều dài tới gần 1 mét, kí sinh trong da và ngày một phát triển hơn. Với những người lao động chân tay, đặc biệt là những vùng nông thôn, với thói quen đi chân đất và lội vào những vùng ô nhiễm mà không vệ sinh sạch sẽ. Đây là một trong những cơ hội để loài kí sinh trùng này tấn công cơ thể.
Kí sinh trùng với màu đỏ nổi trên da.
Bên cạnh đó, các bệnh mà nó gây nên như “giãn tĩnh mạch”, phù chân tay, gây ngứa, sưng và đau đớn vô cùng nghiêm trọng. Vì vậy, nếu bạn cảm thấy có những triệu chứng khác thường, tốt nhất là hãy đến cơ sở ý tế để phát hiện sớm và tránh những tác hại tồi tệ hơn.",1,spam
"Xin chào, tôi SUE.",1,spam
"Chiều 9/5, công an quận Hải Châu đã bắt giữ Phúc, trú quận Hải Châu, để điều tra hành vi dâm ô. Trước đó tối 7/5, một người dân đăng bài lên mạng xã hội kể lại chuyện bắt gặp một bé gái bị nam thanh niên mặc quần áo công nhân áp sát trong con hẻm vắng trên đường Thi Sách, quận Hải Châu. Thấy có người, nam thanh niên bỏ chạy. Bé gái trạc tuổi 13-14 cho biết, nam thanh niên kia tự xưng là công an đang đi làm nhiệm vụ bắt tội phạm ma túy, sau đó đưa bé gái vào hẻm vắng và có hành vi sàm sỡ. Công an Hải Châu tiếp nhận sự việc, dù nạn nhân chưa trình báo, nhưng đã cho trinh sát hình sự điều tra, bắt giữ nghi phạm Phúc. Tại cơ quan công an, bước đầu Phúc thừa nhận hành vi dâm ô.",1,spam
"Ngày 11/8, Tiến bị TAND tỉnh Đồng Tháp xét xử trực tuyến, tuyên phạt 19 năm tù về tội Lừa đảo chiếm đoạt tài sản, 5 năm tù tội Đánh bạc; tổng hợp hình phạt 24 năm tù. Bị cáo còn buộc phải trả cho bị hại hơn 9,4 tỷ đồng. Trước đó, Tiến thừa nhận hành vi như cáo trạng, xin lỗi hai nạn nhân. Dùng hồ sơ khách hàng cũ để vay hơn 10 tỷ đồng Theo cáo trạng, Tiến là nhân viên một ngân hàng có phòng giao dịch tại Mỹ Tho. Khoảng 4 năm trước, anh ta quen anh Dương Sỹ Hào, 31 tuổi, ngụ TP HCM và Võ Thanh Hải, 51 tuổi, quê Vĩnh Long. Tiến nhiều lần vay tiền của anh Hào với lý do cho khách hàng đáo hạn ngân hàng và đều trả đúng hẹn nên được tin tưởng. Đến cuối tháng 7/2024, do nợ nhiều người và mất khả năng thanh toán, Tiến nảy sinh ý định chiếm đoạt tiền của anh Hào. Từ ngày 29/7 đến 11/10/2024, Tiến chụp màn hình thông báo cấp tín dụng của 15 khách hàng từng vay tại ngân hàng, gửi cho anh Hào và nói những người này cần tiền đáo hạn. Tin lời, anh Hào ký 19 hợp đồng cho vay, chuyển cho Tiến hơn 10,6 tỷ đồng. Tiến dùng tiền trả nhiều khoản nợ, trong đó có 1,2 tỷ đồng cho chính anh Hào; gần 800 triệu đồng được mang đi đánh bạc. Một tháng sau, anh Hào phát hiện sự việc và tố giác. Hai bên đã thanh lý ba hợp đồng, còn 16 hợp đồng với số tiền Tiến chiếm đoạt hơn 9,4 tỷ đồng. Cuối tháng 10/2024, Tiến tiếp tục dùng thủ đoạn tương tự, đề nghị anh Hải hai lần chuyển tổng cộng 600 triệu đồng để đáo hạn cho khách hàng. Hai ngày sau, anh ta nói khoản vay chưa được giải ngân, có khách khác cần đáo hạn nên vay thêm 500 triệu đồng. Sau khi nhận tổng cộng 1,1 tỷ đồng, Tiến dùng để trả nợ, đánh bạc và tiêu xài cá nhân. Khi anh Hải phát hiện, Tiến trả lại 110 triệu đồng. Cơ quan điều tra xác định Tiến đã chiếm đoạt tổng cộng 10,4 tỷ đồng của hai người. Gần 20.000 giao dịch đánh bạc Quá trình điều tra, Tiến khai bắt đầu cá độ bóng đá và đánh bạc trực tuyến trên điện thoại từ năm 2021. Riêng tháng 11/2024, anh ta thực hiện 46 giao dịch cá độ bóng đá với tổng số tiền gần 150 triệu đồng. Tiến còn thực hiện gần 20.000 giao dịch trò chơi mạt chược, tổng số tiền hơn 870 triệu đồng. Có lúc anh ta thắng khoảng 20-60 triệu đồng, nhưng kết quả các giao dịch thường âm 10-80 triệu đồng. Tổng số tiền Tiến sử dụng để đánh bạc hơn một tỷ đồng. Sau khi Tiến bị bắt, gia đình đã khắc phục 1,3 tỷ đồng cho các nạn nhân. Hoàng Nam",1,spam
Tin tức hôm nay: Xu hướng sử dụng xe điện tại các thành phố lớn đang tăng nhanh nhờ hệ thống hạ tầng trạm sạc ngày càng hoàn thiện và chính sách miễn thuế trước bạ từ phía nhà nước. Chi tiết xem tại cổng thông tin chính thức.,0,ham
Yupz ... Tôi đã đặt Slots 4 ngày cuối tuần của tôi ...,0,ham
Này Cutie.,0,ham
Bạn có một thông báo dịch vụ khách hàng quan trọng.,1,spam
"Cán bộ công an cảnh báo: Đối tượng giả danh cán bộ Bộ Công an, Viện kiểm sát gọi điện thông báo tài khoản ngân hàng bị rò rỉ thông tin bảo mật, yêu cầu cung cấp tên đăng nhập và mã OTP để bảo vệ tài khoản. Mọi người tuyệt đối không làm theo!",1,spam
Haha ... họ không thể gì ... TMR bị tịch thu nhiều nhất ... haha vậy?,0,ham
Bạn đã được chọn đặc biệt để nhận giải thưởng 2000 pound!,1,spam
Thị trường bất động sản ghi nhận tín hiệu phục hồi nhẹ ở phân khúc nhà ở thực và căn hộ chung cư tại các đô thị lớn nhờ chính sách hạ lãi suất vay ngân hàng. Sự việc đang thu hút sự chú ý của dư luận.,0,ham
Tôi sẽ đến nhà của bạn trong & lt;#& gt;,0,ham
CBE thực sự tốt ngày nay :) Rất nhiều cửa hàng và phòng trưng bày :) City đang hình thành tốt.,0,ham
Tôi không chắc nó có còn không,0,ham
"Viện An ninh AI (AISI), cơ quan do chính phủ Anh thành lập năm 2023, tuần này thông báo về thử nghiệm độc lập với một số tác nhân của Anthropic và OpenAI. Trong đó, AI có quyền truy cập Internet mở và một số tính năng an toàn bị vô hiệu hóa. Kết quả, chúng đã tham gia ""hoạt động kéo dài, có khả năng gây hại nhắm vào các tổ chức và người thật"". Theo Reuters, AISI tiến hành thử nghiệm 122 lần và ghi nhận 19 hành động không được phép trong 10 lần. Mythos 5 thực hiện 17 hành động, GPT-5.6-Sol của OpenAI đảm nhiệm hai. AFP cho biết, trong trường hợp nghiêm trọng nhất, Mythos 5 cố gắng chèn mã độc vào một dự án phần mềm bằng cách tạo ra danh tính giả trên Internet, sau đó gửi email lừa đảo, thuyết phục người nhận chấp thuận mã. Tuy nhiên, người phụ trách phần mềm đã từ chối. ""Những nỗ lực này đều không thành công. Cuộc điều tra của chúng tôi cũng không phát hiện bất cứ thiệt hại nào xảy ra ở thế giới thực"", AISI tuyên bố, đồng thời cho biết đã khống chế sự việc trong vòng một giờ. Dù vậy, thử nghiệm cũng cho thấy ""dấu hiệu của những hành vi mới, có thể mang tính lừa dối, với mức độ và tính nghiêm trọng"" mà Viện chưa lường trước. Theo phát ngôn viên Anthropic, báo cáo của AISI ""nhấn mạnh sự cần thiết của một cuộc thảo luận rộng hơn về cách đánh giá an toàn cho tác nhân AI, vốn có năng lực ngày càng cao"". Trong khi đó, phát ngôn viên OpenAI nhận xét: ""Thử nghiệm độc lập là điều thiết yếu để hiểu cách những mô hình ngày càng tiên tiến hành động"". Báo cáo của AISI được đưa ra sau nhiều vụ vi phạm an ninh nghiêm trọng do mô hình AI gây ra. Ngày 21/7, OpenAI xác nhận một số mô hình của họ đã thoát khỏi môi trường thử nghiệm và tấn công nền tảng Hugging Face. Khoảng một tuần sau, OpenAI cho biết chúng nhắm mục tiêu thêm ba công ty nữa. Ngày 30/7, Anthropic cũng thông báo phát hiện ba trường hợp mô hình đang được thử nghiệm ""truy cập trái phép"" vào một số tổ chức, nhưng không nêu rõ tên. Theo các chuyên gia về an toàn AI, loạt sự cố đang vẽ nên bức tranh về những phòng thí nghiệm hàng đầu với khả năng phát triển tác nhân tự động tiềm ẩn nhiều nguy hiểm, vượt xa những biện pháp kiểm soát chúng. Thu Thảo tổng hợp",1,spam
Chúng tôi đã đưa Hooch đi dạo Toaday và tôi đã ngã xuống!,0,ham
"Vâng, có lẽ sớm hơn thế",0,ham
Chuột.,0,ham
Tôi hy vọng em yêu của em?,0,ham
Thủ đoạn mạo danh nhân viên ngân hàng gọi điện hỗ trợ nâng hạn mức tín dụng hoặc mở thẻ tín dụng online. Đối tượng gửi đường link giả mạo yêu cầu nhập mã OTP và thông tin tài khoản để chiếm đoạt tiền. Mọi người tuyệt đối không làm theo!,1,spam
"Giành chiến thắng Åòharry Potter mới nhất và thứ tự của Phoenix (cuốn sách 5) Trả lời Harry, Trả lời 5 câu hỏi - cơ hội là người đầu tiên trong số các độc giả!",1,spam
"Giai điệu vòng miễn phí chỉ văn bản \ polys \ ""đến 87131. Sau đó, mỗi tuần sẽ nhận được một giai điệu mới. 0870737910216yrs chỉ Å £ 1,50/tuần.""",1,spam
"Ngày 13/4, Tuấn, 38 tuổi, bị Công an huyện Vĩnh Thạnh bắt tạm giam để điều tra hành vi Lừa đảo chiếm đoạt tài sản và dấu hiệu tội phạm khác. Khám xét nơi ở của Tuấn, lực lượng chức năng thu giữ nhiều giấy tờ giả như: căn cước công dân, giấy phép lái xe, thẻ ngành công an; cùng 2 khẩu súng hơi bắn đạn chì. Theo điều tra ban đầu, tháng 3/2023, Tuấn lên Facebook tìm mua trang phục Công an nhân dân cấp hàm trung tá và thẻ ngành công an giả với giá 1,6 triệu đồng. Anh ta mặc trang phục này, chụp hình đăng tài khoản TikTok ""2Gach2sao"", làm quen nhiều phụ nữ. Với người phụ nữ đơn thân tại TP HCM, sau nhiều lần gặp gỡ thân tình, chị có tình cảm với trung tá dỏm. Lúc này, Tuấn nói với ""người tình"" là đang theo học lớp thạc sĩ Công an nhân dân, phải vay tiền ngân hàng để trang trải chi phí và đang cần tiền đáo hạn. Tin lời, người phụ nữ đã 9 lần chuyển tiền cho Tuấn mượn, tổng cộng hơn 220 triệu đồng. Chờ mãi không thấy Tuấn trả tiền, còn lảng tránh, chị này tìm hiểu thì phát hiện trung tá dỏm nên trình báo công an. Cơ quan điều tra xác định, Tuấn còn lừa tiền ít nhất một phụ nữ khác ở Sài Gòn, kêu gọi các nạn nhân trình báo phối hợp điều tra. An Bình",1,spam
Bạn đã giành được? 1.000 tiền mặt hoặc một giải thưởng? 2.000!,1,spam
Chúc ngủ ngon thân yêu của tôi .. Sleepwell & amp; chăm sóc,0,ham
"Ngày 17/1, Phòng An ninh mạng và phòng, chống tội phạm sử dụng Công nghệ cao (PA05) Công an TP HCM cho biết, để phòng ngừa những nguy cơ bị chiếm đoạt tài sản của người dân, thì việc tuyên truyền về các thủ đoạn của tội phạm là điều cần thiết. Tuy nhiên, thông tin phải chính xác, đầy đủ để tránh gây tâm lý hoang mang cho người dân, cũng như nguy cơ gây ảnh hưởng đến hoạt động bình thường của các ngân hàng. Động thái này của PA05 được đưa ra bởi gần đây thông tin cảnh báo thủ đoạn lừa đảo ""nhập sai mật khẩu ngân hàng"" được lan truyền trên mạng xã hội khiến nhiều người dân đã bày tỏ lo lắng, bất an. Cụ thể, những thông tin này cho rằng, khi tội phạm biết thông tin số tài khoản ngân hàng của người dân (công khai khi chuyển khoản thanh toán), sẽ cố tình đăng nhập sai mật khẩu nhiều lần, dẫn đến tài khoản này bị ngân hàng khóa. Tiếp đó, chúng sẽ giả là nhân viên ngân hàng gọi đến hỗ trợ ""mở lại tài khoản"", hướng dẫn làm một số thao tác, gửi link (có mã độc) để nạn nhân làm theo, sau đó bị chiếm quyền điều khiển và mất tiền. Phân tích vấn đề này, Công an TP HCM cho rằng, trường hợp trên chỉ xảy ra khi tội phạm có trong tay hội đủ 2 yếu tố. Một là, ứng dụng của ngân hàng cho phép đăng nhập bằng cách nhập số tài khoản (hiện nay chỉ còn ít nhà băng cho phép đăng nhập bằng cách này). Thứ hai, số tài khoản phải do khách hàng đăng ký trùng với số điện thoại đang sử dụng (đây là một dịch vụ chọn số tài khoản được nhiều ngân hàng cung cấp thời gian qua). Như vậy, theo PA05, không phải số tài khoản ngân hàng nào cũng sẽ bị kẻ xấu sử dụng để khóa tài khoản đăng nhập vào ứng dụng. Ngoài ra, quy định của ngân hàng là ""tuyệt đối không cho phép tiết lộ thông tin"" liên hệ của khách hàng cho bất kỳ cá nhân, tổ chức nào (trừ các trường hợp được quy định của pháp luật). ""Do đó người dân có thể yên tâm, không hoang mang lo sợ bị mất tài sản nếu ngân hàng và số tài khoản của mình không thuộc 2 yếu tố nêu trên. Mặt khác, nếu người dân bị khóa tài khoản thì phải đến phòng giao dịch để mở lại theo quy định bảo mật của ngân hàng"", PA05 cho biết, đồng thời khẳng định thông tin ""bị khóa tài khoản nhập sai mật khẩu và bị lừa mất tiền"" về cơ bản là chưa phù hợp. Để phòng tránh nguy cơ bị chiếm đoạt tài sản, PA05 khuyến cáo người dân không làm theo, không bấm vào các đường link mà người lạ cung cấp; không cài đặt các ứng dụng (app) không rõ nguồn gốc; không cung cấp thông tin về số thẻ CCCD cũng như mã OTP cho bất kỳ ai, kể cả nhân viên ngân hàng. Quốc Thắng",1,spam
"Sau khi nghiên cứu kỹ, tôi nhận định công ty này dường như hoạt động theo mô hình Ponzi, và với mức lãi suất không tưởng đó, mô hình này khó có thể bền vững, chỉ duy trì được tối đa hai năm nữa. Nhiều người hoài nghi đánh giá của tôi, với niềm tin rằng, công ty này đã hoạt động từ năm 2018 và luôn trả lãi đúng hẹn, thì khó có khả năng lừa đảo. Nhưng thời gian đã chứng minh nhận định của tôi có cơ sở. Mới đây, công ty này tuyên bố mất khả năng thanh toán. Hàng nghìn người đứng trước nguy cơ mất trắng toàn bộ số tiền tích góp được. Trong đầu tư, lợi nhuận cao luôn là cám dỗ khó cưỡng. Đằng sau những hứa hẹn lợi nhuận ""không thể chối từ"", cam kết chắc nịch về một tương lai tài chính rực rỡ là những rủi ro vô hình mà trong sâu thẳm, nhiều người có thể lờ mờ nhận ra, nhưng phần lớn để cho lợi nhuận bịt mắt mình. Câu hỏi ""Lợi nhuận này thực sự đến từ đâu?"" hiếm khi được đặt ra hoặc trả lời rốt ráo. Nếu một công ty có thể trả lãi suất cao ngất ngưởng một cách đều đặn, nghĩa là họ phải sở hữu lợi thế kinh doanh cực lớn, hoặc một sự độc quyền không ai có thể cạnh tranh. Nhưng ngay cả trong những ngành có lợi thế độc quyền, thì sức hấp dẫn của lợi nhuận cũng vẫn sớm bị cạnh tranh khỏa lấp. Một mô hình kinh doanh bền vững sẽ không cần phải vay vốn từ các nhà đầu tư nhỏ lẻ với mức lãi suất cao đến vậy. Vốn từ các quỹ đầu tư hay ngân hàng luôn có chi phí thấp hơn. Vậy, thực tế là gì? Mô hình Ponzi dựa vào dòng tiền của người mới để trả lãi cho người cũ, tạo ra một ảo giác về thành công. ""To rob Peter to pay Paul"" (Cướp Peter để trả cho Paul) là thành ngữ tóm gọn bản chất của trò chơi này, tức mượn (tiền) từ nguồn này để trả cho nguồn khác. Vấn đề là mô hình này chỉ hoạt động ổn định chừng nào có người mới tiếp tục đổ vốn vào với tốc độ nhanh hơn số tiền phải chi trả ra, và một khi dòng tiền này chững lại, hệ thống sụp đổ sẽ là điều không thể tránh khỏi. Đáng nói hơn, mô hình Ponzi ngày nay thường kết hợp với mô hình đa cấp để tận dụng tối đa lòng tin của người tham gia. Khi một người tham gia mời gọi thêm bạn bè, người thân, họ không chỉ đang kiếm được lợi nhuận mà còn giúp tạo ra một hiệu ứng ""bằng chứng xã hội"". Người tham gia mới cảm thấy yên tâm hơn khi thấy người quen đã ""thu lợi"", và tiếp tục tái đầu tư, góp phần củng cố niềm tin cho những người xung quanh. Cứ thế, vòng xoáy niềm tin này lan rộng, tạo thành một mạng lưới vững chắc, nhưng chỉ tồn tại trên nền tảng của lòng tin mù quáng, chứ không phải sự bền vững của tài chính. Nhiều người, khi bắt đầu nghi ngờ đây có thể là mô hình Ponzi, vẫn tin rằng mình có thể ""rút ra nhanh hơn"" người khác, rằng họ đủ nhanh nhạy để thoát kịp trước khi hệ thống đổ vỡ. Nhưng điều này không đơn giản. Mô hình Ponzi thường được thiết kế để tối đa hóa khả năng giữ chân nhà đầu tư bằng các chiêu trò tinh vi như khuyến khích tái đầu tư với ưu đãi lớn hơn hay tạo cảm giác an toàn bằng việc trả lãi đúng hạn, các khoản thưởng... Chính lòng tham và hy vọng ngăn họ rút chân kịp thời, và khi hệ thống sụp đổ, nó sẽ sụp đổ rất nhanh, chỉ rất ít người may mắn thoát khỏi với số vốn của mình. Đầu tư là kiếm lợi nhuận, nhưng điều quan trọng hơn cả là khả năng hoàn vốn. Bạn có thực sự đảm bảo rằng mình sẽ lấy lại được số tiền đã bỏ ra không? Một khoản lợi nhuận lý tưởng nhưng không thể thu hồi vốn thì về cơ bản, bạn đang đối mặt với rủi ro thua lỗ lớn hơn bạn tưởng. Bất cứ khoản đầu tư nào hứa hẹn lợi nhuận cao đều tiềm ẩn rủi ro cao, và khi không thể trả lời những câu hỏi cơ bản về nguồn lợi nhuận, mô hình kinh doanh, người đầu tư càng cần phải cẩn trọng hơn bao giờ hết. Khi đối diện với một cơ hội đầu tư, đừng ngại tự hỏi những câu đơn giản nhưng quan trọng: ""Lợi nhuận đến từ đâu?"", ""Tại sao công ty này cần huy động vốn từ nhà đầu tư cá nhân với mức lãi cao?"" và ""Ai là những đối tác đáng tin cậy của họ?"". Đừng để những mối quan hệ thân thuộc làm mờ đi lý trí, vì lợi nhuận bạn tìm kiếm không thể nào thay thế được giá trị của lòng tin, hay sự an toàn tài chính của bản thân và gia đình. Ngẫm lại, có lẽ quan trọng hơn cả việc tìm kiếm lợi nhuận, là mỗi người cần biết mình đang thực sự đầu tư để hướng đến điều gì, đâu mới là giá trị mình thực sự coi trọng cho bản thân và gia đình. Con người thường bị cuốn vào những ảo tưởng về tiền bạc, về mức lợi tức trong tương lai, nhưng quên đi ý nghĩa thực sự của chữ ""đủ"" và giá trị đích thực mà mình cần theo đuổi. Nhiều người theo đuổi những khoản hứa hẹn lợi nhuận ""đột biến"" từ đầu tư xuất phát từ cảm giác thiếu thốn, rằng bản thân mình ""chưa đủ"" so với những người khác, hoặc với kỳ vọng mà xã hội đã ngầm đặt ra. Nếu một người đủ vững vàng trong hệ giá trị của chính mình, nếu những gì họ tìm kiếm không chỉ là con số trong tài khoản mà là sự an yên, bảo vệ tài chính bền vững cho gia đình, thì những cạm bẫy tài chính sẽ không còn sức cuốn hút đến vậy. Nắm rõ đâu là giá trị thật sự, việc đưa ra quyết định sẽ trở nên đơn giản và tường minh hơn nhiều. Trên hành trình chinh phục sự thịnh vượng, những cạm bẫy từ mô hình lừa đảo đội lốt đầu tư vẫn luôn tồn tại, chờ đợi khai thác sự thiếu hiểu biết và lòng tham. Chỉ bằng sự tỉnh thức trong từng quyết định, bạn mới tránh xa được những cám dỗ để không chỉ bảo vệ tài sản mà còn giữ vững uy tín và sự bình an trong gia đình - điều mà không khoản lợi nhuận nào có thể thay thế được. Đức Nguyễn",1,spam
"Cập nhật mới nhất: Thời tiết khu vực Bắc Bộ có sự chuyển biến rõ rệt, không khí lạnh tăng cường khiến nhiệt độ giảm sâu về đêm và sáng sớm. Người dân cần chủ động giữ ấm sức khỏe. Chi tiết xem tại cổng thông tin chính thức.",0,ham
"Đầu tháng 5, tòa án tuyên phạt Zubair Al Zubair, 42 tuổi, 24 năm tù và em trai Muzzammil Al Zubair, 31 tuổi, 23 năm tù. Hai bị cáo bị buộc bồi thường 21 triệu USD. Là người tiếp tay, cựu chánh văn phòng thị trưởng thành phố East Cleveland Michael Smedley, 56 tuổi, lĩnh 8 năm một tháng tù. Hồ sơ vụ án cho thấy, Zubair dựng chuyện kết hôn với một công chúa của Các Tiểu vương quốc Ả Rập Thống nhất (UAE) nhằm tạo vỏ bọc tiếp cận các quan chức chính phủ và nhà đầu tư giàu có. Trong khi đó, Muzzammil tự xưng là quản lý quỹ đầu cơ dày dạn kinh nghiệm. Thực tế, anh này chỉ học kiến thức đầu tư qua các video trên YouTube và xem chương trình truyền hình ""Tỷ phú"". Dưới vỏ bọc ""hoàng gia"", từ 2020 đến 2023, anh em Zubair thực hiện trót lọt nhiều phi vụ lừa đảo. Trong số nạn nhân có cả bạn gái cũ của Zubair, người bị chiếm đoạt 737.000 USD. Nhóm này từng ký hợp đồng với một nữ doanh nhân Trung Quốc tại tòa thị chính, dưới sự chứng kiến của nhiều quan chức. Nạn nhân đã chuyển hơn 1.000 máy đào tiền điện tử, trị giá khoảng 8,8 triệu USD, đến khu Nela Park. Anh em Zubair sau đó chiếm đoạt số máy này và bán lại với giá 5,5 triệu USD. Vụ việc khiến doanh nghiệp của nhà đầu tư này phá sản. Để che đậy hành vi, Zubair dùng tiền mặt, vé VIP xem thể thao, thịt bò Wagyu, xì gà và các bữa tối xa xỉ để hối lộ chánh văn phòng TP East Cleveland Michael Smedley. Đổi lại, Smedley cấp cho Zubair chức danh ""Cố vấn kinh tế quốc tế"" của thành phố nhằm tăng độ uy tín. Từ số tiền chiếm đoạt, hai anh em di chuyển bằng phi cơ riêng đến các khu nghỉ dưỡng sang trọng ở châu Âu và châu Mỹ. Họ mua đồng hồ đắt tiền, dàn xe hơi cao cấp và hàng chục khẩu súng, trong đó có một khẩu súng trường mạ vàng chế tác riêng. ""Các bị cáo đã đánh cắp lượng tiền lớn và làm ảnh hưởng xấu đến danh tiếng thành phố"", thẩm phán Donald Nugent nói tại tòa. Nhật Minh (Theo Yahoo, Cleveland)",1,spam
"Tím mặt bóp bụng trăn khủng quằn quại trên sàn “bơm” ra thứ kinh dị ám ảnh cả gia đình
Một con trăn có tên Samson, đã được phát hiện trong tình trạng có những biểu hiện vô cùng kì lạ. Ngay sau đó, các bác sĩ đã nhanh chóng kiểm tra điểm bất thường nổi cục lên từ bụng khiến nó đau đớn và như ngạt thở. Điều kinh ngạc là khi lấy vật mắc kẹt bên trong chỉ vì nguyên nhân không ngờ.
Con trăn nằm quằn quại trên sàn được phát hiện.
Rất nhanh chóng, nó đã được đưa tới phòng chăm sóc. Các bác sĩ cho hay con trăn đã nuốt phải dị vật không đơn giản để lấy được nó ra ngoài.
Con trăn “tham lam” đã nuốt phải những quả trứng được làm giả mà chủ nhà đã đặt nó trong giỏ. Không may mắn, nó đã nuốt phải và rơi vào cảnh tượng vô cùng nguy hiểm khi chúng không được tiêu hóa .
Qủa trứng mà con trăn nuốt phải là qủa trứng nhựa được làm giả. Chụp tia X cho thấy 2 quả trứng nằm trong dạ dày của Samson và chúng dễ để làm tan ra.
Rất khó khăn để có thể lấy quả trứng nhựa ra khỏi dạ dày của con trăn. Các bác sĩ phải “bơm” chất gây mê. Cách làm này mới có thể khiến các cơ co dãn và cung cấp thêm một nội khí quản giúp nó thở.
Sau đó, các chất dầu được bôi trơn dạ dày và co bóp nhẹ nhàng lấy quả trứng ra ngoài.
Một quả trứng nhựa đã được lấy ra từ dạ dày. Ngay sau khi hồi phục, con trăn sẽ được chăm sóc tốt nhất để cơ thể bình phục trở lại.",1,spam
Để tham gia khảo sát di động của chúng tôi ngày hôm qua!,1,spam
"Cảm ơn đơn đặt hàng nhạc chuông của bạn, số ref R836.",1,spam
Burger King - Muốn chơi Footy tại một sân vận động hàng đầu?,1,spam
Tôi đang đợi Machan.,0,ham
"U 447801259231 có một người hâm mộ bí mật, người đang tìm kiếm 2 người liên lạc với U-Find ra ai mà họ tiết lộ ai nghĩ bạn rất đặc biệt vào ngày 09058094597",1,spam
"Xin chào, đây là Amy, chúng tôi sẽ gửi cho bạn số điện thoại miễn phí trong một vài ngày, điều này sẽ cho bạn quyền truy cập vào tất cả các bên dành cho người lớn ...",1,spam
Yup điểm dừng tiếp theo.,0,ham
Y dun cắt quá ngắn leh.,0,ham
Xin chúc mừng bạn đã trao 500 phiếu chứng từ CD hoặc 125Gift Đảm bảo & Nhập miễn phí 2 100 WKLY Vẽ nhạc TXT tới 87066 TNCS www.ldew.com1win150ppmx3age16,1,spam
"Vâng, tôi nghĩ rằng anh chàng thông thường của tôi vẫn bị bất tỉnh từ đêm qua, nếu bạn nhận được bất kỳ ai cho tôi biết và tôi sẽ ném xuống",0,ham
Howz Pain. Nó sẽ xuống ngay hôm nay.,0,ham
"Dùng dao đâm chết người vì xích mích lúc đổ xăng
Quảng Bình:
Ngày 9/12, tin từ Công an huyện Bố Trạch (Quảng Bình) cho biết vẫn đang tiếp tục điều tra, làm rõ vụ án mạng khiến một người tử vong vừa xảy ra tại địa bàn.
Sự việc nói trên xảy ra vào khoảng 9h30 ngày 8/12, tại cây xăng dầu thị trấn Hoàn Lão, huyện Bố Trạch. Thời điểm này, ông Hoàng Dũng Sỹ (SN 1959, trú huyện Bố Trạch) đến đổ xăng thì xe máy bị đổ và vấp phải xe máy của anh Nguyễn Đức Th. (SN 1987, trú thị trấn Hoàn Lão) làm cả 2 xe bị đổ xuống đất.
Ảnh minh hoạ.
Ông Sỹ đã xin lỗi nhưng anh Th. không chấp nhận và lấy mũ bảo hiểm đang đội ném vào người ông Sỹ, sau đó tiếp tục dùng tay đánh vào mặt ông Sỹ. Thấy vậy, một vị khách đổ xăng khác đã đứng ra can ngăn, tuy nhiên người này bị anh Th. lao vào đánh.
Ngay sau đó, ông Sỹ đã dùng dao găm tiến đến đâm anh Th. trọng thương. Mặc dù đã được đưa đi cấp cứu nhưng do vết thương quá nặng, anh Th. đã tử vong tại bệnh viện.
Sự việc đang được cơ quan công an điều tra, làm rõ.
Đặng Tài",0,ham
Này các chàng trai.,1,spam
SMSService.,1,spam
"Hot Live Fantasies Gọi ngay 08707500020 Chỉ cần 20p mỗi phút NTT LTD, PO Box 1327 Croydon CR9 5WB 0870 là cuộc gọi tỷ lệ quốc gia",1,spam
Babe: Em muốn em không em em yêu!,1,spam
Nhận Cờ Đỏ hoặc Cờ Color chính thức của Anh trên Yer Mobile cho trò chơi tối nay!,1,spam
Không de.,0,ham
Bạn vẫn ở Grand Prix?,0,ham
"Tải xuống nhiều nhạc chuông như bạn không có hạn chế, 1000s 2 chọn.",1,spam
Hài kịch tuyệt vời..cant đừng cười DA :),0,ham
"Bằng cách kết thúc tháng 3, tôi nên sẵn sàng.",0,ham
Tôi nghĩ rằng hai người kia vẫn cần phải nhận tiền mặt nhưng chúng ta có thể sẵn sàng vào lúc 9,0,ham
Yup ok thanx ...,0,ham
Tôi thấy chữ B trên xe của tôi,0,ham
"Này, tôi thực sự rất vui khi muốn trò chuyện hoặc xem tôi khỏa thân văn bản nóng đến 69698 Văn bản được tính vào lúc 150pm để hủy đăng ký văn bản dừng 69698",1,spam
"Xin chào, tiền thuê nhà của Harish đã được chuyển cho dì của bạn.",0,ham
"Cuộc sống của tôi có ý nghĩa rất lớn đối với tôi, không phải vì tôi yêu cuộc sống của mình, mà vì tôi yêu những người trong đời, thế giới gọi họ là bạn bè, tôi gọi họ là thế giới của tôi :-) .. ge :-) ..",0,ham
Nhạc chuông 84484,1,spam
thesmszone.com cho phép bạn gửi tin nhắn nặc danh và đeo mặt nạ miễn phí..tôi gửi tin nhắn này từ đó..có bạn thấy tiềm năng lạm dụng không ???,1,spam
Xin vui lòng nói chuyện với khách hàng mà Machan.,0,ham
"Thích dạng háng check-in cho thoáng, thiếu nữ khiến bạn bè đứng hình khi thấy thứ kinh dị lòi ra
Dưới đây là những hình ảnh hot nhất được dân mạng chia sẻ trong ngày qua, mời các bạn cùng chúng tôi điểm lại nhé!
Không biết vô tình hay cố ý mà cô nàng lại để “di vật” lồ lộ ở vùng nhạy cảm như thế, đúng là ai nấy cũng phải muối mặt
Muốn nhắc em gái cài cúc áo vào cho đỡ lạnh mà ngại quá chả biết mở lời như thế nào
Anh em có thấy đi xe số thích hơn xe ga không? Bánh xe số nhìn thôi đã biết chạy phê rồi
Vợ chồng này chắc mới ở bển về nên nói chuyện dễ thương gì đâu á!
Chỉ một cơn gió thoảng thôi em gái nhé, thế người ta mới bảo đóng thùng vào cho nó gọn gàng
Tôi có sức mạnh có thể chống đỡ cả thế giới nhé
Các anh hùng xa lộ đừng vênh mặt lên nữa nhé
Còn bảo thích người yêu bụng bự ôm cho sướng nữa không các chị em?
Cái ngày định mệnh gì thế này nhỉ? Ăn cũng không yên nữa
Này thì bạn thân nhé – cảm thấy phẫn nộ
Sai một ly, đi một dặm, à đi luôn ấy chứ nhỉ?",1,spam
"Một chút nụ cười của bạn là hppnss của tôi, một giọt nước mắt của bạn là nỗi buồn của tôi, một phần trái tim của bạn là cuộc sống của tôi, một trái tim như tôi sẽ chăm sóc cho bạn,",0,ham
"Bạn đã giành được TKTs vào trận chung kết Euro2004 Cup hoặc Å £ 800 Tiền mặt, để thu thập 09058099801 B4190604, POBOX 7876150PPM",1,spam
"MSG này dành cho đơn đặt hàng nội dung di động của bạn, nó đã bực bội vì lần thử trước đó đã thất bại do các truy vấn lỗi mạng đối với khách hàng sau đó là@netvision.uk.com",1,spam
Đây là mã giảm giá của bạn RP176781.,1,spam
Cảm ơn vì đã bỏ phiếu.,1,spam
Chỉ ngủ..và lướt sóng,0,ham
"Cán bộ công an cảnh báo: Cảnh báo chiêu trò lừa đảo lập trang web, fanpage giả mạo các hãng hàng không bán vé máy bay giá rẻ. Người dân chuyển tiền xong thì không nhận được vé và bị chặn mọi liên lạc. Nạn nhân nên trình báo cơ quan công an gần nhất.",1,spam
Nơi khách hàng tôi sẽ gọi cho bạn,0,ham
"Bạn được đảm bảo là điện thoại Nokia mới nhất, máy nghe nhạc iPod 40GB hoặc giải thưởng Å £ 500!",1,spam
Bạn có thể đã nhìn thấy tôi..Tôi không nhận ra bạn khuôn mặt. :),0,ham
"Well Boy, tôi rất vui vì G lãng phí cả đêm tại Applebees vì không có gì",0,ham
"Sự việc xảy ra sáng 21/7, khi nữ sinh đại học ở Hà Nội bất ngờ nhận được cuộc gọi xưng là công an, thông báo liên quan đến hoạt động rửa tiền và buôn bán chất cấm mà ""cảnh sát đang điều tra"". Cô nói không liên quan, người này yêu cầu phải chuyển tiền vào tài khoản của cơ quan điều tra để làm rõ, nếu không dính đến tội phạm sẽ được trả lại. Do nữ sinh không có tiền, ""công an online"" hướng dẫn cô tìm chỗ kín đáo để vẽ lên mặt, người các vết giống như bị đánh. Sau đó, cô phải tự liên hệ gia đình, gửi các hình ảnh ""bị thương"", thông báo mình bị bắt cóc và yêu cầu chuyển tiền chuộc mạng. Quá lo sợ, nữ sinh đã một mình đến khách sạn trên đường La Thành để làm theo hướng dẫn, đề nghị gia đình phải chuyển khoản ngay 370 triệu đồng cho nhóm bắt cóc, nếu không sẽ bị chặt ngón tay. Nhận tin báo lúc 11h của gia đình nạn nhân, Ban chỉ huy Công an phường Ô Chợ Dừa huy động lực lượng điều tra, xác minh. Khoảng một tiếng sau, họ tìm được nạn nhân trong khách sạn, đưa về trụ sở làm rõ. Tình trạng ""bắt cóc online"" nổi lên gần đây khi nhóm tội phạm hướng đến nạn nhân là học sinh, sinh viên, hoặc những người trẻ ít kinh nghiệm sống. Ngay cuộc gọi đầu tiên, chúng đe dọa trấn áp tinh thần, cáo buộc họ liên quan đến vụ án (thường là ma túy, rửa tiền...). Sau đó chúng tiếp tục gây áp lực tâm lý, đe dọa ""sẽ bắt giam"" nếu không hợp tác. Từ đó, họ ép nạn nhân tự cô lập, thuê phòng ở khách sạn, không tiếp xúc hoặc nghe điện thoại từ bất cứ ai, kể cả người thân. Khi đã khống chế, điều khiển từ xa, chúng hướng dẫn nạn nhân chuyển tiền để ""giải quyết vụ việc"" hoặc ""kiểm tra tài khoản"" nhằm minh oan cho mình. Từ thông tin có được, khi đe dọa người thân của nạn nhân, nhóm này sẽ dùng chính tài khoản ngân hàng mang tên thật của ""người bị bắt cóc"" để tăng độ tin tưởng khi chuyển tiền. Công an thành phố Hà Nội khuyến cáo người dân cần cảnh giác, đồng thời chủ động tuyên truyền cho người thân, bạn bè về phương thức, thủ đoạn của loại tội phạm này. Để làm việc với người dân, công an sẽ trực tiếp gửi giấy mời, giấy triệu tập hoặc gửi qua công an địa phương chứ ""không gọi điện yêu cầu chuyển tiền hay cài đặt phần mềm"".",1,spam
Tố giác chiêu trò: Cảnh báo thủ đoạn giả danh công an gọi điện thông báo phạt nguội hoặc dọa liên quan đến đường dây ma túy. Đối tượng yêu cầu nạn nhân chuyển toàn bộ tiền vào tài khoản chỉ định để xác minh rồi chiếm đoạt. Nạn nhân nên trình báo cơ quan công an gần nhất.,1,spam
"Tố giác chiêu trò: Cảnh báo hình thức lừa đảo nhận quà tặng tri ân từ nước ngoài. Đối tượng yêu cầu nạn nhân đóng phí vận chuyển, phí hải quan để nhận kiện hàng chứa tiền mặt hoặc đồ đắt tiền. Hãy chia sẻ cho người thân cùng biết.",1,spam
"Ngọt ngào, chúng tôi có thể hoặc không thể đến 4U để gặp Carlos để đánh giá sự quan tâm của Patty về điều đó",0,ham
Splash Mobile: Chọn từ 1000 âm GR8 mỗi tuần!,1,spam
"Đánh dấu, đánh dấu, đánh dấu .... bạn đang ở đâu?",0,ham
Lần đầu tiên trong lịch sử 'cần' 'sự thoải mái' và 'xa xỉ' được bán với cùng giá ở Ấn Độ .. !!,0,ham
"Tố giác chiêu trò: Thủ đoạn lừa đảo cho vay tiền online qua app với lãi suất siêu thấp, không cần thế chấp. Tuy nhiên đối tượng bắt đóng nhiều khoản phí hồ sơ, phí bảo hiểm khoản vay rồi ôm tiền mất tích. Cần hết sức cảnh giác để tránh mất tiền.",1,spam
Bây giờ tôi miễn phí gọi cho tôi pa.,0,ham
Tôi cần phải về nhà và cho bạn một số tình yêu tốt ...,0,ham
"Thưa ông, tôi đang đợi cuộc gọi của bạn.",0,ham
Vui lòng gọi 08712402578 ngay lập tức vì có một tin nhắn khẩn cấp đang chờ bạn,1,spam
Tôi là một người phụ nữ.,0,ham
"Đó là một chút kỳ lạ, thậm chí?- nơi được cho là sẽ xảy ra?",0,ham
"\ Bạn có đến sau không? \ """"",0,ham
"Dốc ống điều hòa, rụng tim vì thấy sinh vật bằng cổ tay dài cả mét này trườn ra
Sinh vật bằng cổ tay này chính là một loài hà đục gỗ cổ đại còn sót lại trên trái đất.
Ban đầu nhìn chiếc vỏ trắng trắng kia, ai cũng nghĩ là ống điều hòa nhưng thực chất nó làm bằng gỗ, có hình dạng giống một cái ngà voi. Bên trong chiếc ngà voi đó là loài nhuyễn thể cổ đại khổng lồ còn sống trên trái đất
Cá thể còn sống đầu tiên của một loài động vật thân mềm cổ xưa vừa được phát hiện ở Philippines, trang New Siencetist đưa tin
Tuy trông giống một con giun khổng lồ, thực chất con vật cổ xưa này lại một con hà đục gỗ, với tên khoa học là Kuphus polythalamia, thuộc lớp vỏ hai mảnh nhuyễn thể
Pet cưng của nhà tôi
Năm nay tôi 27 tuổi rồi
Hai cụ tổ của Ninja đang sải bước trên đường vắng
Vâng, anh chất lừ!
Khi bạn cứ tưởng người yêu cũ đang nhớ mình
Chạm tay nhau một giây thôi là nhớ nhau cả đời
Chân chưa với tới mặt đất nhưng đừng coi thường, ai là soái ca đấy
Một mình cân 2 em người yêu đi mua điện thoại hịn luôn đấy
Anh là phượt thủ chân chính
Chỉ là thích ăn hạt tiêu thôi mà",1,spam
"Tôi không nghĩ rằng tôi có thể rời khỏi một chuyến đi dài với gia đình trong thị trấn, xin lỗi",0,ham
"Dunno, bố tôi cho biết ông về nhà 2 mang chúng tôi ra bữa trưa.",0,ham
Giành được Å £ 200 mua sắm mỗi tuần bắt đầu từ bây giờ.,1,spam
Cán bộ công an cảnh báo: Cảnh báo thủ đoạn giả danh công an gọi điện thông báo phạt nguội hoặc dọa liên quan đến đường dây ma túy. Đối tượng yêu cầu nạn nhân chuyển toàn bộ tiền vào tài khoản chỉ định để xác minh rồi chiếm đoạt. Hãy chia sẻ cho người thân cùng biết.,1,spam
.,0,ham
"Cân bằng tiền mặt của bạn hiện là 500 pounds-để tối đa hóa tiền mặt của bạn, hãy gửi tới 86688 chỉ 150p/meg.",1,spam
Chúng tôi đã cố gắng liên hệ với bạn trả lời của bạn cho đề nghị của chúng tôi là 750 phút 150 Textand một điện thoại mới gọi điện thoại 08002988890 ngay bây giờ hoặc trả lời cho giao hàng miễn phí vào ngày mai,1,spam
"FYI Bây giờ tôi đang ở USF, đi ngang qua phòng bất cứ khi nào",0,ham
Tiwary đến RCB.Battle giữa Bang và Kochi.,0,ham
1000 đang tán tỉnh ngay bây giờ!,1,spam
Gọi 09090900040 & Nghe trò chuyện trực tiếp cực đoan đang diễn ra trong văn phòng ngay bây giờ Total Privacy Không ai biết [sic] của bạn,1,spam
"Ngày 27/6, Công an thành phố Hà Nội cho biết ba ngày trước, nam sinh viên 21 tuổi nhận được cuộc gọi của người lạ mặt tự xưng là cán bộ công an, thông báo liên quan một vụ án rửa tiền do Công an thành phố Hải Phòng đang thụ lý. Theo trình báo, khi video call, nam sinh nhìn thấy một người mặc trang phục ngành, yêu cầu phải chứng minh bản thân không liên quan vụ án. Đồng thời, ""cảnh sát"" hướng dẫn anh gọi về gia đình thông báo được học bổng du học nước ngoài để chuyển tiền chứng minh tài chính. Kẻ này nói sau khi kiểm tra xong số tiền sẽ hoàn lại. Nam sinh nhận 7 tỷ đồng từ gia đình và đã chuyển hết cho ""viên cảnh sát"" theo yêu cầu. Tuy nhiên, sau mấy ngày không thấy được trả lại tiền, nạn nhân mới phát hiện bị lừa nên đến cơ quan công an trình báo. Theo Công an Hà Nội, thời gian gần đây, trên địa bàn Hà Nội liên tiếp xảy ra các vụ việc sinh viên bị người giả danh cơ quan công an gọi điện lừa đảo, chiếm đoạt số tiền lớn. Công an khuyến cáo người dân cần cảnh giác hơn để phòng tránh thủ đoạn lừa đảo này. Nhà trường cũng phải thường xuyên đẩy mạnh, tuyên truyền cảnh báo về thủ đoạn lừa đảo cho học sinh, sinh viên để nâng cao nhận thức phòng chống lừa đảo. Nhà chức trách nhấn mạnh, khi làm việc với người dân, cơ quan công an sẽ trực tiếp gửi giấy mời, giấy triệu tập hoặc gửi qua công an địa phương. Công an không gọi điện yêu cầu người dân chuyển tiền vào tài khoản ngân hàng hoặc cài đặt phần mềm để phục vụ điều tra. Khi phát hiện các trường hợp có dấu hiệu lừa đảo người dân cần báo ngay cho công an nơi gần nhất.",1,spam
Tôi không biết tại sao cô ấy không nhận được tin nhắn của bạn,0,ham
Vâng có nhiều đồ ngọt,0,ham
"Thủ đoạn lừa đảo cho vay tiền online qua app với lãi suất siêu thấp, không cần thế chấp. Tuy nhiên đối tượng bắt đóng nhiều khoản phí hồ sơ, phí bảo hiểm khoản vay rồi ôm tiền mất tích. Mọi người tuyệt đối không làm theo!",1,spam
"Cưới vợ cho con trai, bố mẹ đặt 200 mâm cỗ nhưng không ai tới, thông gia biết được sự thật thì đòi hủy hôn ngay lập tức
Ngày cưới đáng ra phải là ngày vui nhất trong đời người, nhưng với Đức lại là ngày kinh khủng nhất cuộc đời anh.
5 năm trước, lúc còn là sinh viên đại học, Đức tán tỉnh 1 cô gái con nhà khá giả ở đây. Vì trông bề ngoài Đức cũng đẹp trai, thư sinh, lại dẻo miệng nên mới 2 tuần Vân đã đổ cái rụp. Rất nhanh sau đó họ thuê cùng 1 phòng trọ và ở với nhau như vợ chồng.
Thật ra với Vân thì đó là tình yêu, cô yêu Đức say đắm, lúc nào cũng quấn lấy anh không rời. Đức muốn gì là Vân không ngần ngại đáp ứng liền. Nhưng cô không hề hay biết với Đức thì đó chỉ là thứ tình cảm hời hợt, nói trắng ra chỉ là vụ lợi.
Khi ấy, gia đình Đức ở quê cũng khó khăn, bố mẹ chắt bóp từng đồng gửi lên cho con trai ăn học, nhưng vì tính sĩ diện thích khoe khoang nên số tiền mẹ gửi lên để ăn cả tháng thì Đức nướng vào vài 3 món hàng hiệu là hết. Bởi vậy, yêu Vân cũng nằm trong kế hoạch đào mỏ của Đức. Vì cô gái ấy quá yêu anh nên anh đòi gì cũng có. Còn Đức, anh đã xác định học xong là về quê làm nhưng không nói cho người yêu biết.
Một thời gian dài sau, bố mẹ Vân cũng không còn chu cấp cho con gái nữa vì nói Đức chỉ là hám tiền chứ không yêu thương gì cô. Nhưng Vân thì khăng khăng nói họ sẽ cưới nhau cho bố mẹ thấy.
Năm cuối đại học, đúng lúc Đức vừa tốt nghiệp thì Vân đến trước mặt anh:
-Em có thai rồi anh ơi!!
Đức thất kinh rơi cả túi đồ trên tay:
-Cái..cái gì?? Có thai á..??
-Đúng thế.
Đức rối trí vặn hỏi:
-Em đã chắc chắn chưa??
-Rồi, em đi khám rồi mới dám nói cho anh.
Đức ngồi lặng xuống ghế ôm đầu:
-Trời ơi là trời, sao lại là lúc này chứ??
Vân thấy Đức phản ứng lạ thì đến ngồi cạnh cười nói:
-Anh làm sao thế, có thai cũng tốt mà, anh với em sắp ra trường cả rồi, mình tổ chức đám cưới luôn, em sẽ báo với mẹ.
Vân nói rồi cầm điện thoại lên nhưng Đức cản lại:
-Em làm gì thế,bình tĩnh đã.
Từ sau khi nhận được tin đó, Đức cả ngày thẫn thờ, đến tối anh quyết định liều nói với Vân:
-Hay là em… phá thai đi.
Vân trợn tròn mắt:
-Anh nói cái gì đấy?? Anh có bị làm sao không mà đòi phá thai??
Đức nắm lấy tay Vân:
-Không, anh nói nghiêm túc đấy, chúng ta..giờ chưa có gì trong tay, đẻ con bây giờ chẳng phải em sẽ khổ lắm sao.
-Em lo được.
Vân thì cương quyết còn Đức vẫn cố nài nỉ:
-Để đến khi cưới rồi có con vẫn chưa muộn mà em.
Nhưng dù Đức có nói thế nào Vân cứ khăng khăng giữ lại đứa con. Vì chuyện này mà cả 2 chiến tranh lạnh.
Một đêm, Vân tỉnh dậy thì không thấy người yêu đâu, anh chỉ để lại tờ giấy trên bàn vỏn vẹn 1 câu “Em hãy bỏ đứa con đi”. Vân hốt hoảng gọi điện cho Đức thì không liên lạc được. Cô 1 mình bật khóc đau đớn trong đêm.
Còn Đức, lần đó anh bỏ đi là quyết chí về quê, ý định này anh đã có ngay từ đầu nhưng sau khi biết tin người yêu có bầu thì anh quyết định luôn không ngần ngại. Bỏ về quê, trong lúc vác bằng đại học đi xin việc khắp nơi chưa được, Đức lại yêu ngay 1 cô gái con nhà có chức quyền trong tỉnh. Nhờ thế, anh dễ dàng có 1 công việc như ý.
Yêu Hạnh rồi, nhưng thỉnh thoảng Đức vẫn nghĩ về Vân, nhưng không phải nhớ mà là lo sợ, anh sợ Vân sẽ tìm đến anh để quấy rối. Nghĩ mãi cuối cùng Đức vẫn tặc lưỡi “từ thành phố về đây hơn 300 cây số, cô ta có mà tìm đằng trời”. Suy nghĩ ấy giúp Đức vui vẻ hạnh phúc bên tình mới.
Yêu nhau được 2 năm thì Đức và Hạnh làm đám cưới, 1 đám cưới hoành tráng nhất nhì tỉnh. Gia đình Hạnh thì khỏi phải bàn còn bố mẹ Đức bây giờ cũng là gia đình khá giả, không ngần ngại chi tiền cho đám cưới của đứa con trai độc nhất. Họ đặt tổ chức hôn lễ ở 1 nhà hàng sang trọng với gần 200 mâm cỗ. Đức mừng lắm, suốt mấy ngày nay anh vui đến mất ngủ.
Nhưng trớ trêu thay, đến ngày cưới, 200 mâm cỗ đã nguội lạnh mà khách vẫn chưa thấy khách khứa đến. Đức lo lắng chạy lại hỏi mẹ:
-Mẹ, quá giờ làm lễ 2 tiếng rồi mà sao chưa thấy khách, mẹ mời có đúng giờ không thế??
-Sao mà sai được, giờ giấc còn ghi rành rành ở thiếp mời đây này. Thế này là thế nào nhỉ??
Cả 2 bên gia đình đều hoang mang, còn cô dâu bắt đầu rưng rưng nước mắt.
Đúng lúc ấy, 1 chiếc xe ô tô màu trắng đi đến đỗ trước cửa. Mọi người hồ hởi chạy hết ra ngoài vì cứ nghĩ khách đến. Cho đến khi, người trên xe vừa bước xuống thì chú rể chết điếng làm rơi luôn bó hoa trên tay:
-Cô, sao cô lại…??
Cô dâu kéo chồng lại hỏi:
-Cô ta là ai mà anh ngạc nhiên thế??
Chồng cúi mặt không đáp thì Cô gái kia mới cười nửa miệng nói:
-Xin chào, tôi là Vân, là người yêu cũ của chồng cô đây.
Mọi người tá hỏa, nhìn nhau. Bố mẹ vợ Đức hỏi Vân:
-Thế hôm nay cô tới đây làm gì, xin đi cho, chúng tôi đang đón khách.
Nghe thế Vân phì cười:
-Đón khách?? Làm gì có ai đến mà đợi.
-Cô nói thế là có ý gì??
Vân từ tốn đến trước mặt cô dâu:
-Ý gì à?? Những người khách đến đây nhưng họ không vào vì họ đã được thông báo buổi lễ sẽ bị hủy bỏ, còn được tặng kèm những điều thú vị về chú rể nữa.
Cả nhà há hốc mồm khó hiểu còn Đức thì đứng run rẩy, Vân một mình độc diễn, cô quay ra xe gọi to:
-Con ơi, vào đây.
Một đứa bé tầm 2 tuổi được một người phụ nữ lớn tuổi dẫn vào.
-Xin giới thiệu với mọi người, đây là con của anh Đức và tôi, kết quả của mối tình ngu dại của tôi với anh ta. Tôi đã bị anh ta lợi dụng, qua mặt, và đau đớn hơn là anh ta còn bắt tôi vứt bỏ cả đứa con. May mắn thay, lúc tuyệt vọng nhất tôi còn có gia đình bên cạnh.
Hạnh nghe xong thì đứng không vững, còn 2 bên bố mẹ thì chỉ biết nhìn nhau, họ nhìn vào đứa bé kia, quả thật từng đường nét của nó giống Đức như lột.
Không thể chối cãi, Đức chay đến quỳ gối trước mặt Hạnh:
-Vợ, anh xin lỗi, anh..anh không biết là cô ta lại giữ đứa bé này.
Hạnh trấn tĩnh đưa mắt liếc chồng:
-Anh là đồ đàn ông tồi, anh cút..cút ngay.
Đức định nói tiếp thì bố vợ đã kéo tay con gái đứng dậy:
-Đi về, đi về con. Thằng khốn nạn này không đáng mặt làm chồng con.
Đức lê lết dưới sàn khóc lóc năn nỉ nhưng không 1 ai cảm thông nổi. Trước khi đi, bố vợ còn nói thêm:
-Từ hôm nay anh cũng chính thức bị sa thải.
Xem xong màn kịch đó, Vân vỗ tay sung sướng rồi dắt con lên xe quay lại thành phố. Cả đám cưới chỉ còn lại chú rể đang gục dưới chân bàn và bố mẹ anh ta nhìn nhau đau đớn. Đó là cái giá mà những kẻ sở khanh phải trả.",1,spam
"Cảnh báo lừa đảo đầu tư sàn chứng khoán quốc tế, tiền vào thì dễ nhưng không rút ra được.",1,spam
"Đài truyền hình trung ương Trung Quốc CCTV hôm nay phát sóng hình ảnh Li Xiong với đầu gần như cạo trọc, bị còng tay và bị cảnh sát áp giải xuống từ máy bay của hãng China Southern Airlines. Theo Bộ Công an Trung Quốc, Li đóng vai trò trung tâm trong một ""tổ chức đánh bạc và lừa đảo xuyên biên giới quy mô lớn"". ""Các cuộc điều tra cho thấy Li Xiong, cựu chủ tịch Huione Group thuộc Prince Group, bị nghi liên quan nhiều tội danh"", CCTV đưa tin. Li bị bắt tại Campuchia và bị trục xuất theo yêu cầu của phía Trung Quốc sau cuộc điều tra chung kéo dài nhiều tháng, Bộ Nội vụ Campuchia cho hay. Phát ngôn viên Bộ Ngoại giao Trung Quốc nói rằng ""chống cờ bạc trực tuyến và lừa đảo qua mạng là trách nhiệm chung của cộng đồng quốc tế"". Chen Zhi, người sáng lập Prince Group, đã bị dẫn độ từ Campuchia về Trung Quốc hồi tháng 1. CCTV mô tả Li là ""thành viên cốt lõi trong băng nhóm tội phạm của Chen Zhi"". ""Li Xiong hiện bị áp dụng các biện pháp cưỡng chế theo quy định pháp luật"", đài này nêu thêm. Mạng lưới chống tội phạm tài chính của Bộ Tài chính Mỹ (FinCEN) hồi tháng 5/2025 xác định Huione Group là ""mối quan ngại chính về rửa tiền"". Theo họ, tập đoàn này đã tiếp tay cho hơn 4 tỷ USD giao dịch bất hợp pháp từ tháng 8/2021 đến tháng 1/2025. FinCEN đã cấm các tổ chức tài chính Mỹ duy trì tài khoản cho Huione và xử lý các giao dịch liên quan đến tập đoàn có trụ sở tại Campuchia này kể từ tháng 10/2025. Trong những năm gần đây, Campuchia trở thành điểm nóng của các hoạt động lừa đảo trực tuyến. Các nhóm tội phạm xuyên quốc gia ban đầu chủ yếu nhắm vào người nói tiếng Trung, sau đó mở rộng mục tiêu và chiếm đoạt hàng chục tỷ USD mỗi năm từ các nạn nhân trên toàn thế giới. Thủ tướng Campuchia Hun Manet hồi tháng 2 nói rằng các trung tâm lừa đảo đang phá hoại nền kinh tế Campuchia và làm xấu hình ảnh quốc gia. Cả Chen và Li đều sinh ra tại Trung Quốc và từng được cấp quốc tịch Campuchia, nhưng sau đó đã bị Phnom Penh thu hồi. Giới chức Campuchia cam kết đóng cửa toàn bộ trung tâm lừa đảo trực tuyến trước cuối tháng 4. Huyền Lê (Theo AFP)",1,spam
ĐỂ BÁN - ARSENAL DARTBOARD.,1,spam
"Đánh dấu, đánh dấu, đánh dấu ... babe",0,ham
"Né gấp thủ đoạn này: Đối tượng giả danh cán bộ Bộ Công an, Viện kiểm sát gọi điện thông báo tài khoản ngân hàng bị rò rỉ thông tin bảo mật, yêu cầu cung cấp tên đăng nhập và mã OTP để bảo vệ tài khoản. Mọi người tuyệt đối không làm theo!",1,spam
"Cười vỡ bụng khi tiếng CẢI CÁCH ""vuông tròn"" xâm nhập chợ búa, các mẹ sử dụng chuyên nghiệp
Những ngày qua, các phụ huynh liên tục chia sẻ các clip con học tập đọc với phương pháp mới, đọc thơ qua các hình tam giác, ô vuông mà không đánh vần chữ.
Học máy móc, rắc rối?
Trên mạng xã hội, các phụ huynh bức xúc liên tục chia sẻ các clip con họ tập đọc với phương pháp mới, đọc qua các hình tam giác, ô vuông mà không đánh vần chữ. Ngay lập tức những ký tự tam giác, ô vuông, trái tim trở thành chủ đề hot để cư dân mạng khai thác, điều chế thành những sản phẩm mang tính chất giải trí.
Việc làm ngày có thể mang mục đích phản đổi các đánh vần, cách dạy học mới theo kiểu cải cách đang xôn xao mấy ngày nay…
Hàng loạt những hot hit của các ca sỹ nổi tiếng đình đám ngày nay được chế theo trào lưu ô vuông tam giác khiến dân mạng không thể nhịn cười
Những video clip làm ra hầu hết phản đối phương pháp dạy học cải cách của GS Hồ Ngọc Đại
Video này chỉ mang tính chất giải trí",1,spam
"Tôi sẽ gọi cho bạn 2Mrw khi kết thúc, với địa chỉ của tôi rằng freek của American sẽ không ngừng gọi cho tôi 2 xấu jen k eh?",0,ham
Bạn khỏe không?,0,ham
"Sự thật kinh hoàng về nước Mỹ qua lời kể của một du học sinh Trung Quốc
Dưới đây là câu chuyện về một du học sinh Trung Quốc sau khi sang Mỹ du học, sự thật về nước Mỹ làm cậu bàng hoàng..
Tôi đã từng ôm giấc mộng được học tập ở đó, đã tìm mọi cách để tới được cái xứ sở siêu cường đó.
Tôi có thời gian qua Mỹ khá lâu. Và nói thật, đến giờ này tôi vẫn còn thấy hối hận vì sự lựa chọn đó! Truyền thông phương Tây đã khiến chúng ta mê muội rằng Hoa Kỳ là một xứ sở hiện đại! Tôi đã từng ôm giấc mộng được học tập ở đó, đã tìm mọi cách để tới được cái xứ sở siêu cường đó.
Nhưng than ôi những gì tôi chứng kiến ở Hoa Kỳ rất đáng thất vọng!
1. Công nghiệp
Nước Mỹ thật ra chỉ là một làng quê khổng lồ chậm phát triển!
Hồi trung học, chúng ta đã được dạy rằng, công nghiệp càng phát triển bao nhiêu thì môi trường càng bị xâm hại bấy nhiêu. Chúng ta biết rằng một thành phố công nghiệp tất phải có nhiều ống khói, nhiều nhà máy và khói bụi khắp nơi. Đó là biểu tượng của sự công nghiệp hóa. Thế mà ở tại xứ cờ hoa này lại không có một cái ống khói nào! Họa hoằn lắm mới thấy một vài cái nhỏ tí ti để trang trí nhà cửa thôi!
Và ở Mỹ, bạn cũng chỉ thấy toàn sông hồ trong sạch, chả tìm đâu ra nhà máy giấy, nhà máy luyện thép bên sông! Không khí trong lành thanh khiết này là dấu hiệu của một xã hội sơ khai chứ còn gì nữa! Chả có dấu vết gì của công nghiệp hóa cả!
2. Kinh tế
Người Mỹ hầu như không biết làm kinh tế! Bạn biết đấy, nước họ có chỗ nào mà xa lộ không tới, vươn đến mọi làng mạc xa xôi, thế mà tịnh không thấy một trạm thu phí nào! Thế là mất toi cả núi vàng!
Ước gì tôi có thể xây dựng vài cái trạm thu phí! Chắc chắn dăm bữa nửa tháng là gom đủ tiền mua được cả tòa lâu đài trông ra Đại Tây Dương!
Hai bên xa lộ còn những cụm hồ hoang sơ tĩnh lặng. Thế mà chính quyền cứ để mặc cho lũ chim trời cá nước thỏa sức vẫy vùng, không nghĩ đến việc xây dựng vườn cảnh để thu lợi. Người Mỹ rõ ràng là không có đầu óc kinh tế tẹo nào.
3. Xây dựng
Trình độ xây dựng của người Mỹ còn sơ khai lắm. Ngoài một số ít tòa nhà chọc trời tại các thành phố lớn, tôi dám chắc bạn rất ít gặp những công trình bê tông ở nước Mỹ. Nhà của người Mỹ thường làm bằng gỗ và vài thứ vật liệu nhẹ khác.
Thử nghĩ mà xem, đến giờ này mà gỗ vẫn còn được dùng để xây dựng nhà cửa, thì có thể nói là trình độ kiến trúc của nước ngoại bang này còn thua xa trình độ của triều đại chúng ta xưa kia!
4. Văn hóa
Người Mỹ có cách suy nghĩ thật là lạc hậu và khờ khạo.
Hồi mới tới Mỹ, tôi thuê một xe chở hành lý giá 3 đô la. Nhưng tôi lại không có tiền lẻ. Một người Mỹ liền trả dùm tôi 3 đô la đó và vì thấy tôi lỉnh kỉnh đồ đạc nên đã giúp mang lên xe! Người này còn sẵn sàng mở cửa giúp tôi và hỏi tôi có cần giúp đỡ gì nữa không? Thế đấy!
Ở Trung Quốc, mấy chuyện này chỉ có vào thời Lôi Phong tức là vào những năm 50, 60 của thế kỷ trước thôi – còn bây giờ lối cư xử đó quá ư lạc hậu. (Lôi Phong là một thanh niên mà thời Mao thường nhắc tới như một tấm gương về đạo đức).
Hồi đó người ta chuộng lối sống ‘đạo đức giả’ nhưng bây giờ chúng ta không như vậy nữa. Bây giờ chúng ta nên sống thực dụng và trần trụi hơn, đó mới là hiện đại chứ! Tư duy của người Mỹ lạc hậu hơn chúng ta hàng mấy thập kỷ và không có dấu hiệu nào cho thấy họ có thể bắt kịp chúng ta!
5. Ẩm thực
Người Mỹ làm như không biết thưởng thức thịt thú rừng.
Một đêm nọ, tôi cùng các bạn cùng lớp lái xe đi đến một thành phố khác, thình lình có mấy con nai nhảy xổ ra. Anh bạn tôi lập tức thắng lại và bẻ sang hướng khác để tránh. Ai cũng biết tai nạn loại này có thể làm hỏng cả chiếc xe. Thế mà chính quyền đành bó tay không biết phải xử lý tụi thú hoang này như thế nào cơ đấy!
Người Mỹ làm như cũng không biết ăn thịt thú rừng, thậm chí không có nhà hàng nào bán thịt thú rừng, họ chả thiết đến loại thịt thú rừng thơm ngon bổ như hươu nai, và cũng chả thiết lấy sừng bọn thú này để kiếm bộn tiền!
Người Mỹ vẫn sống cùng những con thú hoang dã đó, thậm chí còn đưa ra những biện pháp để bảo vệ chúng. Quả thật, đó là một xã hội còn quá sơ khai!
6. Phong cách
Người Mỹ làm như không biết tự trọng!
Các giáo sư Mỹ không quan tâm nhiều đến bề ngoài, họ không hề có cái gọi là phong thái bác học. Giáo sư Davis chẳng hạn, là một giáo sư tâm lý học cực kỳ nổi tiếng thế mà vào giờ nghỉ ông ấy cũng thường ăn bánh bích quy với sinh viên trong văn phòng của mình, và bàn tán xôm tụ với họ về bộ phim 21, hay về minh tinh Trung Quốc Chương Tử Di ! Ông cũng không có phong cách uy nghi của một nhà bác học, và điều đó làm tôi thất vọng ghê gớm!
Các nghiên cứu sinh sau tiến sĩ cũng không bao giờ ghi hai chữ Ph.D. lên danh thiếp của mình như ở nước ta. Họ thậm chí cũng không biết cách thể hiện vị thế của mình. Thành ra những người học với những ông thầy như vậy nếu trở thành những quan chức thì làm sao biết cách đi đứng nói năng cho đúng bộ lệ đây!
Còn ở Trung Quốc, giờ đây các công chức dường như rất biết cách để thu hút sự kính trọng của dân chúng, thậm chí đến cả vị giám đốc của một cơ quan tầm tầm ở Trung Quốc có khi còn uy thế hơn cả Tổng Thống Mỹ cơ đấy! Một công dân hạng ba của Trung Quốc có khi còn xa một công dân hạng nhất của Mỹ là vậy!
7. Học đường HỌC SINH TIỂU HỌC MỸ CHẢ CÓ LÝ TƯỞNG CAO XA GÌ SẤT.
Chúng không hề có ý định đi học để trở thành ông này bà nọ trong chính quyền! Không hề có học đường nào dành cho chủ tịch, bí thư, ủy viên tương lai, như tôi đã từng thấy hồi còn nhỏ ở quê nhà. Các em không có bài tập về nhà. Bài tập về nhà kiểu như các học sinh như các học sinh Trung Quốc là khá xa lạ ở Mỹ.
Trường học ở Mỹ chú trọng đến đạo đức, trước hết để giúp cho các đứa trẻ trở thành những công dân có đủ tư cách, sau đó mới tính đến chuyện lý tưởng lâu dài. Trở thành công dân có đủ tư cách ư? Một quan niệm nghe mới cổ hủ làm sao!
8. Y tế
Người Mỹ làm lớn chuyện một cách kỳ cục khi có bệnh.
Đầu tiên họ đi bác sĩ khám bệnh, rồi bác sĩ kê toa. Rồi cầm toa đó đi mua thuốc, mua xong còn phải nghe dược sĩ hướng dẫn sử dụng… ôi chao mọi việc chẳng thể nhanh gọn như ở Trung Quốc… Tôi chả hiểu tại sao ở Mỹ lại phân biệt việc khám bệnh với việc bán thuốc… mà lẽ ra nên tách rời lợi nhuận với trách nhiệm!
Rõ ràng là các bệnh viện ở Hoa Kỳ không biết kiếm tiền mà! Sao lại phải nói tên thuốc cho bệnh nhân biết chứ?… chỉ có như vậy họ mới độc quyền bán thuốc với giá cao gấp cả chục lần cơ mà! Có quá nhiều cơ hội làm ăn béo bở thế mà họ không biết tranh thủ khai thác, rõ ràng kinh tế thị trường tư bản chủ nghĩa ở Mỹ đã chết rồi!
9. Báo chí
Ý kiến của công chúng Mỹ thật chả ra làm sao!
Đôi khi tôi hoàn toàn mất kiên nhẫn với sự ngu dốt và khờ khạo của người Mỹ.
Chẳng hạn khi họ biết Trung Quốc có đài truyền hình và báo chí, họ đã hỏi tôi một câu ngu dốt như thế này: Hóa ra Trung Quốc cũng có báo chí à? Nghe mà bực cả người
Chúng ta có những tờ báo tiếng Trung được Bộ Truyền Thông cho phép ấn hành sau khi đã rà soát một cách cẩn thận đấy chứ. Báo của chúng ta toàn là những bài ca tụng lãnh tụ lên mây cả, có đâu như báo Mỹ, công chúng đóng góp phê bình loạn cả lên, thậm chí còn dám “chửi” cả tổng thống nữa cơ đấy!
Báo chí chúng ta đâu có chuyện công khai mấy vụ bê bối của quan chức, bởi nếu cứ tung hê lên thì sau này ai mà muốn làm lãnh đạo nữa chứ!
10. Tâm linh
Người Mỹ có đời sống tinh thần hết sức vô vị nhạt nhẽo.
Tôi chả hiểu tại sao trước mỗi bữa ăn họ lại lẩm bẩm mấy câu kinh thánh nghe hết sức khờ khạo: “Cầu Chúa phù hộ nước Mỹ”.
Thật là buồn cười quá đi: Nếu Chúa phù hộ nước Mỹ thì làm sao lại để nước Mỹ lạc hậu, sơ khai, đơn giản đến thế này? Cầu Chúa có ích lợi gì chứ? Thực tế nhất là bạn nên dành thời gian đó để đi lễ thủ trưởng như ở nước ta!
Đó mới đúng là hiện đại chứ lỵ!
11. Lối sống
Người Mỹ chả có khái niệm về thời gian. Bất luận chuyện lớn chuyện nhỏ, người Mỹ đều ngoan ngoãn đứng vào hàng chờ đợi… Còn chúng ta – như bạn biết đấy – khôn hơn nhiều!
Bất kể đám đông như thế nào, chúng ta vẫn có kỹ năng chen lấn tuyệt vời, điều này giúp tiết kiệm thời gian, và tránh được sự mệt mỏi khi đứng chờ!
Nếu ai đó biết đi cổng sau thì kết quả tiết kiệm thời gian còn tuyệt hơn nữa. Thế mà những người Mỹ lẩm cẩm lại không biết đến những điều hay ho đó cơ chứ!
12. Mua bán
Những cửa hàng ở Mỹ có một phong cách buôn bán hết sức vô lý: Bạn có thể đem trả lại hàng hóa vài tuần sau khi đã mua về mà thậm chí cũng không cần nêu lý do. Ở ta thì làm gì có chuyện cho đổi hàng mà không hò hét quát tháo nhau ra trò chứ!
13. An toàn
Nước Mỹ không an toàn chút nào! Tôi nói điều này bởi có tới 95% nhà dân không có tới lưới chống trộm và lại không có hàng rào xung quanh, và điều kỳ lạ nữa là: Chả biết mấy tên trộm đi đâu hết rồi? Có nhiều ngôi nhà đẹp đẽ sang trọng mà ban đêm nhiều người Mỹ còn không biết khóa cửa lúc họ đi ngủ nữa. Thật mất an toàn hết sức!
14. Giao thông
Người Mỹ sao mà nhút nhát và yếu đuối quá vậy không biết! Tôi nói điều này cũng bởi có tới 95% tài xế không dám vượt đèn đỏ! Ở nước ta thì phần lớn tài xế đều có thừa dũng cảm vượt đèn đỏ.
Và mặc dầu 99% dân Mỹ có xe hơi, vậy mà cách lái xe của họ thật lạ: Bao nhiêu là xe cộ lưu thông nhưng không mấy khi nghe tiếng còi xe, phố xá vì thế vắng lặng đến nỗi cứ ngỡ không phải là phố xá nữa, tại sao người lái xe lại không bóp còi inh ỏi cho sướng tay như ở bên ta nhỉ? Phố xá bên Mỹ làm sao mà bì được với phố xá ồn ào náo nhiệt ở Trung Quốc cơ chứ!
15. Tình cảm
Người Mỹ rất là thiếu tình cảm và hình như không có cảm xúc. Có tới 95% nhân viên người Mỹ không nghĩ tới việc phải làm gì cho tiệc cưới của sếp hoặc của con cái sếp, họ chẳng bao giờ phải vắt óc tìm ra lý do để chăm sóc sếp của mình. Ở Trung Quốc liệu có ai điên đến mức bỏ qua cơ hội chăm sóc sếp của mình không? Nói cách khác, có ai dám làm điều đó không? Hãy xem, người Trung Quốc chúng ta có biết bao nhiêu là tình cảm thương mến đối với lãnh đạo!
16. Nhạy bén
Người Mỹ không nhạy bén chút nào! 99% người Mỹ đều đi học, đi làm, và thăng quan tiến chức, mà không hề biết đến sự cần thiết của “phong bì” để có thể mở ra một cánh cửa… sau, để giúp cho họ được thăng quan tiến chức nhanh hơn, giống như người Trung Quốc chúng ta!
Vậy thì còn đi Mỹ để làm gì nữa cơ chứ??!!!!
Theo tinnuocmy",1,spam
. Vui lòng tính phí điện thoại di động của tôi khi bạn thức dậy vào buổi sáng.,0,ham
Ya rất đẹp.,0,ham
Trả lời để giành được 100 bảng hàng tuần!,1,spam
"Bạn có một người ngưỡng mộ bí mật, người đang tìm kiếm 2 người liên lạc với bạn, ai là người mà họ tiết lộ ai nghĩ rằng bạn rất đặc biệt gọi vào ngày 09058094594",1,spam
"Né gấp thủ đoạn này: Cảnh báo bẫy lừa đảo làm dịch vụ xóa nợ xấu ngân hàng, nợ xấu CIC. Kẻ gian yêu cầu chuyển chi phí dịch vụ trước rồi gửi hóa đơn/xác nhận giả mạo nhằm chiếm đoạt tiền. Mọi người tuyệt đối không làm theo!",1,spam
Tôi đã có thêm hai chữ cái từ.,0,ham
Cảm ơn bạn!,0,ham
Đoán xem tôi là ai? Đây là lần đầu tiên tôi tạo một trang web www.asjesus.com Đọc tất cả những gì tôi đã viết.,1,spam
09066362231 khẩn cấp!,1,spam
Cuộc sống chưa bao giờ là niềm vui và tuyệt vời cho đến khi bạn bước vào. Bạn đã làm cho nó thực sự đặc biệt đối với tôi.,1,spam
Mỗi ngày tôi sử dụng để ngủ sau & lt;#& gt;,0,ham
TextBuddy Trò chuyện mới 2 Guys Horny ở khu vực của bạn 4 chỉ 25p miễn phí 2 Nhận mã bưu điện tìm kiếm hoặc tại gaytextbuddy.com.,1,spam
Xin chào.,1,spam
"Tin tức hôm nay: Ứng dụng chuyển đổi số trong quản lý đô thị giúp rút ngắn thời gian xử lý thủ tục hành chính cho người dân và doanh nghiệp, nâng cao tính minh bạch của chính quyền. Chi tiết xem tại cổng thông tin chính thức.",0,ham
"Ngày 22/8, Nguyễn Văn Chung, 42 tuổi, bị Công an tỉnh Nghệ An bắt tạm giam về tội Lừa đảo chiếm đoạt tài sản, theo Điều 174 Bộ luật Hình sự. Nhà chức trách đang mở rộng vụ án, làm rõ hành vi Làm giả và Sử dụng con dấu, tài liệu của cơ quan, tổ chức của Chung để xử lý theo quy định. Theo điều tra, Chung làm môi giới bất động sản. Năm 2023, ông ta tìm trên mạng thông tin thửa đất rừng số 23, rộng 62.628 m2 tại khu vực Khe Cấy, xã Tam Sơn, huyện Anh Sơn cũ (nay là xã Nhân Hòa), rồi tự nhận là chủ đất để rao bán. Tháng 11/2023, sau khi môi giới thửa đất cho một người đàn ông 55 tuổi, Chung thuê người làm giả giấy chứng nhận quyền sử dụng đất đứng tên người mua, sửa diện tích từ 62.628 m2 thành 74.628 m2 và chiếm đoạt 60 triệu đồng. Chung sau đó dùng thông tin thửa đất và giấy tờ giả để tiếp tục chào bán, nói đã mua lại và có quyền chuyển nhượng. Ngày 18/9/2025, một người đàn ông 35 tuổi giao cho Chung tổng cộng 532 triệu đồng để mua đất. Hôm sau, Chung tiếp tục bán thửa đất cho hai người khác, nhận 500 triệu đồng đặt cọc. Từ tố cáo của các nạn nhân, cảnh sát điều tra, bắt Chung, xác định ông ta đã dùng thủ đoạn trên chiếm đoạt hơn một tỷ đồng của 3 người. Đức Hùng",1,spam
"Đó sẽ là tốt ‰ û_ Tôi sẽ gọi điện cho bạn vào giờ ăn trưa, tôi sẽ, để tổ chức một cái gì đó?",0,ham
"Mẹ, tôi đã gửi cho bạn nhiều tin nhắn kể từ khi tôi đến đây.",0,ham
"Xin chào, bạn có thể cho tôi một chiếc nhẫn càng sớm càng được không",0,ham
"Tôi không biết, điều tương tự cũng sai thường xuyên, anh ấy hoảng loạn bắt đầu đi trên không đủ tốt ‰ û_",0,ham
Xin lỗi tôi đã đi mua sắm.,0,ham
Chào chachi đã thử gọi cho bạn bây giờ không thể tiếp cận bạn .. xin cho tôi một cal bị bỏ lỡ một lần bạn,0,ham
Gửi logo 2 người yêu của bạn - 2 tên được nối bởi một trái tim.,1,spam
Nói với U 2 Gọi 09066358152 để nhận giải thưởng £ 5000.,1,spam
Ăn trưa :) Bạn không trực tuyến? Tại sao?,0,ham
"Nghiện xăm mình, thiếu nữ khóc ngất khi nhìn thấy cánh tay mình sau vài ngày đi xóa
Nhìn những hình ảnh rùng mình này, có ai còn can đảm đi xăm mình nữa không?
Xăm mình thời nay càng trở nên phổ biến hơn trước rất nhiều. Không chỉ để thể hiện cá tính, nhiều người còn tìm tới nó như 1 cách để lưu giữ kỷ niệm trên thân thể.
Tuy nhiên, để có được hình xăm, những khách hàng cũng phải trải qua ngàn vạn đau đớn đến từ những mũi kim. Chẳng những vậy, họ còn có thể gặp rủi ro khá cao nếu như gặp phải anh thợ không ưng ý. Hoặc khi không còn thích hình xăm đó nữa, họ hoàn toàn có thể rơi vào thảm cảnh như dưới đây.
Hình ảnh được chia sẻ trên Facebook hiện đang được cư dân mạng chú ý
Được một cư dân mạng có tên N.N.M.P chia sẻ trên Facebook, những hình ảnh vô cùng kinh hoàng của một người bạn sau khi đi xóa hình xăm nhanh chóng thu hút được sự chú ý của cộng đồng mạng. Có thể thấy mực đã phai hết nhưng thay vào đó là những vết phồng rộp đáng sợ.
Càng zoom gần, càng thấy kinh hoàng
Theo một thợ xăm có kinh nghiệm, đây là một hiện tượng hết sức bình thường sau khi xóa xăm. Thường mất tới 5 – 7 ngày để những vết phồng rộp kia xẹp xuống nhưng khổ chủ hoàn toàn không nên xóa xăm trên diện tích rộng như vậy trong 1 lần.
Trước đó, một cô gái trẻ ở Malaysia cũng đã phải nhận cái kết không thể kinh hoàng hơn vì nghiện xăm henna. Vài ngày sau khi xăm, đôi tay của cô trở nên đỏ rát, phồng rộp như bị bỏng.
Vẫn biết bị rơi vào hoàn cảnh này là do “hên xui” nhưng nhìn những hình ảnh đáng sợ như vậy, liệu có ai còn can đảm xăm mình nữa không?",1,spam
88800 và 89034 là dịch vụ điện thoại cao cấp Gọi 08718711108,1,spam
Tôi đang nhận được các mối đe dọa từ giám đốc bán hàng của bạn Shifad khi tôi đưa ra khiếu nại chống lại anh ta.,0,ham
Bạn đã thắng!,1,spam
Bất cứ điều gì nhưng toa payoh đã có nơi 2 đi bộ meh ...,0,ham
Ay wana gặp nhau trên sat? Ì_ wkg trên sat?,0,ham
Cho biết bạn đã đạt được nơi nào,0,ham
Vậy bạn sẽ nhận được Deus Ex?,0,ham
Xin chúc mừng 2 Videophones 3G di động r của bạn.,1,spam
"Đề xuất cấm tất cả công chức Hà Nội đổ xăng tại trạm xăng Nhật
Theo một nguồn tin, chiều ngày 11/10 UBND TP.Hà Nội nhận được công văn của Hiệp hội các doanh nghiệp xăng dầu tại Hà Nội về vấn đề sử dụng xăng dầu trên địa bàn.
 
 Tổng giám đốc Công ty Xăng dầu IQ8 có mặt tại trạm xăng dầu Thăng Long, ông đội mưa hàng tiếng đồng hồ, cúi chào khách vào đổ xăng.
 
 Trong công văn được trình lên, Hiệp hội đề nghị UBND ra quyết định cấm cán bộ, công nhân viên chức trên địa bàn Hà Nội đổ xăng tại trạm xăng Nhật Bản Idemitsu Q8 (IQ8). Lấy lí do người Việt Nam tự hào hàng Việt Nam, người Việt Nam nên ưu tiên dùng hàng Việt Nam. Tránh tình trạng sử dụng dịch vụ từ doanh nghiệp ngoại mà gián tiếp làm suy yếu các doanh nghiệp nội địa.
 Hàng loạt trạm xăng Petrolimex treo băng rôn: “Người Việt Nam ưu tiên dùng hàng Việt Nam”.
 
 Ngoài công văn trình lên UBND, Hiệp hội các doanh nghiệp xăng dầu cũng gửi kèm những văn bản đến các doanh nghiệp vận tải là đối tác của Hiệp hội các doanh nghiệp xăng dầu.
 
 Trong văn bản, Hiệp hội đề nghị các doanh nghiệp xăng dầu thành viên của mình nên mạnh tay với các doanh nghiệp vận tải có hành động đổ xăng tại trạm xăng IQ8. Bằng việc sẽ thu hồi toàn bộ công nợ mà các doanh nghiệp vận tải đang tồn đọng trên toàn hệ thống. Nặng hơn, Hiệp hội cũng đề nghị các doanh nghiệp thành viên ngừng hợp tác với các doanh nghiệp vận tải, từ đó các xe thuộc các doanh nghiệp vận tải vi phạm sẽ không được phép đổ xăng trên toàn hệ thống xăng dầu thuộc Hiệp hội.
 Trạm xăng Nhật Bản Idemitsu Q8 (IQ8) 100% vốn nước ngoài.
 
 Trước đó, Chủ tịch Hiệp hội xăng dầu Việt Nam Phan Thế Ruệ cũng đã phong phanh yêu cầu nhà nước nên ban hàng khung giá để doanh nghiệp trong nước và nước ngoài đều có giá ngang bằng nhau.
 Ông Phan Thế Ruệ, Chủ tịch Hiệp hội xăng dầu Việt Nam.
 
 Đây được xem là những nước cờ mạnh tay ngay từ đầu của Hiệp hội xăng dầu khi các doanh nghiệp nước ngoài bước vào kinh doanh tại thị trường Việt Nam. Hành động này nhằm ngăn chặn trường hợp doanh nghiệp Việt Nam sẽ trở nên thất thủ khi các doanh nghiệp nước ngoài đang từng bước đầu tư vào Việt Nam, điển hình như vụ việc đối đầu giữa các hãng taxi truyền thống với Grab và Uber của nước ngoài.
 
     Ngày 5/10, Tập đoàn xăng dầu hàng đầu Nhật Bản là Idemitsu Q8 đã chính thức khai trương cửa hàng xăng dầu đầu tiên tại Hà Nội, trạm xăng dầu 100% vốn đầu tư nước ngoài đầu tiên tham gia thị trường bán lẻ xăng dầu tại Việt Nam.
 
     IQ8 là công ty liên doanh giữa Kuwait International Petroleum của Kuwait và Idemitsu Kosan (Nhật Bản) thành lập hơn một năm trước, mỗi bên sở hữu 50% vốn điều lệ.
 
     Dựa trên những kinh nghiệm mà cả Kuwait Petroleum và Idemitsu đã gặt hái được tại châu Âu và Nhật Bản, Liên doanh Xăng dầu IQ8 đặt mục tiêu phát triển ngành nghề kinh doanh xăng dầu chuyên nghiệp và bài bản tại thị trường Việt Nam trong những năm tới. Dự kiến, sau Idemisu Q8 khai trương tại Hà Nội, Idemisu Q8 sẽ lần lượt xuất hiện tại một số tỉnh khu vực phía nam.
 
     IQ8 trang bị một hệ thống phần mềm quản lý trạm tự động cho phép thanh toán bằng thẻ với nhiều tính năng ưu việt đồng thời cho phép quản lý chính xác số lượng nhiên liệu đến 0,01 lít, cung cấp báo cáo chi tiết các giao dịch cho khách hàng.
 
 Tiến Hiệp",1,spam
Đoán xem!,1,spam
Tin nhắn miễn phí: Độc thân?,1,spam
Cô chạy đi với một người đàn ông trẻ hơn.,0,ham
8007 25p 4 Alfie Moon's Children in Need Song On Ur Mob.,1,spam
Xem tin nhắn chuyển tiếp để được chứng minh,0,ham
Reckon cần phải ở trong thị trấn bằng tám người để đi bộ từ * bãi đậu xe.,0,ham
Ngắn nhưng dễ thương: \ là một người tốt,0,ham
"Phần nào của \ không bắt đầu \ ""Bạn không hiểu""",0,ham
"Khám phá sửng sốt về trí nhớ ""như thần"" của động vật
Trí nhớ siêu việt của động vật chắc chắn sẽ khiến không ít người kinh ngạc, ngoài trí nhớ ""như thần"", có loài động vật còn có khả năng suy nghĩ logic và thực sự có thể suy ra nếu a = b và b = c thì a = c.
Cá heo
Kết quả nghiên cứu của các nhà khoa học Mỹ xác định cá heo là động vật có trí nhớ xã hội lâu nhất trong giới động vật. Các nhà nghiên cứu đã đem chú cá heo Bailey cách ly khỏi cô ""bạn gái” Alice trong khoảng thời gian hơn 20 năm. Tuy nhiên, sau khoảng thời gian dài xa cách như thế, Bailey vẫn nhận ra tín hiệu của Alice sau khi các nhà khoa học truyền lại những tín hiệu đó qua loa phóng thanh.
Tinh tinh
Những con tinh tinh có thể dễ dàng ghi nhớ cách sử dụng “công cụ lao động” như thế nào để lấy được những thức ăn ngon. Loài này được ghi nhận có trí nhớ lâu giống như con người, và sử dụng trí nhớ để giải quyết những nhiệm vụ sinh tồn.
Sư tử biển
Sư tử biển là động vật có trí nhớ tốt hàng đầu trong giới động vật trên trái đất. Loài này có khả năng suy nghĩ một cách logic và thực sự có thể suy ra nếu a = b và b = c thì a = c. Các nhà nghiên cứu đã thử nghiệm dạy cho con sư tử biển cái tên Rio cách nhận biết các chữ cái thử nghiệm, kết quả sau 10 năm, con vật vẫn còn nhớ như in các bài tập phức tạp mà nó đã học được.
Đười ươi
Trí nhớ của đười ươi phản ánh trong cách loài này bắt chước hành động của con người. Chúng có khả năng học các kỹ năng phức tạp, chẳng hạn như cưa gỗ hoặc dùng búa và đinh để đóng mọi thứ lại với nhau.
Chim bồ câu
Trí nhớ tốt chính là lý do giải thích việc chim bồ câu thường được sử dụng để đưa thư thời xưa. Chúng có khả năng nhớ vị trí địa lý rất tốt. Các nghiên cứu cho thấy bồ câu có khả năng nhớ mặt người và những nơi chúng đi qua trong suốt cuộc đời của chúng một cách tuyệt vời.
Loài cừu được cho là loài vật có khả năng ghi nhớ giỏi nhất, thậm chí được đánh giá tốt hơn con người trong những tình huống nhất định. Ví dụ, loài này có khả năng nhận ra sự thiếu hụt nhanh chóng khi một con cừu trong đàn bị mất tích. Ngoài ra, cừu còn biết thể hiện cảm xúc và phản ứng với nhiều thứ xảy ra xung quanh rất thông minh.
Ngựa có trí thông minh ấn tượng nên có thể dễ dàng huấn luyện. Chúng có trí nhớ tốt, có thể hiểu các lệnh phức tạp một cách nhanh chóng cho dù phải chịu áp lực căng thẳng.
Bạch tuộc
Các thử nghiệm cho thấy bạch tuộc có cả trí nhớ dài hạn và ngắn hạn. Chúng thực hiện các hành động theo ý thức. Bạch tuộc có thể tìm đường ra khỏi mê cung, phân biệt các hình khối, bắt chước hành vi của loài khác, học trò chơi.
Mèo có trí nhớ ngắn hạn cực tốt . Nghiên cứu được đưa ra trên tờ Current Biology vào năm 2007 khẳng định, trí nhớ ngắn hạn của mèo đôi khi có thể tồn tại đến 10 phút. Các nhà nghiên cứu đã thử chắn đường đi của chú mèo bằng một vật cản. Sau khi mèo đã vấp phải vật này bằng chân trước, họ nhanh chóng bỏ vật cản đi và khiến chú mèo mất tập trung, không nhận ra vật cản đã biến mất. Kết quả là sau 10 phút, khi đi con mèo vẫn nhấc chân sau lên như phản xạ để tránh vật cản mà nó nhớ rằng mười phút trước còn có ở đó.
Chim Clark’s Nutcracker
Chim Clark’s Nutcracker ở phía Tây Nam Mỹ được ghi nhận là loài có trí nhớ rất tốt. Mỗi mùa đông, loài chim này chôn hơn 30.000 hạt thông ở 7.000 điểm khác nhau, mỗi điểm 4-5 hạt. Trí nhớ của loài chim này tuyệt vời đến mức chúng có thể tìm lại được toàn bộ 7.000 điểm cất giấu sau đó.",1,spam
"Đừng lo lắng, 1 ngày rất lớn Lambu Ji sẽ đến..till sau đó thưởng thức bữa tiệc độc thân :-)",0,ham
"Thông tin đời sống: Các trường đại học đẩy mạnh hợp tác với doanh nghiệp nhằm nâng cao chất lượng đào tạo thực hành, tạo điều kiện cho sinh viên có việc làm ngay sau khi tốt nghiệp. Báo cáo mới nhất vừa được công bố.",0,ham
Lord of the Rings: Return of the King trong cửa hàng ngay bây giờ! Trả lời LOTR trước ngày 2 tháng 4,1,spam
Bạn đến 2 chọn tôi?,0,ham
Này TMR gặp nhau tại Bugis 930?,0,ham
Chào ya babe x u 4goten bout me? ',1,spam
Tôi đang ở Tirupur.,0,ham
"Thủ tướng Abe cúi đầu xin lỗi vì hành động phi thể thao của tuyển Nhật
Theo Sankei Sports, sáng nay Thủ tướng Nhật Bản Shinzo Abe công khai gửi lời xin lỗi tới Nhật hoàng và toàn bộ người dân vì tinh thần thi đấu phi thể thao của đội tuyển Nhật tại World Cup 2018.

Tối qua, sau lượt trận cuối vòng bảng World Cup 2018, Nhật Bản có cùng chỉ số phụ như Senegal, đội bị loại sau khi thua Colombia. Nhưng Nhật Bản vào vòng sau nhờ chỉ số fair-play vì nhận ít thẻ phạt hơn.
Thủ tướng Nhật Bản Shinzo Abe cúi đầu xin lỗi.

“Với tinh thần của những võ sĩ đạo Samurai, nhưng đội tuyển Nhật Bản đã có những hành động thiếu tinh thần thượng võ trong thi đấu tại World Cup, để lại nhiều chỉ trích và bất bình cho toàn dân, làm mất hình ảnh kiên cường của người dân Nhật Bản trên đấu trường quốc tế. Là người đứng đầu, tôi xin thành thật nhận trách nhiệm và gửi lời xin lỗi sâu sắc tới nhân dân.”, ông Abe cúi đầu nhận trách nhiệm về mình.
Người Nhật Bản nổi tiếng về tinh thần, trách nhiệm và chất võ sĩ đạo. Đó là lý do đội tuyển áo xanh được mệnh danh “Samurai xanh”. Tuy nhiên, Nhật Bản sau đó nhận chỉ trích dữ dội của người hâm mộ bóng đá vì lối chơi bóng tiêu cực, cố tình câu giờ để dành tấm vé đi tiếp.

Cụ thể, những phút cuối trận cuối vòng bảng gặp Ba Lan, do biết ở trận cùng giờ, Colombia cũng đang thắng Senegal với tỷ số 1-0 nên dù có đang bị dẫn trước với tỉ số tương tự, các cầu thủ Nhật Bản cũng không hề muốn gỡ hòa.
Các cầu thủ Nhật vui vẻ sau trận thua Ba Lan 0-1, có vé vào vòng 16 đội.

Tại World Cup 2018, FIFA sẽ tính điểm fair play, theo quy định 1 thẻ vàng -1 điểm; 2 thẻ vàng thành thẻ đỏ -3 điểm; thẻ đỏ trực tiếp -4 điểm. Nhật có 4 thẻ vàng còn Senegal có đến 6.

Chính vì sợ lãnh thêm thẻ vàng nên Nhật đã giết chết trận đấu trong những phút cuối. Họ liên tục chuyền bóng qua lại ở phần sân nhà. Thậm chí trong khoảng 5 phút cuối, cầu thủ Nhật Bản còn không đưa bóng sang phần sân đối phương, bất chấp sự la ó, huýt sáo của các CĐV trên sân. Điều này khiến thầy trò HLV Akira Nishino bị dư luận chỉ trích.

Với kết quả trên, Nhật Bản và Colombia là hai đội đi tiếp của bảng H. Ở vòng loại trực tiếp, Nhật Bản sẽ phải đối đầu với đối thủ cực mạnh là ĐT Bỉ. Trong khi đó, đội cùng đi tiếp với Nhật là Colombia sẽ gặp ĐT Anh.",1,spam
"Saw Guys and Búp bê đêm qua với Patrick Swayze, thật tuyệt",0,ham
Xin vui lòng đi trước với Watts.,0,ham
"Thông tin đời sống: Các trường đại học đẩy mạnh hợp tác với doanh nghiệp nhằm nâng cao chất lượng đào tạo thực hành, tạo điều kiện cho sinh viên có việc làm ngay sau khi tốt nghiệp. Sự việc đang thu hút sự chú ý của dư luận.",0,ham
Sex up di động của bạn với một bức ảnh gợi cảm miễn phí của jordan!,1,spam
Làm 1 điều!,0,ham
"Sau đó, tốt hơn là đi ngủ ..",0,ham
"K, có ý nghĩa, BTW Carlos đang khó khăn nên các bạn sẽ hút thuốc trong khi tôi đi lấy lô thứ hai và lấy xăng",0,ham
Chìa khóa nhà để xe ở đâu?,0,ham
Họ đang làm điều đó đến rất nhiều nơi.,0,ham
"Mạng 0A $ cho phép các công ty lập hóa đơn cho SMS, vì vậy họ chịu trách nhiệm cho nhà cung cấp \ của họ \ """,1,spam
Tôi là một diễn viên.,0,ham
Có 11 phút di động của bạn?,1,spam
"Bi kịch ngoại tình với bố chồng


Vậy là sau hơn 5 tháng lấy chồng, tôi đã thành “đàn bà” với đúng nghĩa. Tôi đã biết mùi “yêu” với đàn ông. Nhưng đó không phải là việc tôi quan hệ với chồng tôi.

Bố chồng tôi khi ấy đã 51 tuổi. Trông ông còn phương phi và phong độ lắm. Ông bà sinh được cả thảy 4 người con, hai trai và hai gái. Hai người con gái học xong phổ thông, thì lấy chồng xã khác. Mỗi người đều đã có con cái đề huề và kinh tế gia đình khá giả. Vì vậy, chẳng có gì phải bàn về họ nữa. Có bàn chăng là bàn về hai người con trai của họ mà thôi.

Anh lớn tên Tâm nghe đâu rất thông minh và sáng dạ. Nhưng do ""sáng quá"" nên sau khi thi trúng đại học, anh lên Hà Nội học rồi đua đòi với chúng bạn nên mắc nghiện ma túy. Mấy năm đằng đẵng, bố mẹ chồng tôi liên tục gửi tiền lên cho anh ăn học, nào ngờ số tiền ấy Tâm nướng hết vào cái chất chết người kia. Chưa kịp tốt nghiệp đại học thì anh dính Sida và nhanh chóng qua đời. Người em (chồng tôi sau này) tên Đắc cũng thông minh không kém. Nhưng trong một lần đi xe máy, do không đội mũ bảo hiểm và chẳng biết lạng lách thế nào mà Đắc ngã xe, bị gãy cột sống, bị thương sọ não, nên nhiều lúc ngơ ngơ thật tội nghiệp.

Bố chồng tôi - ông Quyền là giám đốc một công ty xuất khẩu có tiếng trên thành phố. Cơ ngơi của ông có vào khoảng hơn bốn chục tỷ đồng. Kinh tế khá giả là thế, nhưng con cái như vậy, nên ông bà rất buồn. Cứ đi làm thì thôi, về đến nhà là ông lại thở dài. Bà biết chồng buồn nhưng cũng không dám lên tiếng, sợ ông lại buồn thêm.

Tôi được biết đã nhiều lần, ông bảo bà ""Bà xem ở trong làng có con bé nào thì nhắm cho thằng Đắc một đứa. Không lấy vợ cho nó thì nhà mình coi như tuyệt tự. Với lại, cái cơ ngơi trên công ty hàng chục tỷ đồng kia cuối cùng thì vứt cho ai?"". Là nói thế chứ ông cũng biết việc này là khó lắm. Giấu gì thì được chứ giấu cái ngớ ngẩn của con trai mình thì xem ra như cầm thúng úp voi. Rồi ông ngấm ngầm đi tìm vợ cho con nhưng không phải người làng mà là người của công ty.

Và người đó không ai khác, chính là tôi. Một lần, trên đường đi công tác, ông tâm sự với tôi về chuyện tìm vợ cho Đắc. Nghe ông nói, tôi cảm thông và động viên ông ""Bác ơi, cháu đã gặp anh Đắc rồi. Anh ấy có đến nỗi nào đâu mà bác phải lo thế ạ?"". Ông cười buồn ""Không lo sao được hả cháu? Sau cái lần nó bị tai nạn giao thông, bình thường thì không sao, nhưng nhiều lúc nó không được khôn như người ta. Bác thì già rồi. Không lấy được vợ cho nó thì cái cơ ngơi của công ty sau này không biết giao lại cho ai?"". Tôi động viên ông ""Cháu nghĩ, anh ấy không khó lấy vợ đến thế đâu bác ạ. Bác đừng lo quá như thế"". ""Ừ thì… bác cũng mong là thế. Giá có người con gái nào cảm thông với gia đình bác, với thằng Đắc như cháu… mà làm vợ thằng nó thì bác yên tâm biết bao"".

Im lặng một lát rồi bác quay sang tôi, nửa đùa nửa thật ""Hay là Thắm làm con dâu bác, nhé? Có thể cháu sẽ bị thiệt thòi về mặt tình cảm, đổi lại cháu sẽ là người cai quản cái gia tài kia cho bác…"". Tôi không nói gì mà chỉ mủm mỉm cười. Tôi đã về nhà ông một đôi lần. Thực tình thì trông Đắc cũng không đến nỗi nào. Anh ta cao to, đẹp trai. Chỉ tội, có lúc trông anh ngô nghê của một người thần kinh không bình thường…

Rồi tôi được bố chồng tương lai đưa về nhà để gặp Đắc. Tiếp xúc với tôi, Đắc tỏ ra là một người bình thường. Tuy nhiên, trong cử chỉ và lời nói có lúc anh tỏ ra không được khôn cho lắm. Trộm nghĩ như bố chồng tương lai của tôi đã nói ""Có thể sẽ bị thiệt thòi về mặt tình cảm, nhưng đổi lại sẽ là người cai quản cái gia tài kia…"". Thực ra thì tôi không phải là người ham của. Nhưng nếu mình và sau này là con cái mình được cai quản cái gia tài kia thì quá tuyệt vời, nhiều người mơ cũng không được. Mà ở đời thì được thứ này, mất thứ kia chứ mấy ai được tất cả bao giờ đâu. Vậy là tôi quyết định lấy Đắc và làm dâu ông bà Quyền.

Đám cưới của chúng tôi diễn ra tương đối ầm ĩ và hoành tráng. Những người được bố chồng tôi giúp đỡ giờ được dịp ""Trả ơn"". Những món quà mừng cưới đắt giá, bố mẹ chồng tôi giao hết cho tôi. Tôi tạm ""hài lòng"" với những gì ban đầu khi mình bước chân vào gia đình này mà mình đã có.

Nhưng… tôi đâu ngờ sự tủi hận của một người con gái khi được làm vợ người ta đã bắt đầu ập xuống đầu tôi. Đêm tân hôn và mấy tháng sau đó, Đắc không làm tròn bổn phận của một người đàn ông. Khi thì anh không hoàn thành ""nhiệm vụ"", lúc thì thờ ơ, sao nhãng chuyện gối chăn… Cũng bởi khi bị tai nạn, anh bị thương ở đốt sống nên ""việc ấy"" anh không làm được. Tôi âm thầm chịu đựng, không dám hé răng nói với bố mẹ đẻ và cả với bố mẹ chồng. Đã có lúc, tôi trộm nghĩ ""hay là… mình tìm một ai đó khỏe mạnh để xin họ một đứa mà đẻ, mà nuôi để hợp lý hóa và để sau này nó hưởng cái gia sản kia chăng"". Nhưng rồi tôi không dám. Hơn nữa, tôi làm cùng công ty với bố chồng thì làm sao có thời gian, có cơ hội để tìm người khác mà thực hiện cái ý định của mình được.

Một ngày chủ nhật, mẹ chồng tôi và Đắc được lái xe của bố chồng chở về thăm ngoại. Chỉ có tôi và bố chồng ở nhà. Cơm nước xong, hai bố con đang ngồi xem tivi, chợt ông quay sang tôi, hỏi ""việc chăn gối của hai vợ chồng thế nào hả Thắm?"". Tôi nhìn ông, đỏ mặt ấp úng, không nói lên lời. Ông hỏi tiếp ""Đắc thế nào, nó có làm được cái chuyện ấy không?"". Chẳng hiểu sao lúc đó tôi đã nói tất cả những bất lực của chồng mình trong chuyện ấy với ông. Vừa nói, tôi vừa đưa hai bàn tay bưng mặt, khóc rưng rức, thương cho số phận mình. Đang trong tâm trạng xáo động, rối bời, tôi bỗng thấy hai bàn tay bố chồng tôi đặt nhẹ lên đôi vai của tôi. Ông nhẹ nhàng vỗ về, dỗ dành rồi kéo tôi ngả vào vai ông. Chẳng hiểu sao, tôi cũng ngoan ngoãn gục đầu vào vai ông mà khóc, mà thổn thức.

Rồi tôi nghe rõ mồn một những lời thủ thỉ, tâm tình rất chân thành của ông: ""Thắm. Bố biết con rất khổ về chuyện ấy. Bố cũng có lỗi về chuyện này. Bố tưởng thằng Đắc sẽ làm được việc đó, nào ngờ. Con thật đáng thương… Nhưng Thắm này, bây giờ con đã là người của gia đình này rồi, đã mang tiếng là gái có chồng. Mọi thay đổi thật là khó khăn và không nên… Cái cơ ngơi của công ty phải do Thắm quản lý và sau này là những đứa con do Thắm sinh ra. Không thể để nó rơi vào tay kẻ khác được. Thắm hiểu không? Nếu… Thắm không phản đối, bố sẽ thay Đắc… tặng Thắm những đứa con… nhá! Việc này chỉ có hai người mình biết với nhau thôi. Được không, Thắm?!"".

Chẳng hiểu sao lúc ấy, tôi lại ôm chầm lấy ông rồi vừa bật khóc nức nở, vừa gật đầu ra chiều đồng ý. Ngay lập tức, ông đi nhanh ra khóa cổng lại, rồi trở vào. Tôi vẫn còn ngồi bất động trên chiếc đi văng. Ông cúi xuống, nhẹ nhàng bế tôi vào phòng. Và chuyện ấy đã đến… Tôi thực sự thỏa mãn và hạnh phúc. Đúng là lần đầu tiên tôi được hưởng sự khoái cảm, sự ân ái của một người đàn ông, mặc dù tôi đã lấy chồng được hơn 5 tháng nay… Và mãi sau này, cứ có điều kiện là chúng tôi lại gần gũi và dành cho nhau những phút giây tuyệt vời hạnh phúc. Sau những lần ấy, tôi thật sự rất sợ và ngại ngùng. Nhất là những khi phải đối mặt với mẹ chồng mình.

Rồi tôi có thai. Những ngày tháng ấy, Đắc và bố mẹ chồng tôi đều rất vui và hết lòng quan tâm đến tôi. Họ chăm chút cho tôi từng bữa ăn, từng giấc ngủ. Cả gia đình, họ hàng như đang trong tình trạng chết đuối nay vớ được cọc. Họ thở phào nhẹ nhõm. Như vậy là tôi và Đắc sẽ có con. Cho dù nó là trai hay gái, nhưng nó sẽ là người thừa hưởng cái gia tài kếch xù mà ông bà để lại chứ quyết không phải ai khác.

Ngày tôi trở dạ, mẹ chồng tôi xăng xái thúc dục mọi người chở tôi bằng ô tô lên bệnh viện tỉnh. Và khi biết tôi sinh con trai, cả nhà mừng vui không tả xiết. Mẹ chồng tôi luôn nở nụ cười mãn nguyện. Bà xuýt xoa với mọi người và khoe rối rít với mọi người ""Thật là phúc đức bà con ạ"". Bố chồng tôi chỉ tủm tỉm cười mà không nói câu nào. Còn Đắc, anh cười ngây ngô khi biết mình đã có con.

Ngày đầy tháng con trai, gia đình tôi tổ chức ăn uống linh đình lắm. Bố mẹ chồng tôi đều tỏ ra mãn nguyện. Đắc vẫn ngô nghê như vẫn ngô nghê. Bà con làng xóm, anh em nội ngoại đều tấm tắc khen thằng bé giống bố, giống cả ông nội nữa. Tôi không ra buồn cũng chẳng ra vui. Và khi một bà cô chồng tôi tếu táo ""Cứ tưởng anh cu Đắc không biết gì, thế mà ra phết nhẩy. Thôi, đã có một thằng cu rồi thì không phải lo nữa. Quen dạ, lần sau cháu đẻ tiếp một thằng cu nữa để nuôi một thể, Thắm ạ."". Tôi đỏ mặt, cười ngượng ngùng. Bố chồng tôi thì nói như đinh đóng cột ""Nhất định rồi. Số tử vi của thằng Đắc rặt con trai thôi, không có con gái đâu mà lo. Lần sau lại là trai cho mà xem"".

Tôi đưa mắt nhìn bố chồng, nhìn mọi người, trong lòng vừa lo lắng, vừa sờ sợ. Chẳng biết tôi có dựng được cái chuyện ấy với bố chồng không, hay lại bước tiếp vào cái tình cảm hi hữu, éo le này một hoặc nhiều lần nữa… Về kinh tế, tôi đẻ một đứa chứ hai ba đứa thì cũng chẳng hề hấn gì. Nhưng con tôi nó đang ở vị trí nào đây? Nó phải gọi bố chồng tôi là bố thì nay lại phải gọi là ông. Lẽ ra nó chỉ gọi Đắc là anh thì nay phải gọi anh bằng bố. Và tôi, lẽ ra tôi là con dâu của bố mẹ chồng mình thì nay tôi lại là vợ hai của bố chồng. Còn với mẹ chồng, lẽ ra tôi là con của bà thì thực tế tôi đang là thiếp của bà mà bà không hay biết…

Chỉ có tôi và bố chồng là biết tất cả.

Thật trớ trêu và thật là ngượng ngùng, xấu hổ. Rồi cuộc sống của tôi sẽ đi tới đâu. Thực tình, nhiều lúc tôi không dám nghĩ tiếp nữa. Có lẽ số phận đã xui khiến và sắp đặt cho cuộc đời tôi như thế này chăng.",1,spam
Hiển thị màu sắc của bạn!,1,spam
"Cán bộ công an cảnh báo: Đối tượng lừa đảo giả danh công an phường hướng dẫn cài đặt ứng dụng Dịch vụ công trực tuyến giả mạo (file .apk). Khi cài đặt, ứng dụng chứa mã độc tự động chiếm quyền điều khiển điện thoại và rút sạch tiền ngân hàng. Mọi người tuyệt đối không làm theo!",1,spam
"Cán bộ công an cảnh báo: Thủ đoạn lừa đảo mua bán hàng trả góp, xe máy thanh lý giá rẻ trên MXH. Đối tượng yêu cầu đặt cọc trước từ 2 đến 5 triệu để giữ xe rồi chặn liên lạc ngay khi nhận được tiền cọc. Nạn nhân nên trình báo cơ quan công an gần nhất.",1,spam
"Chiều 6/8, Nguyễn Thành Phúc, 26 tuổi, bị Công an phường Hòa Khánh bàn giao cho Công an TP Đà Nẵng điều tra hành vi Lừa đảo chiếm đoạt tài sản. Theo điều tra, Phúc sử dụng Zalo tên Nguyen Tran Dai An kết bạn với anh Hưng, 51 tuổi, trú phường Liên Chiểu, xưng là cán bộ công an vừa được điều động về phường này công tác. Phúc đề nghị cho thuê trọ tại nhà anh Hưng đang quản lý ở phường Hòa Khánh. Tưởng thật, anh này nhận lời. Từ ngày 9/7, biết anh Hưng đang vướng tranh chấp dân sự, Phúc dựng kịch bản ""chạy việc lấy lại tiền"" và chiếm đoạt 180 triệu đồng. Ngày 5/8, khi Phúc tiếp tục yêu cầu chuyển thêm 500 triệu đồng để lo xong việc, anh Hưng sinh nghi và trình báo công an. Một ngày sau, công an đã làm rõ hành vi phạm tội của Phúc. Mở rộng điều tra, công an xác định Phúc còn làm giả giấy chứng nhận quyền sử dụng đất để vay 600 triệu đồng và có dấu hiệu lừa đảo nhiều người khác. Công an cũng khuyến cáo người dân tuyệt đối không chuyển tiền cho bất kỳ ai tự xưng là cán bộ công an qua mạng xã hội. Khi nghi ngờ, cần liên hệ ngay với công an địa phương để xác minh. Ngọc Trường * Tên bị hại đã thay đổi",1,spam
"Chúc bạn và gia đình bạn vui vẻ \ x \ ""Mas và chúc mừng năm mới trước ..""",0,ham
K..k :) Bạn đang ở đâu? Bạn đã biểu diễn như thế nào?,0,ham
Nhân đôi các phút & txt của bạn trên Orange hoặc 1/2 Giá cả,1,spam
"Đăng ký Ur Tonexs đã được gia hạn và bạn đã bị tính phí £ 4,50.",1,spam
"Có rõ ràng, nhưng bạn là những quả trứng-ptt và đầu khoai tây ‰ û_ nói sớm!",0,ham
Được rồi..,0,ham
"Tố giác chiêu trò: Đối tượng lừa đảo giả danh công an phường hướng dẫn cài đặt ứng dụng Dịch vụ công trực tuyến giả mạo (file .apk). Khi cài đặt, ứng dụng chứa mã độc tự động chiếm quyền điều khiển điện thoại và rút sạch tiền ngân hàng. Cần hết sức cảnh giác để tránh mất tiền.",1,spam
"Sự thật tuyệt vời chống lại trọng lực .. Đọc kỹ: \ Trái tim của chúng ta cảm thấy nhẹ nhàng khi ai đó ở trong đó .. nhưng nó cảm thấy rất nặng nề khi ai đó rời khỏi nó .. \ ""Goodmorning""",1,spam
"Chia sẻ tại lễ khởi động chiến dịch ""TinAI?"", diễn ra sáng 31/7 ở Hà Nội, ông Huỳnh Tuấn Việt, Chuyên gia cao cấp về Bảo mật và Phòng chống lừa đảo tại MoMo, cho biết trong kỷ nguyên AI, bảo vệ người dùng không chỉ là bài toán xử lý các vụ việc sau khi xảy ra, mà cần chuyển mạnh sang phòng ngừa rủi ro ngay từ đầu. Việc này đòi hỏi doanh nghiệp công nghệ tích hợp các cơ chế cảnh báo, xác thực và hỗ trợ kiểm chứng ngay trong trải nghiệm sử dụng, để việc ""dừng lại và kiểm tra"" trở thành một phản xạ tự nhiên trước mỗi quyết định quan trọng. Do đó, MoMo đã phát triển nhiều lớp bảo vệ ngay trên ứng dụng, kết hợp AI với dữ liệu và quy trình xác minh nhằm hỗ trợ người dùng thực hiện nguyên tắc ""Kiểm trước tin sau"" trong từng giao dịch. Các tính năng này giúp tạo ra điểm dừng trước khi người dùng thực hiện lệnh chuyển tiền. Điểm dừng thứ nhất là nhãn cảnh báo người nhận. Nếu tài khoảng có dấu hiệu rủi ro, hệ thống hiển thị thông báo để người dùng cân nhắc trước khi thực hiện giao dịch. Điểm dừng thứ hai là cảnh báo dấu hiệu rủi ro. Lúc này, AI phân tích hành vi trên ứng dụng, phát hiện dấu hiệu lừa đảo và hiển thị cảnh báo để người dùng dừng lại kiểm tra. Hệ thống còn giúp người dùng chủ động kiểm soát tài khoản liên kết và hạn mức giao dịch, nhận diện deepfake trong quá trình xác thực. Tính năng Báo cáo lừa đảo tiếp nhận phản ánh, hỗ trợ khoanh vùng tài khoản nghi vấn. Đến nay, AI của MoMo phát hiện và cảnh báo gần 29.000 giao dịch bất thường mỗi ngày. Công nghệ này kết hợp dữ liệu, eKYC và đội ngũ chuyên gia để nhận diện các mô hình gian lận phức tạp. Chia sẻ về tình trạng lừa đảo và sử dụng ứng dụng, ông Nguyễn Bá Diệp, Phó chủ tịch cấp cao, đồng sáng lập MoMo, cho rằng nền tảng và người dùng đều có vai trò phòng ngừa rủi ro. MoMo không đứng ngoài cuộc hay chỉ cảnh báo, mà còn muốn giúp người dùng dễ dàng thực hành nguyên tắc ""Kiểm trước, tin sau"". Chiến dịch ""TinAI?"" do Bộ Công an, do Cục An ninh mạng và phòng, chống tội phạm sử dụng công nghệ cao phối hợp tổ chức cùng Liên minh Niềm tin số và Hiệp hội An ninh mạng quốc gia, có sự đồng hành của Tập đoàn Công nghệ Tài chính MoMo và Đài Truyền hình Việt Nam (VTV). Hoạt động hướng đến xây dựng thói quen kiểm chứng trong cộng đồng, hạn chế lan truyền thông tin sai lệch và góp phần xây dựng môi trường mạng an toàn. Trong khuôn khổ chiến dịch, MoMo triển khai trò chơi phân biệt sản phẩm do con người và AI tạo ra. Hoạt động giúp người tham gia nhận biết dấu hiệu giả mạo, thận trọng hơn khi chia sẻ thông tin hoặc chuyển tiền. Văn Hà",1,spam
"Ngày 4/3/2026, Văn phòng Cơ quan Cảnh sát điều tra Công an thành phố Hải Phòng cho biết đã bắt tạm giam 3 cán bộ ngân hàng Agribank chi nhánh Kiến Thụy là Nguyễn Tuấn Đạt (35 tuổi, Trưởng phòng khách hàng); Đào Thị Phương Thảo (38 tuổi, Phó phòng khách hàng) và Phạm Vinh Quang (31 tuổi, nhân viên phòng khách) để điều tra tội Vi phạm quy định về hoạt động ngân hàng. Động thái này được đưa ra trong quá trình mở rộng điều tra vụ án Trần Huy Cường (nguyên Tổng giám đốc Công ty CP Thương mại Thủy Nguyên) lừa đảo chiếm đoạt tài sản tại dự án Khu nhà ở Anh Dũng IV, phường Hưng Đạo, quận Dương Kinh. Theo đó, để giải ngân các khoản vay cho Cường, một nhóm cán bộ ngân hàng Agribank chi nhánh Kiến Thụy đã bàn bạc, cố ý làm giả các chứng từ để hợp thức hóa hồ sơ dù các khoản vay không đủ điều kiện. Trước đó, Cường đã sử dụng 40 giấy chứng nhận quyền sử dụng đất của dự án Anh Dũng IV để thế chấp vay vốn, gây hậu quả đặc biệt nghiêm trọng. Cũng trong quá trình điều tra mở rộng, Công an Hải Phòng đã triệt phá một đường dây cho vay lãi nặng ""khủng"" do Phạm Thị Thanh (57 tuổi, trú quận Lê Chân) cầm đầu. Bà này đã cho nhiều người vay với tổng số tiền gốc lên đến hơn 300 tỷ đồng, thu lợi bất chính hơn 27 tỷ. Hiện, Thanh đã bỏ trốn ra nước ngoài nên bị truy nã quốc tế. Ngoài ra, hai đồng phạm giúp sức đắc lực cho Thanh cũng bị bắt tạm giam về tội Cho vay lãi nặng trong giao dịch dân sự. Công an thành phố Hải Phòng cho biết, đây là vụ án có tính chất đặc biệt phức tạp, liên quan đến nhiều lĩnh vực từ bất động sản, ngân hàng đến tín dụng đen. Công an đang điều tra mở rộng, làm rõ trách nhiệm của các tổ chức và cá nhân liên quan để xử lý nghiêm theo quy định. Lê Tân",1,spam
Wow không nghĩ nó là phổ biến.,0,ham
Đối tượng giả danh công ty tài chính gọi điện mời nâng hạn mức thẻ tín dụng nhằm lừa mã CVV.,1,spam
Không cần Lar.,0,ham
Vừa trở về nhà,0,ham
"Xin chào, chồng của nó ở các cuộc họp cả ngày thứ Sáu và tôi sẽ b một mình tại khách sạn u fancy cumin hơn?",1,spam
"Vé Xmas & Năm mới hiện đang được bán từ câu lạc bộ, vào ban ngày từ 10 giờ sáng đến 8 giờ tối, và vào Thứ Năm, Thứ Sáu & Thứ Sáu Đêm tuần này.",1,spam
:),0,ham
"Thông tin được chia sẻ tại hội nghị phổ biến Luật An ninh mạng và Luật Bảo vệ dữ liệu cá nhân ngày 21/8. Theo Trung tá Lê Anh Tuấn, Phó trưởng phòng 5, Cục An ninh mạng và phòng, chống tội phạm sử dụng công nghệ cao (A05), tình hình tội phạm lừa đảo trực tuyến sáu tháng đầu 2026 ""có dấu hiệu thuyên giảm rõ rệt"". Cụ thể, Việt Nam ghi nhận 959 vụ lừa đảo trực tuyến, giảm 56% so với cùng kỳ 2025. Trong khi đó, thiệt hại được ghi nhận ước tính khoảng 1.500 tỷ đồng, giảm khoảng 38%. Lý giải về kết quả, ông Tuấn cho biết sự vào cuộc đồng bộ của cơ quan quản lý, lực lượng công an, ngân hàng, doanh nghiệp viễn thông, công nghệ và các nền tảng số đã góp phần hạn chế hoạt động của tội phạm. Ví dụ trong lĩnh vực ngân hàng và trung gian thanh toán, đến ngày 23/3, hệ thống phát hiện hơn 688.000 bản ghi tài khoản, ví điện tử và thẻ ngân hàng nghi ngờ gian lận, đồng thời hỗ trợ cảnh báo tới 3,5 triệu lượt khách hàng. Theo thống kê, hơn 1,1 triệu lượt khách hàng đã dừng hoặc hủy giao dịch kịp thời, qua đó bảo vệ số tiền hơn 3.990 tỷ đồng. Ở lĩnh vực viễn thông, doanh nghiệp được yêu cầu tiếp tục rà soát, xử lý SIM rác, thuê bao không chính chủ, đồng thời triển khai các giải pháp cảnh báo cuộc gọi nghi ngờ lừa đảo, lọc tin nhắn rác và tin nhắn giả mạo thương hiệu. Các nền tảng số, mạng xã hội và sàn thương mại điện tử cũng được đề nghị tăng cường rà quét, xử lý tài khoản và nội dung giả mạo. Trong khi đó, doanh nghiệp công nghệ cần nghiên cứu các giải pháp phát hiện Deepfake, xác thực danh tính và phát hiện gian lận. Tuy nhiên, ông cho rằng việc số vụ giảm không đồng nghĩa nguy cơ đã được kiểm soát hoàn toàn. Tội phạm đang liên tục thay đổi phương thức, trong đó AI, công nghệ giả mạo hình ảnh, giọng nói và dữ liệu cá nhân đang trở thành những công cụ quan trọng. Thách thức mới từ AI Theo đại diện Cục An ninh mạng, deepfake và công nghệ giả mạo giọng nói đang khiến việc nhận diện kẻ lừa đảo khó khăn hơn. Các nhóm tội phạm có thể tạo hình ảnh, video hoặc giọng nói giả với độ chân thực cao, từ đó giả mạo người thân, lãnh đạo doanh nghiệp hoặc người có uy tín để yêu cầu chuyển tiền. Một nguy cơ khác là các tổ chức tội phạm nghiên cứu và cung cấp công cụ vượt qua xác thực sinh trắc học trong thanh toán trực tuyến. Điều này tạo thêm thách thức đối với ngân hàng và các tổ chức trung gian thanh toán khi phương thức xác thực ngày càng được sử dụng rộng rãi để ngăn chặn gian lận. Bên cạnh AI, dữ liệu cá nhân tiếp tục là một trong những yếu tố quan trọng giúp các đường dây lừa đảo tiếp cận nạn nhân. Theo ông Tuấn, tội phạm có thể thu mua lượng lớn dữ liệu rồi phân loại theo nghề nghiệp, khu vực sinh sống, mức thu nhập và thói quen sinh hoạt, kết hợp thông tin từ ngân hàng, mua sắm, điện nước và nhiều nguồn khác. Việc có được những dữ liệu này giúp kẻ lừa đảo xây dựng kịch bản sát với hoàn cảnh của từng nạn nhân, khiến họ dễ mắc bẫy. Chia sẻ bên lề sự kiện, ông Phạm Tùng Dương, giám đốc bảo mật tại FPT, cũng cho rằng dữ liệu cá nhân đang đứng trước nhiều điểm rủi ro khi AI được đưa vào sử dụng. Theo ông Dương, người dùng có thể vô tình đưa dữ liệu cá nhân vào câu lệnh; hệ thống có thể thu thập nhiều thông tin hơn mức cần thiết; dữ liệu cá nhân có thể tồn tại trong kho tri thức, bộ nhớ, nhật ký vận hành hoặc bộ nhớ đệm của hệ thống. Ngoài ra, rủi ro cũng có thể phát sinh khi AI được cấp quyền truy cập quá rộng, kết nối với các hệ thống bên ngoài hoặc sử dụng dịch vụ của bên thứ ba. Theo ông, nếu chỉ thiết lập biện pháp bảo vệ dữ liệu tại một khâu riêng lẻ sẽ để lại khoảng trống lớn. Ngoài AI và dữ liệu, A05 cũng cảnh báo xu hướng tấn công vào thiết bị di động đang gia tăng. Hệ thống phòng, chống lừa đảo nTrust của Hiệp hội An ninh mạng quốc gia ghi nhận gần 63.000 loại mã độc mới trên điện thoại di động tại Việt Nam trong 2025. Nhiều ứng dụng giả mạo được phát tán nhằm đánh cắp dữ liệu hoặc chiếm quyền điều khiển thiết bị. Theo cơ quan chức năng, điện thoại di động đang trở thành mục tiêu hấp dẫn do người dùng thực hiện ngày càng nhiều hoạt động tài chính, liên lạc, và thường ít cảnh giác hơn so với khi sử dụng máy tính. Tội phạm cũng có xu hướng hoạt động theo mô hình có tổ chức và xuyên biên giới. Từ đầu năm, công an các địa phương đã phát hiện một số nhóm người nước ngoài nhập cảnh vào Việt Nam, thuê địa điểm để thực hiện hành vi lừa đảo nhằm vào công dân nước ngoài. Hơn 219 người nước ngoài đã bị bắt giữ liên quan hoạt động này. Doanh nghiệp trở thành tuyến phòng thủ Theo đại diện A05, số vụ lừa đảo giảm cho thấy biện pháp phối hợp giữa cơ quan quản lý và doanh nghiệp đang phát huy tác dụng. Tuy nhiên, trước sự thay đổi của tội phạm, doanh nghiệp được xác định là một tuyến phòng thủ quan trọng. Theo ông Tuấn, mục tiêu trong thời gian tới không chỉ là giảm số vụ mà còn phải rút ngắn thời gian phát hiện, cảnh báo và ngăn chặn giao dịch đáng ngờ. Cơ quan quản lý cũng đang phối hợp với Ngân hàng Nhà nước hoàn thiện cơ chế ngăn chặn, truy vết và xử lý dòng tiền liên quan hoạt động vi phạm. Ở phía doanh nghiệp, ông Phạm Tùng Dương từ FPT đề xuất ba chốt chặn rủi ro dữ liệu xuyên suốt quá trình AI xử lý và sử dụng dữ liệu cá nhân. Chốt thứ nhất kiểm soát dữ liệu trước khi đưa vào mô hình, bảo đảm AI chỉ được tiếp cận thông tin cần thiết và dữ liệu nhạy cảm được che hoặc thay thế khi phù hợp. Thứ hai là kiểm soát trước khi AI thực hiện hành động với hệ thống bên ngoài, gồm phân loại dữ liệu, giới hạn quyền truy cập, chỉ yêu cầu lượng thông tin tối thiểu và có cơ chế con người phê duyệt đối với các hành động rủi ro cao. Cuối cùng là kiểm soát dữ liệu trước khi trả về người dùng hoặc hệ thống khác, thông qua các cơ chế phòng chống thất thoát dữ liệu, giám sát và phát hiện bất thường. Luật An ninh mạng và Luật Bảo vệ dữ liệu cá nhân được thông qua năm 2025. Luật An ninh mạng có hiệu lực từ 1/7, trong khi Luật Bảo vệ dữ liệu cá nhân có hiệu lực từ 1/1, tập trung vào bảo vệ hệ thống thông tin, dữ liệu cá nhân, quyền của chủ thể dữ liệu, trách nhiệm của cơ quan, doanh nghiệp và xử lý các nguy cơ mới như tấn công mạng, AI, dữ liệu xuyên biên giới. Luật quy định các nhóm hành vi bị nghiêm cấm, trong đó có xử lý dữ liệu trái pháp luật, sử dụng dữ liệu của người khác để vi phạm pháp luật, mua bán dữ liệu cá nhân và chiếm đoạt, cố ý làm lộ hoặc làm mất dữ liệu. Hành vi mua bán dữ liệu có thể bị phạt tối đa 10 lần khoản thu có được từ hành vi vi phạm. Vi phạm quy định về chuyển dữ liệu xuyên biên giới có thể bị phạt tối đa 5% tổng doanh thu của năm liền kề trước đó tại Việt Nam, trong khi các hành vi vi phạm khác có thể bị phạt tối đa 3 tỷ đồng, bên cạnh nguy cơ bị truy cứu trách nhiệm hình sự và bồi thường thiệt hại. Lưu Quý",1,spam
Dorothy@kiefer.com (Ngân hàng Granit phát hành mạnh mẽ mua mạnh) cho các thành viên của chúng tôi ***** lên hơn 300% ****** /,1,spam
Quà tặng của Chúa cho những con chim như con người có một số món quà tự nhiên frm thần ..,0,ham
Chào buổi sáng chào buổi sáng bây giờ chỉ có tôi thức dậy,0,ham
Dis là yijue.,0,ham
"Cứ tưởng đào được trứng khủng long, người đàn ông tách đôi mới câm nín vì bên trong thực ra là…
Không ai có thể ngờ được rằng bên trong những quả trứng khủng long này lại là thứ kinh dị đến vậy!
Một người nông dân Trung Quốc khi lên rừng tìm những cây thuốc quý đã vô tình đào đất và phát hiện ra một cái hang.
Bên trong hang là những vật thể hình tròn
Người đàn ông rất mừng rỡ vì nghĩ là mình đã đào được trứng của một loài sinh vật quý hiếm nào đó.
Không chần chừ thêm, người đàn ông đã nhẹ nhàng tách thử “quả trứng” và đã không khỏi bất ngờ khi thứ bên trong hóa ra lại là những ấu trùng có kích thước tương đối lớn.
Chụp lại một vài bức ảnh rồi mang đi hỏi, người đàn ông chỉ nhận được câu trả lời chung chung là một loại ấu trùng lạ sống ở rừng. Thật may mắn là ông đã không mất công mang về hay đem đi bán những thứ kinh dị này.",1,spam
"Piggy, bạn thức dậy?",0,ham
"Cán bộ công an cảnh báo: Thủ đoạn lừa đảo cho vay tiền online qua app với lãi suất siêu thấp, không cần thế chấp. Tuy nhiên đối tượng bắt đóng nhiều khoản phí hồ sơ, phí bảo hiểm khoản vay rồi ôm tiền mất tích. Nạn nhân nên trình báo cơ quan công an gần nhất.",1,spam
"Ông Chen làm nghề lái xe tải và từng buôn bán nhỏ ở huyện Hải Diêm, thành phố Gia Hưng. Hàng ngày, ông sống trong căn nhà cấp bốn, mặc đồ thanh lý và đi lại đôi giày cũ của con trai. ""Tôi không hút thuốc, uống rượu hay tụ tập, chỉ thích tiết kiệm"", ông nói. Số tiền gần 8 triệu tệ (gần 30 tỷ đồng) là tài sản ông tích cóp và gửi ngân hàng lấy lãi kép hơn 20 năm qua. Đầu tháng 4, một người tự xưng là nhân viên quỹ đầu tư ở Thượng Hải tiếp cận ông qua điện thoại, mời mua cổ phiếu hưởng lãi suất cao. Sau một tháng được hướng dẫn và sinh lời thực tế hơn 40.000 tệ, ông Chen dần buông lỏng cảnh giác. Đến tháng 5, kẻ gian dụ ông chuyển sang ứng dụng khác với lời hứa giảm thuế, phí giao dịch. Dưới mác ""thành viên chiến lược"", đối phương thuyết phục ông liên tục nạp tiền vào ""tài khoản an toàn"". Từ ngày 14 đến 19/5, ông đã 6 lần chuyển tổng cộng 7,89 triệu tệ vào tài khoản của một công ty ở Thiểm Tây. Dù nhân viên ngân hàng nhiều lần cảnh báo, ông vẫn lấy lý do cần tiền làm ăn để thực hiện các giao dịch. Sau lần chuyển khoản cuối cùng, ứng dụng lập tức báo lỗi. Sáng 21/5, kẻ lừa đảo gửi tin nhắn: ""Cảm ơn, anh là khách hàng lớn nhất của tôi từ trước đến nay"". Lúc này, ông Chen mới nhận ra mình bị lừa và đến đồn cảnh sát báo án. ""Khoản tiền này tôi làm lụng, tích cóp hơn 20 năm. Bây giờ trong ngân hàng không còn gì nữa, coi như hai bàn tay trắng"", ông nói. Lần theo dấu vết dòng tiền, cảnh sát xác định tiền của ông Chen được chuyển vào tài khoản Công ty TNHH Thiết bị Phòng cháy chữa cháy Thiểm Tây, sau đó lập tức bị tẩu tán sang nhiều tài khoản khác ngay trong ngày. Giám đốc công ty này, ông Zheng, cho biết mình cũng là nạn nhân. Do cần làm đẹp hồ sơ vay vốn, ông đã giao thiết bị bảo mật (USB Token) của tài khoản công ty cho một người bạn thao tác. Ông không ngờ tài khoản bị lợi dụng để nhận hàng triệu tệ nhằm rửa tiền, khiến công ty bị phong tỏa toàn bộ hoạt động. Công an huyện Hải Diêm đã khởi tố vụ án hình sự và tiếp tục điều tra làm rõ mạng lưới lừa đảo này. Bảo Nhiên (Theo 163, QQ, CNNB)",1,spam
"Chủ sở hữu chứng từ thân mến, để yêu cầu đề nghị tuần này, tại PC của bạn, vui lòng truy cập http://www.e-tlp.co.uk/reward.",1,spam
Bạn đã giành được một Nokia 7250i.,1,spam
"Nhặt được xác trăn ven đường, người đàn ông chết sững với thứ trong bụng trăn lâu năm
Thấy xác trăn ven đường, người đàn ông không ngờ khi mổ bụng trăn lại nhìn thấy cảnh tượng hãi hùng này.
Con trăn được phát hiện chết ven một con đường tại bang Florida,Mỹ với cái bụng khổng lồ nên người đàn ông đoán chắc nó đã nuốt chửng một thứ gì đó trước khi tử nạn.
Con trăn này có chiều dài lên tới 5m và nặng gần 50kg. Đây là một con trăn mốc thuộc loài trăn lớn nhất thế giới. Loài trăn này thường sử dụng cơ bắp chắc khỏe để quấn chặt lấy con mồi, làm tắc mạch máu cho đến khi hệ thống tuần hoàn ngừng hoạt động để tiêu hóa con mồi.
Con trăn có chiều dài lên tới 5m và nặng gần 50kg thuộc loài trăn lớn nhất thế giới
Khi vừa mổ bụng con trăn, người đàn ông đã không khỏi kinh ngạc.
Dạ dày trăn trống rỗng nhưng ruột chứa đầy phân. Lượng phân nặng tới 6.5kg, chiếm 13% trọng lượng cơ thể. Có thể nó đã nhốt chửng nhiều động vật lớn trong khoảng thời gian ngắn và tiêu hóa đồng thời những con mồi xấu số đó.
Tuy nhiên, điều bất ngờ là trăn tiêu hóa được cả xương nhưng lại không tiêu hóa được lông, móng guốc và răng của con mồi. Qua đó người ta biết được, con trăn này đã nuốt chửng 3 con hươu.",1,spam
"Đuổi theo kẻ ném chất bẩn, chủ nhà bị gãy chân
Bắc Giang
Ngày 9-12, CAH Lạng Giang, Bắc Giang cho biết, đơn vị đang điều tra vụ ném chất bẩn khiến một người bị thương. Thông tin ban đầu cho biết, đêm 7-12, trong khi đang ngủ, gia đình chị Phạm (48 tuổi, trú tại phố Vôi, thị trấn Vôi), nghe thấy tiếng ném vào cửa sắt nên đi ra xem.
Khi mở cửa, gia đình chị Phạm trông thấy 2 đối tượng bịt mặt đang ra sức ném chất bẩn vào nhà mình. Bức xúc, anh Trịnh (51 tuổi, chồng chị Phạm) đã lao ra để chặn giữ các đối tượng. Tuy nhiên, 2 kẻ lạ mặt vẫn tiếp tục ném chất bẩn vào anh Trịnh, và trong lúc tránh né, anh Trịnh bị ngã gãy chân.
Qua tìm hiểu được biết, do con trai anh Thịnh vay tiền của một nhóm người nhưng không trả được và bỏ trốn từ khoảng nửa năm nay nên nhiều lần chủ nợ đến gia đình để đòi tiền. Trước đó, đã có nhiều đối tượng dọa nạt, ném chất bẩn và ném vỡ cửa kính nhà vợ chồng anh Trịnh.
Theo M.T
An ninh thủ đô",0,ham
Natalja (25/f) đang mời bạn làm bạn của cô ấy.,1,spam
"Mẹ kiếp ... anh nhớ em rồi, em biết không?",0,ham
"Xin chúc mừng bạn có thể yêu cầu 2 VIP Row A vé 2 C BLU trong buổi hòa nhạc vào tháng 11 hoặc BLU Gift được đảm bảo Gọi 09061104276 để yêu cầu TS & CS www.smsco.net Chi phí 3,75max £ 3,75Max",1,spam
"Chỉ một lần vui quá trớn, thanh niên sùi đầy nốt lạ trên lưng để rồi chết lặng khi biết sự thật đắng ngắt
Không sử dụng phương pháp bảo vệ nào trong khi ngủ cùng một cô gái lạ quen trong quán bar, người đàn ông này giật thột mình khi cơ thể bỗng nhiên ngứa điên dại và mọc những mụn nước nhỏ li ti, ngay cả trên bộ phận sinh d.ụ.c.
Một người đàn ông sống tại tỉnh Thiểm Tây, Trung Quốc đã đăng bài vào một diễn đàn kín cho nam giới để cảnh tỉnh những người khác về các căn bệnh lây qua đường t.ình d.ụ.c. Trong bài viết của mình, anh ta nói rằng cách đây khoảng 5 tháng, anh từng sống trong cảm giác đau khổ, sợ hãi mà không dám đến các bệnh viện khám vì nghĩ rằng mình đã bị lây nhiễm căn bệnh chết người.
“Tôi không dám đối mặt với sự thật, sợ rằng mình đã mang trong mình vi rút HIV, bởi đêm đó sau khi đưa một cô gái nóng bỏng từ quán bar vào khách sạn, tôi đã không dùng bao cao su”, người đàn ông có nickname là Chen cho biết.
“Hãy biết tự bảo vệ mình trước các căn bệnh xã hội”, Chen chia sẻNhững ngày sau đó, Chen nói rằng anh ta ngứa ngáy khắp người và trên da mọc lên những mụn nước nhỏ li ti, không dám gãi nhiều. Hoang mang tột độ, Chen giấu giếm gia đình, giấu vợ và sống trong một thời gian tự dằn vặt. Anh không dám đến các phòng khám vì sợ đó là sự thật, chính vì vậy anh càng phải sống trong tâm trong lo sợ.
Những vết ngứa trên cơ thể càng ngày càng nặng, do gãi nhiều nó càng lở loét. Vì không biểu hiện lên trên khuôn mặt nên vợ Chen không hay biết chồng đang khổ tâm đến mức nào.
Những vết mần đỏ trên lưng, trên người Chen khiến anh mất ăn mất ngủ vì nghĩ mình nhiễm HIVCuối cùng không chịu được, Chen đành đến một phòng khám tư và ở đây các bác sĩ kết luận… anh bị rệp đốt. Những con rệp này từ trên chiếc giường không được vệ sinh kỹ càng trong khách sạn. Chen như muốn xỉu vì kết quả ngoài sức tưởng tượng này, anh mừng như bắt được vàng và nhận thuốc kê đơn từ bác sĩ về nhà điều trị.
Chỉ trong 2 ngày, Chen đã hoàn toàn khỏi những triệu chứng khiến anh mất ăn mất ngủ đó. May mắn cho Chen không mang căn bệnh chết người nhưng từ lần vào khách sạn đó, Chen không bao giờ mơ tưởng đến những cô gái lạ và những giấc ngủ trên những chiếc giường công cộng đầy bẩn thỉu kia.",1,spam
"Xả súng tại nhà thờ Mỹ, ít nhất 26 người thiệt mạng
Cảnh sát phong tỏa bên ngoài nhà thờ nơi xảy ra vụ xả súng. Ảnh: New York Times.
Đại diện bang Texas Henry Cuellar đã xác nhận con số thương vong tại nhà thờ Baptist Đệ nhất ở Sutherland Springs, nơi xảy ra vụ xả súng, là 26 người. Trong số những người thiệt mạng có cả trẻ em và một phụ nữ mang thai, theo New York Times.
Hai nguồn tin thực thi pháp luật cho biết kẻ xả súng tên Devin P. Kelley, 26 tuổi.
""Hắn ta đi tới, bước vào, xả súng rồi bỏ chạy"" tới hạt Guadalupe, phía đông bắc Sutherland Springs, ông Cuellar nói. Theo đại diện bang Texas, kẻ xả súng đến từ hạt Comal lân cận.
Xả súng tại nhà thờ Mỹ, ít nhất 25 người thiệt mạng Hiện trường nhìn từ trên cao.
Mục sư nhà thờ Frank Pomeroy và vợ, bà Sherri Pomeroy, không có mặt lúc vụ xả súng diễn ra. Con gái họ cũng nằm trong số các nạn nhân.
""Chúng tôi đã mất đứa con gái 14 tuổi cùng rất nhiều bạn bè"", bà Sherri nói. ""Cả hai chúng tôi đều chưa thể trở về để tận mắt thấy cảnh tượng đau thương"".
CNN dẫn lời một nhân chứng cho hay bà nghe thấy khoảng 20 tiếng súng phát ra liên tục vào khoảng 11h30, trong lúc nhà thờ đang làm lễ.
Carrie Matula, nhân viên làm việc tại một trạm xăng cách hiện trường không xa, kể bà nghe thấy ""tiếng súng bán tự động"" và lập tức chạy tới nhà thờ để nghe ngóng tình hình.
Một nhóm người cầu nguyện bên ngoài nhà thờ sau vụ xả súng. Ảnh: Zuma.
""Đó là một nhà thờ Baptist nhỏ, một tòa nhà cũ. Tôi không nghĩ họ có camera an hinh hay những thiết bị công nghệ cao tương tự. Và tôi biết họ cũng không bố trí an ninh tại bãi đỗ xe"", Matula nói. ""Tôi chưa bao giờ nghĩ chuyện này sẽ xảy ra ở đây. Chúng phải xảy ra tại những thành phố lớn. Sutherland Springs là một cộng đồng quá bé nhỏ. Thật vô lý"".
Kẻ xả súng đã chết nhưng chưa rõ y tự sát hay bị lực lượng chức năng bắn hạ, ủy viên hạt Wilson Albert Gamez Jr. cho biết.
Theo cảnh sát trưởng hạt Wilson Joe Tackett, chưa rõ động cơ gây án của thủ phạm là gì, song không có bất kỳ dấu hiệu nào cho thấy vụ việc có liên hệ với khủng bố.
Nhà thờ Baptist Đệ nhất nhìn từ trên cao. Ảnh: New York Times.
Tổng thống Mỹ Donald Trump, trong lúc đang thực hiện chuyến công du châu Á, đã gọi điện cho Thống đốc bang Texas Greg Abbott để cập nhật tình hình. ""Cầu Chúa phù hộ người dân Sutherland Springs, Texas. FBI và lực lượng chấp pháp đang ở hiện trường. Tôi đang theo dõi tình hình từ Nhật Bản"", ông Trump viết trên mạng xã hội Twitter.
Tổng thống Mỹ miêu tả vụ xả súng là ""khủng khiếp"", đồng thời gửi lời chia buồn tới gia đình, người thân các nạn nhân. Ông kêu gọi người dân Mỹ ""đoàn kết"" để ""vượt qua nước mắt và buồn đau"".
Vụ việc tại Texas xảy ra trong bối cảnh nước Mỹ vẫn chưa hết bàng hoàng sau vụ xả súng vào lễ hội âm nhạc ở Las Vegas hồi đầu tháng 10, khiến 58 người thiệt mạng. Đây được xem là một trong những vụ xả súng nghiêm trọng nhất lịch sử Mỹ.
Vũ Hoàng",0,ham
Phiên đấu giá SMS Bạn đã giành được Nokia 7250i.,1,spam
QUÝ ÔNG!,1,spam
Bạn đã giành được một chiếc máy ảnh kỹ thuật số miễn phí của Nokia 6230.,1,spam
"Ngày 21/8, Công an Đồng Nai khởi tố Bùi Thị Hòa, 44 tuổi, ngụ phường Trảng Dài để điều tra hành vi Lừa đảo chiếm đoạt tài sản. Theo điều tra, Hòa và bà Trần Anh Phượng, 63 tuổi, quen biết nhau do trước đây cùng làm nghề thu mua phế liệu. Hòa nói với bà Phượng rằng mình có các mối quan hệ, có khả năng xin cho học sinh vào lớp đầu cấp tại nhiều trường trên địa bàn TP Biên Hòa và huyện Vĩnh Cửu cũ. Tin lời, bà Phượng nhận hồ sơ cùng tiền của những người có nhu cầu ""chạy trường"" cho con rồi chuyển cho Hòa. Tuy nhiên, sau khi nhận tiền, Hòa bị cáo buộc chiếm đoạt, không thực hiện như đã hứa. Sau khi bị bắt, Hòa khai đã nhận tiền của 50 trường hợp, hứa xin cho học sinh vào 15 trường tiểu học, THCS và THPT tại Biên Hòa và huyện Vĩnh Cửu cũ. Do chưa xác định được thông tin của 50 người này, Công an Đồng Nai đề nghị 15 trường liên quan thông báo đến giáo viên, phụ huynh và học sinh để tìm những người đã giao hồ sơ, tiền cho bà Phượng và Hòa, phục vụ điều tra. Phước Tuấn",1,spam
Tôi không thể nói chuyện với mọi người nếu không chắc tôi có thể trả tiền cho họ nếu họ đồng ý với giá.,0,ham
"VIDEO: Xót xa nhìn cảnh cụ bà 87 tuổi co ro trong tấm chiếu cũ giữa mùa đông rét buốt
 Không chồng con, mấy chục năm qua bà Nguyễn Thị Đỡ (87 tuổi) vẫn sống côi cút trong căn nhà cũ kỹ chỉ khoảng chục mét vuông tại đội 1, thôn Bắc, xã Cổ Dũng, huyện Kim Thành (Hải Dương).

    Ngưỡng mộ với tình yêu dành cho quê hương qua những bản nhạc du dương của chàng trai 10X Hải Dương
    Con đường chinh phục “đỉnh cao” của chàng trai Hải Dương - Á quân Vietnam Idol 2016

Ở cái tuổi gần đất xa trời, cuộc sống của bà Đỡ vẫn không có lấy một ngày thảnh thơi. Khoản trợ cấp ít ỏi cho người nghèo chỉ giúp bà có tiền mua gạo, lo thuốc thang. Khi khỏe mạnh, bà phải tự mình mưu sinh. Lúc ốm đau, bà đành nhờ vả người em trai sống gần nhà.

Căn nhà cũ kỹ của bà Đỡ - Ảnh: Facebook

Căn nhà cũ kỹ của bà Đỡ - Ảnh: Facebook

Biết hoàn cảnh thương tâm của bà Đỡ, nhiều người đã tìm đến căn nhà cũ kỹ hỏi thăm. Một người phụ nữ tiến lại gần, vạch chiếc chiếu ra mới nhìn thấy bà co ro trong giá lạnh.

“Bà ơi, bà có lạnh không?”. Không nghe tiếng đáp trả, chỉ nghe của tiếng một cụ ông đáp thay: “Bà không nghe gì đâu cháu”. Một lúc sau, bà Đỡ mới phản ứng như muốn chống lại cơn lạnh buốt.

“Bà lạnh lắm! Chân tay run hết cả lên rồi!”, chị này tiến ra ngoài và báo cho mọi người đến thăm biết tình hình của cụ.

Hình ảnh bà Đỡ co ro trong tấm chiếu cũ - Ảnh: Facebook

Hình ảnh bà Đỡ co ro trong tấm chiếu cũ - Ảnh: Facebook

Sau khi câu chuyện và hình ảnh thương tâm của bà Đỡ đăng tải, cộng đồng mạng không khỏi xót xa. Bài viết đã nhận được hàng nghìn lượt quan tâm và chia sẻ của mọi người.

Cộng đồng mạng đăng tải câu chuyện thương tâm của bà Đỡ - Ảnh chụp màn hình

Cộng đồng mạng đăng tải câu chuyện thương tâm của bà Đỡ - Ảnh chụp màn hình

Một số bạn trẻ đã đứng ra quyên góp gửi đến bà số tiền để vơi bớt phần nào khó khăn. Nhóm tình nguyện tại địa phương đã tổ chức thăm hỏi, sửa sang lại nhà cửa, chuyển đến bà những tấm chăn gối mới để mùa đông của bà ấm áp hơn.

Mùa đông này bà Đỡ đã ấp áp hơn khi sống trong căn nhà tường vôi mới, chăn đệm mới - Ảnh: Facebook

Mùa đông này bà Đỡ đã ấp áp hơn khi sống trong căn nhà tường vôi mới, chăn đệm mới - Ảnh: Facebook

Giờ đây bà Đỡ đã không còn phải sống trong cảnh đắp chiếu thay chăn - Ảnh: Facebook

Giờ đây bà Đỡ đã không còn phải sống trong cảnh đắp chiếu thay chăn - Ảnh: Facebook
create

Minh Cát / phunusuckhoe.vn",1,spam
"Chỉ có một số tiền xăng, bất kỳ cơ hội nào bạn và băng đảng muốn thực hiện một cuộc phiêu lưu thiên nhiên lớn?",0,ham
Né gấp thủ đoạn này: Cảnh báo thủ đoạn giả danh công an gọi điện thông báo phạt nguội hoặc dọa liên quan đến đường dây ma túy. Đối tượng yêu cầu nạn nhân chuyển toàn bộ tiền vào tài khoản chỉ định để xác minh rồi chiếm đoạt. Cần hết sức cảnh giác để tránh mất tiền.,1,spam
"Nếu bạn không ở trong xe của tôi trong một tiếng rưỡi, tôi sẽ apeshit",0,ham
Cán bộ công an cảnh báo: Thủ đoạn mạo danh nhân viên ngân hàng gọi điện hỗ trợ nâng hạn mức tín dụng hoặc mở thẻ tín dụng online. Đối tượng gửi đường link giả mạo yêu cầu nhập mã OTP và thông tin tài khoản để chiếm đoạt tiền. Cần hết sức cảnh giác để tránh mất tiền.,1,spam
Bạn có rất nhiều kim cương,0,ham
Gọi Freephone 0800 542 0578 ngay!,1,spam
"Cảnh báo bẫy lừa đảo nạp tiền làm nhiệm vụ xem video Youtube, TikTok nhận tiền công. Sau khi nạn nhân nạp tiền tỷ vào hệ thống, các đối tượng viện lý do lỗi hệ thống để không cho rút tiền. Mọi người tuyệt đối không làm theo!",1,spam
"Ngày 15/8, Đông, 26 tuổi cùng Vũ Thị Hà, 40 tuổi và Phạm Bá Tài, 35 tuổi bị Cơ quan An ninh điều tra Công an tỉnh Nghệ An khởi tố, tạm giam về tội Lừa đảo chiếm đoạt tài sản, theo Điều 174 Bộ luật Hình sự. Đông từng làm kỹ thuật viên xoa bóp tại một cơ sở điều trị xương khớp, nhận thấy hoạt động này có lợi nhuận cao nên cùng Hà tổ chức điều trị trái phép. Do không đủ điều kiện hành nghề, đầu năm 2026, hai người mở cơ sở Phúc Tâm 8 tại phường Vinh Hưng (trước đây thuộc TP Vinh) dưới hình thức chăm sóc sắc đẹp, spa và xông hơi rồi ""trá hình"" thành nơi khám, điều trị xương khớp. Để thu hút khách, nhóm này quảng cáo trên mạng xã hội, dựng hình ảnh giả về đội ngũ y, bác sĩ, thiết bị và công nghệ điều trị. Họ giới thiệu phương pháp ""sóng cao tần"", cam kết ""không mổ - không tiêm - không đau"", điều trị dứt điểm đến 95%, sau đó mời khách đến cơ sở mua các gói điều trị giá 3-30 triệu đồng. Trong quá trình điều trị, nhân viên tiếp tục giả danh bác sĩ, giới thiệu phương pháp ""tiêm nano canxi"", quảng cáo giúp phục hồi xương khớp nhanh với giá 5-10 triệu đồng mỗi mũi, thuyết phục khách mua các gói dịch vụ tổng cộng 57 triệu đồng. Thực tế, nhóm này không thực hiện các phương pháp như quảng cáo mà chỉ ""tiêm giả"" trong lúc khách được xoa bóp, massage để tạo cảm giác đang được điều trị chuyên sâu. Các thiết bị tại cơ sở chủ yếu là máy spa cũ, máy massage, máy xung điện, lồng hồng ngoại... được Đông mua trên sàn thương mại điện tử, không có chức năng khám, chữa bệnh nhưng được quảng cáo là ""thiết bị điều trị công nghệ cao"". Đông mua 10 giấy chứng nhận đào tạo cho nhân viên để đối phó với cơ quan chức năng. Theo thỏa thuận, bảo vệ Tài được thuê đứng tên chủ hộ kinh doanh. Đông trực tiếp đầu tư, quản lý tài chính, chỉ đạo hoạt động chuyên môn và quảng cáo. Hà tuyển dụng, đào tạo nhân viên, xây dựng kịch bản tư vấn và điều hành. Sau khi trừ chi phí vận hành, Đông hưởng 70% lợi nhuận, Hà 30% cho đến khi thu hồi đủ vốn đầu tư. Tài được trả 8-10 triệu đồng mỗi tháng. Giữa tháng 8, sau thời gian dài theo dõi, Cơ quan An ninh điều tra Công an tỉnh Nghệ An khám xét cơ sở Phúc Tâm 8, bắt 3 người, thu giữ nhiều máy móc, thiết bị cùng sản phẩm không rõ nguồn gốc và các tang vật liên quan. Nhà chức trách cáo buộc, từ tháng 3/2026 đến nay, nhóm này đã lừa gần 300 người tại nhiều tỉnh, thành, chủ yếu là người cao tuổi. Qua sao kê tài khoản của Đông, cơ quan điều tra xác định tổng số tiền giao dịch hơn 9 tỷ đồng. Theo cảnh sát, Đông còn định khảo sát, thuê địa điểm để mở rộng hoạt động sang Hà Tĩnh nhưng sau khi bị lực lượng chức năng phát hiện đã dừng hoạt động. Đức Hùng",1,spam
"Thấy vợ máu me nằm bất động trên sàn, tưởng con gái “xuống tay” hạ sát, lao vào phát hiện sự thật kinh hoàng
Mở cửa bước vào nhà, thấy vợ đầu đầm đìa máu, nằm im bất động. Khi liếc nhìn sang bên cạnh người đàn ông câm nín khi trông thấy hung thủ thực sự.
Gần đây, trên mạng xã hội xôn xao về một bức ảnh chụp cảnh một người phụ nữ lớn tuổi nằm bất động xung quanh đầu bị những chất lỏng màu đỏ bao quanh. Ngay khi xuất hiện trên mạng xã hội, bức ảnh này đã tạo ra một làn sóng dữ dội. Một số cư dân mạng cho rằng người phụ nữ này đã bị sát hại vô cùng dã man.
Bức ảnh đã gây xôn xao cộng đồng mạng trong một thời gian
Không dừng lại ở đó, trong bức ảnh còn xuất hiện một nhân vật khác mà theo các cư dân mạng tìm hiểu được thì đây chính là con gái của người phụ nữ kia. Cộng đồng mạng lại xôn xao với rất nhiều luồng ý kiến trái chiều. Có người cho rằng xã hội giờ đã biến đổi theo một chiều hướng vô cùng tiêu cực. Nhưng có một số người lại không cho là như vậy.
Người phụ nữ nằm bất động và xung quanh là những chất lỏng màu đỏ kì lạ
Cuối cùng, một số cư dân mạng đã nhìn ra điểm kì lạ trong bức ảnh này, xung quanh đầu của người phụ nữ này không chỉ có chất lỏng màu đỏ mà còn có một ít bọt xà phòng lẫn trong số chất lỏng màu đỏ kì bí kia. Hóa ra, chất lỏng màu đỏ mà nhiều người cho rằng là máu đó chỉ là thuốc nhuộm màu đỏ. Người con gái trong bức ảnh đúng là cô con gái, và cô đang nhuộm lại tóc cho mẹ của mình.
Thì ra “thủ phạm” thực sự là những lọ thuốc nhuộm tóc
Theo những gì được chia sẻ, bức ảnh này do chính người chồng đưa lên. Lúc ban đầu, khi mới về nhà, ông cũng vô cùng hoảng hốt khi thấy vợ nằm bất động, đầu đầy máu. Nhưng khi định thần lại, ông đã phát hiện sự thật đằng sau.",1,spam
"Ngày 26/8, trong lúc giao dịch, chị Bùi Thị Sen (chủ tiệm vàng), nhận thấy vợ chồng cụ ông có biểu hiện khác thường. Hai người tỏ ra căng thẳng, liên tục trao đổi với nhau, vẻ mặt lo lắng và sốt ruột khi chờ bán trang sức. Chị Sen chủ động hỏi chuyện, song ban đầu cả hai chỉ nói cần giao dịch gấp để giải quyết việc. Gặng hỏi thêm, chị Sen được cụ ông chia sẻ đang làm theo yêu cầu chuyển tiền của một người lạ tự xưng là trưởng công an xã Yên Hòa. Nhận ra hai vị khách có thể đang bị kẻ gian thao túng tâm lý để lừa đảo, chị khuyên họ dừng giao dịch, đưa đến trụ sở Công an xã Thiên Cầm (trước đây thuộc huyện Cẩm Xuyên) trình báo. Làm việc với cảnh sát, cụ ông 76 tuổi, trú xã Yên Hòa, cho biết một ngày trước nhận được cuộc gọi từ người tự xưng là Nguyễn Văn Hùng, Trưởng Công an xã Yên Hòa. Người này nói ông bị kẻ gian mạo danh mở tài khoản tại một ngân hàng ở Hà Nội với số tiền hơn 69 triệu đồng, nhằm thực hiện hành vi trái pháp luật. Người lạ sau đó yêu cầu cụ ông chuyển số tiền trên vào tài khoản chỉ định để ""phục vụ xác minh"", đồng thời hứa sẽ hoàn trả đầy đủ sau khi hoàn tất. Lo sợ bỗng dưng mắc nợ ngân hàng, cụ ông tin lời. Do không đủ tiền mặt, ông cùng vợ mang nửa cây vàng đến tiệm vàng ở xã Thiên Cầm để bán lấy tiền chuyển cho người tự xưng là trưởng công an xã nhằm ""chứng minh bản thân trong sạch"". Sau khi được công an giải thích, vợ chồng cụ ông nhận ra mình bị lừa và từ bỏ ý định bán vàng. Lãnh đạo Công an xã Thiên Cầm đánh giá cao sự cảnh giác, nhanh trí của chị Sen, giúp kịp thời ngăn chặn vụ lừa đảo, bảo vệ tài sản cho khách hàng. Công an khuyến cáo khi nhận cuộc gọi tự xưng cơ quan chức năng, yêu cầu chuyển tiền hoặc giữ bí mật để ""phục vụ điều tra"", người dân cần dừng giao dịch và trình báo cơ quan công an gần nhất. Đức Hùng",1,spam
"Trên đường đi, anh Khánh thấy vị khách liên tục ôm chặt túi nylon, có biểu hiện lo lắng nên chủ động hỏi chuyện. Người phụ nữ cho biết mang 90 triệu đồng đi gửi cho cháu ở Hà Nội và được yêu cầu phải thực hiện qua bưu cục, không chuyển khoản ngân hàng. Thấy bất thường, anh Khánh tiếp tục hỏi thì người phụ nữ ấp úng, hai tay run và bất ngờ hỏi: ""Nếu gửi tiền rồi, có vấn đề gì thì có lấy lại được không?"". Gặng hỏi thêm, tài xế biết người phụ nữ không gửi tiền cho cháu mà đang làm theo hướng dẫn của người tự xưng là cán bộ công an. Người này dặn không được kể với bất kỳ ai, nếu tiết lộ thì ""sự việc sẽ không thể cứu vãn"". Nhận ra đây có thể là một vụ lừa đảo, anh Khánh xin số điện thoại người thân của vị khách để thông báo, đồng thời đổi hướng, chở bà đến Công an phường Hà Huy Tập trình báo. Làm việc với cảnh sát, người phụ nữ cho biết một ngày trước nhận cuộc gọi của người tự xưng cán bộ công an, thông báo bà có khoản nợ 79 triệu đồng tại ngân hàng và yêu cầu ""ra Hà Nội giải quyết"". Khi bà nói không thể đi, người này yêu cầu chuyển 90 triệu đồng vào tài khoản chỉ định, hướng dẫn mang tiền đến bưu cục chuyển phát nhanh để ""làm thủ tục chứng minh bản thân trong sạch"". Đồng thời, bà bị đe dọa nếu tiết lộ sự việc sẽ bị bắt vì ""liên quan vụ án buôn bán ma túy"". Lo sợ, người phụ nữ giấu chồng con, ra ngân hàng rút 90 triệu đồng tiền tiết kiệm - khoản tích góp nhiều năm từ làm nông và chăn nuôi - để mang đi giao dịch. Sau khi được công an giải thích, bà nhận ra mình bị lừa và từ bỏ ý định chuyển tiền. Thủ đoạn mới: Điều nạn nhân từ ngân hàng sang bưu cục Theo cơ quan chức năng, việc yêu cầu nạn nhân mang tiền đến bưu cục chuyển phát nhanh thay vì giao dịch tại ngân hàng là thủ đoạn mới nhằm tránh bị phát hiện. Tại ngân hàng, giao dịch viên thường được đào tạo để nhận diện các dấu hiệu lừa đảo và kịp thời cảnh báo khi khách chuyển tiền bất thường. Trong khi đó, việc gửi tiền qua bưu cục ít được kiểm soát hơn, khiến nhiều người chủ quan. Kẻ gian cũng thường yêu cầu giữ bí mật, chỉ định địa điểm giao dịch cụ thể để cô lập nạn nhân và duy trì kiểm soát tâm lý. Công an khuyến cáo khi nhận cuộc gọi tự xưng cơ quan chức năng, yêu cầu chuyển tiền hoặc giữ bí mật để ""phục vụ điều tra"", người dân cần dừng giao dịch và trình báo cơ quan công an gần nhất. Đức Hùng",1,spam
Dunno y bạn hỏi tôi.,0,ham
Cậu bé bạn tốt nhất hãy đưa bạn ra khỏi đây nhanh chóng,0,ham
"Yang Lei, đến từ vùng đông bắc Trung Quốc, đã chia sẻ câu chuyện ly kỳ về cuộc trốn thoát sau khi trở về Trung Quốc an toàn. Yang cho biết cùng nhóm du khách 10 người đến gần biên giới Thái Lan - Myanmar, vào giữa tháng 3 để đi du lịch. Hướng dẫn viên địa phương mà anh ta thuê không có giấy phép cư trú hợp pháp và đã cố gắng vượt qua kiểm soát biên giới, dẫn đến việc cả nhóm gặp phải những kẻ lừa đảo ở Myanmar. Tất cả 11 thành viên trong nhóm, bao gồm cả hướng dẫn viên địa phương, đã bị bán cho một tên trùm với giá 20.000 USDT mỗi người. Sau đó, tên này lại bán họ cho một đường dây lừa đảo ở thị trấn Payathonzu, bang Karen ở miền nam Myanmar, gần biên giới với Thái Lan. Yang mô tả khu phức hợp này là ""KK 2.0"", ám chỉ đến trung tâm lừa đảo khét tiếng KK Park ở thị trấn Myawaddy. Vừa năm ngoái, quân đội Myanmar tuyên bố đã đột kích khu này, chiếm giữ khoảng 200 tòa nhà và thả hơn 2.000 người bị bắt và làm các công việc lừa đảo qua mạng. Trung Quốc và Thái Lan cũng đã phối hợp với Myanmar phát động chiến dịch trấn áp các trung tâm lừa đảo. Tuy nhiên, nhiều ""trại lừa đảo"" vẫn còn. Nhóm của Yang bị đánh khi vào trại, như một hình thức kỷ luật. Tối đầu tiên ở đây, Yang kể đã đánh người hướng dẫn viên tơi bời vì dám lừa gạt cả đoàn vào chỗ nguy hiểm. Những miếng võ của Yang - một cựu binh gia nhập quân đội năm 2002 và được huấn luyện trong bộ binh cơ giới, có vẻ đã được kẻ cầm đầu của trại để ý. Chớp thời cơ tẩu thoát Hắn ta gọi Yang đến trò chuyện và cho gọi điện về nhà, dù theo quy định chỉ những người làm việc hơn một năm mới được phép gọi điện thoại, và chỉ một lần mỗi tháng. Yang không gọi cho gia đình. Anh gọi điện cho cảnh sát Trung Quốc. Anh đi đến phía sau khu ký túc xá, nơi người bảo vệ chỉ tuần tra thỉnh thoảng, và nhận thấy một số bao cát và ván gỗ nằm ở chân bức tường cao 6 mét của công viên. Là người lính được huấn luyện bài bản, Yang có thể leo tường và bám vào mép tường bằng các ngón tay và nhảy qua. Yang nói mình may mắn vì dây thép gai trên tường không cắm điện, và bên cạnh bức tường đó không có ""trại lừa đảo"" nào khác. Anh trốn thoát khỏi trại chỉ với một chiếc áo ba lỗ, quần short và dép Crocs. Yang sau đó kiểm tra ứng dụng bản đồ và phát hiện chỉ còn cách biên giới 3 km. ""Nhưng tôi không thể chạy về phía đó. Sẽ có lính canh và tôi sẽ bị đưa trở lại trại"", Yang nói. Lính canh của trại nhanh chóng phát hiện ra Yang và thả chó nghiệp vụ để tìm kiếm trên núi. Để trốn tránh bị bắt, Yang dựa vào kỹ năng sinh tồn trong hoang dã được học trong thời gian phục vụ quân đội để định hướng và tìm kiếm nước và thức ăn. Anh chạy lên núi, dùng phân bò tìm thấy trong cỏ để ngụy trang, che giấu mùi cơ thể và đánh lừa chó săn. ""Tôi quá hồi hộp và phấn khích nên không cảm thấy đau đớn gì"" anh nói và cho hay đã đến biên giới vào khoảng 1h sáng hôm sau. Khu vực biên giới khi này được canh gác bởi một người đàn ông có vũ trang, vì vậy Yang đã cố nấp trốn đến 3h sáng nhưng người này không chịu rời vị trí canh gác. Yang do đó đã chộp lấy một sợi dây thừng chắc chắn nằm gần đó, tiếp cận tên lính canh và khống chế thành công. Yang đến Thái Lan vào khoảng rạng sáng hôm sau. Trong lúc chạy trốn, Yang đã liên lạc với người đồng đội cũ và một số cảnh sát qua ứng dụng trò chuyện, kiểm tra điện thoại mỗi giờ một lần. Ngay cả khi ở Thái Lan, anh vẫn luôn cảnh giác, ban ngày ẩn náu và chạy trốn vào ban đêm. Yan nói chỉ cảm thấy nhẹ nhõm sau khi đến được đại sứ quán Trung Quốc tại Thái Lan. Khi đến nơi, sau hai ngày chạy trốn, điện thoại vẫn còn 17% pin. Sau khi chờ nửa tháng để được cấp lại hộ chiếu, Yang trở về Trung Quốc. Chia sẻ về trải nghiệm này trên mạng xã hội, Yang hy vọng sẽ là lời cảnh báo những người khác. Anh vẫn còn gặp ác mộng: ""Tôi mơ thấy mình chạy trên núi và cuối cùng người ướt đẫm mồ hôi."" Hải Thư (Theo SCMP, ST Headline)",1,spam
Bloomberg -Message Center +44779706009 Tại sao phải chờ đợi?,1,spam
"Ngày 28/8, Phòng Quản lý xuất nhập cảnh (PA08), Công an TP HCM phối hợp công an địa phương đã làm thủ tục trục xuất nhóm người Trung Quốc về nước qua Cảng hàng không quốc tế Tân Sơn Nhất. Trước đó, công an phát hiện nhóm này nhập cảnh Việt Nam, thuê căn hộ tại chung cư trên đường Hoàng Quốc Việt, phường Phú Thuận, để hoạt động lừa đảo trực tuyến. Theo công an, họ gọi điện cho người dân tại Trung Quốc theo các kịch bản dựng sẵn, dụ chuyển tiền để chiếm đoạt. Kiểm tra căn hộ, lực lượng chức năng phát hiện nhiều điện thoại, máy tính được sử dụng cho hoạt động này. Vụ việc được phát hiện trong bối cảnh Công an TP HCM tăng cường rà soát cơ sở lưu trú và người nước ngoài. Trong đợt cao điểm trước đó, cảnh sát liên tiếp phát hiện các nhóm người Trung Quốc thuê nguyên căn nhà, khách sạn, tập trung nhân sự, lắp Internet và trang bị hàng trăm điện thoại, máy tính để chuẩn bị vận hành các đường dây lừa đảo trực tuyến. Phạm Hải",1,spam
Bạn có thể vào trong một giây không?,0,ham
Muốn 2 nhận được tối nay?,1,spam
"Năm 1946, sau thời gian ngồi tù vì trộm cắp, Raymond Fernandez, 32 tuổi, bắt đầu tham gia các câu lạc bộ dành cho người độc thân ở New York, lên kế hoạch làm quen với phụ nữ qua thư, chiếm lòng tin rồi cướp tiền. Hắn tự xây dựng hình ảnh một người đàn ông thành đạt, đang tìm kiếm tình yêu và hôn nhân. Martha Beck, điều dưỡng 26 tuổi tại Florida, nhìn thấy quảng cáo về câu lạc bộ dành cho người độc thân muốn tìm bạn đời và đã trả 5 USD để đăng ký thành viên, sau đó gửi thông tin cá nhân qua đường bưu điện. Không lâu sau, Martha nhận được thư từ Raymond, tự giới thiệu là doanh nhân thành đạt, đang sống một mình và hy vọng tìm được người phụ nữ phù hợp để kết hôn. Hai người bắt đầu trao đổi thư từ. Cuối tháng 12/1947, Raymond đến gặp Martha lần đầu tiên. Cuộc gặp kéo dài khoảng hai ngày. Sau khi biết Martha không có tiền như kỳ vọng, Raymond viết thư nói không có tình cảm và muốn chấm dứt mối quan hệ. Martha không chấp nhận. Sau khi bị cho thôi việc, Martha tìm đến tận nhà Raymond ở New York vào tháng 1/1948. Raymond ban đầu tìm cách đẩy Martha ra khỏi cuộc đời mình, tiết lộ rằng hắn kiếm tiền bằng cách lừa phụ nữ quen qua các câu lạc bộ tìm bạn đời. Nhưng thay vì rời đi, Martha đề nghị trở thành đồng phạm. Cô ta thậm chí bỏ rơi hai con để toàn tâm toàn ý cống hiến cho kế hoạch của Raymond. Từ đó, họ sống cùng nhau và phối hợp trong các vụ lừa đảo. Raymond tiếp tục tiếp cận phụ nữ thông qua các câu lạc bộ tìm bạn đời, còn Martha đóng vai em gái của hắn để tạo cảm giác an toàn cho những nạn nhân được tiếp cận. Mối quan hệ bắt đầu bằng những lá thư tìm kiếm tình yêu dần biến thành một kế hoạch lừa đảo. Vụ biến mất của góa phụ Trong năm 1948, dù đang chung sống với Martha, Raymond vẫn kết hôn với hai phụ nữ làm quen qua các câu lạc bộ, đồng thời tiếp tục tiếp cận những người khác. Ngày 26/12/1948, Raymond, khi sử dụng tên Charles Martin, nhận được thư của Janet J. Fay, một góa phụ ngoài 60 tuổi ở Albany, New York. Bà Janet mời Raymond đến Albany. Ngày 29/12, Raymond lái xe đưa Martha đi cùng. Hắn gặp bà Janet trước, sau đó giới thiệu Martha là em gái mình. Những ngày sau đó, Raymond và bà Janet gặp nhau nhiều lần. Các cuộc trò chuyện có lúc chuyển sang vấn đề tài chính. Ngày 3/1/1949, bà Janet cùng Raymond tới nhiều ngân hàng ở Albany, rút tổng cộng hơn 4.000 USD dưới dạng tiền mặt và séc ngân hàng rồi giao cho Raymond. Cùng ngày, ba người đến căn hộ của Raymond và Martha ở Valley Stream, Long Island. Đêm đó, bà Janet ở lại căn hộ. Raymond ngủ trên ghế sofa phòng khách, còn bà Janet và Martha nằm chung giường trong phòng ngủ. Khoảng 3-4h ngày 4/1, bà Janet thức dậy nói chuyện với Raymond. Sau khi Raymond vào phòng tắm, Martha ra phòng khách nói chuyện với bà Janet. Những gì xảy ra sau đó được cặp đôi kể lại bằng những phiên bản khác nhau tại phiên tòa sau này. Raymond khai rằng khi quay lại phòng khách, hắn thấy bà Janet đã bị đánh vào đầu. Hắn phủ nhận tham gia đánh nạn nhân, nói chỉ tìm cách xử lý vết thương chảy máu rồi cùng Martha che giấu thi thể. Martha khai rằng bà Janet khiến mình nổi giận khi nói cô ta phải rời đi sau khi bà kết hôn với Raymond. Nhưng trong lời thú nhận với cảnh sát Michigan sau này, Martha kể rằng đã dùng búa đánh vào đầu bà Janet. Khi bà Janet đau đớn, Raymond tiếp tục dùng tay siết cổ. Khám nghiệm tử thi cho thấy bà Janet có hai vết thương ở đầu xuyên vào hộp sọ và gãy thanh quản. Sau đó, cặp đôi đặt thi thể vào chiếc hòm lớn, ba ngày sau đưa tới một căn nhà thuê ở South Ozone Park, quận Queens. Khoảng 10 ngày sau vụ giết người, Raymond đào nền bê tông tầng hầm, chôn thi thể rồi đổ xi măng lên trên. Cặp đôi còn tạo những lời nhắn giả như thể Janet vẫn sống và đang hạnh phúc bên Charles Martin. Nhưng gia đình bắt đầu nghi ngờ khi bà Janet đột ngột mất liên lạc. Lời thú nhận giúp tìm thấy thi thể
Sau khi chôn bà Janet, cặp đôi dự định đi Alaska. Ngày 20/1/1949, họ rời New York, đi Chicago rồi tiếp tục tới Michigan. Tại đây, họ thuê chỗ ở trong nhà của Delphine Downing, góa phụ 41 tuổi có con gái 2 tuổi. Raymond đã liên lạc với Delphine trước đó qua thư dưới tên Charles Martin. Đêm 28/2/1949, cảnh sát tới nhà Delphine sau khi sự mất tích của hai mẹ con khiến hàng xóm nghi ngờ. Raymond và Martha bị bắt ngay trong đêm. Sau khi bị đưa về đồn thẩm vấn, Raymond khai đã bắn chết Delphine trong cuộc cãi vã và Martha hại chết đứa trẻ đang khóc. Họ giấu xác hai mẹ con trong tầng hầm. Những lời khai của cặp đôi còn hé lộ nơi chôn bà Janet ở New York. Ngày 1/3, thi thể Janet Fay được khai quật dưới nền bê tông của căn nhà ở South Ozone Park. Sau khi bị bắt, Raymond từng đưa ra những lời thú nhận về các vụ giết người khác. Nhà chức trách nghi ngờ bộ đôi có thể liên quan tới khoảng 17-20 cái chết, nhưng con số này không được chứng minh tại tòa. Raymond và Martha ban đầu đối mặt với cáo buộc liên quan cái chết của mẹ con Delphine tại Michigan. Dù Raymond đã nhận tội giết Delphine, công tố viên Michigan sau đó đình chỉ việc truy tố để hai người được dẫn độ về New York, nơi họ bị xét xử trong vụ sát hại Janet Fay - vụ án có thể dẫn đến án tử hình. Kết cục của đôi tình nhân Phiên tòa diễn ra từ 9/6 đến 18/8/1949, kéo dài khoảng 10 tuần, hồ sơ lên tới hơn 4.000 trang. Raymond và Martha phủ nhận phần lớn trách nhiệm trong cái chết của bà Janet. Raymond nói không giết nạn nhân và giải thích những lời thú nhận trước đó là nhằm bảo vệ Martha vì tình yêu. Lập luận này nếu được chấp nhận sẽ khiến hắn chỉ phải chịu trách nhiệm với vai trò che giấu tội phạm. Khi được gọi lên bục nhân chứng, Martha bất ngờ tiến về phía Raymond, ôm và hôn người tình trước khi bị lực lượng an ninh kéo ra. Martha lập luận rằng không nhớ rõ diễn biến vụ giết người, chỉ nhớ Raymond lay vai mình rồi nhìn thấy bà Janet đã nằm bất động dưới sàn. Phía bào chữa cho rằng Martha có vấn đề sức khỏe tâm thần, không đủ khả năng nhận thức hành động. Nhưng hai bác sĩ tâm thần do bên công tố mời kết luận Martha biết bản chất hành động của mình và hiểu rằng đó là sai trái. Họ cũng bác bỏ lập luận rằng Martha bị mất trí nhớ vào thời điểm xảy ra vụ án. Sau khoảng 12 giờ 30 phút nghị án, bồi thẩm đoàn tuyên cả hai phạm tội giết người cấp độ một vào ngày 18/8/1949. Ngày 22/8, thẩm phán tuyên án tử hình. Cả hai kháng cáo, nhưng Tòa phúc thẩm bang New York giữ nguyên bản án vào ngày 11/7/1950. Sau khi các nỗ lực kháng cáo và xin khoan hồng thất bại, Raymond bị hành quyết bằng ghế điện vào ngày 8/3/1951. Martha cũng bị thi hành án ngay sau đó. Tuệ Anh (theo Casemine, People)",1,spam
"Bạn có thể dừng các giai điệu của câu lạc bộ bằng cách trả lời \ stop mix \ ""Xem my-tione.com/enjoy.",1,spam
"Ngày 7/5, Công an tỉnh Quảng Trị cho biết đã khởi tố 61 bị can về hành vi Lừa đảo chiếm đoạt tài sản, theo Điều 174 Bộ luật Hình sự. Theo điều tra, nhóm này làm việc cho ông chủ người Trung Quốc tại Campuchia, chuyên thu thập trái phép thông tin cá nhân của phụ nữ trung niên để lừa đảo. Các nghi phạm kết bạn, nhắn tin, gọi điện theo kịch bản dựng sẵn nhằm tạo lòng tin, sau đó dụ nạn nhân đầu tư tiền ảo, ngoại hối qua các website giả mạo như ""cme-trading.online"", ""cmetradingvn.com"" được thiết kế giống sàn giao dịch thật. Ban đầu, nhóm tạo các khoản lợi nhuận ảo để kích thích tâm lý muốn kiếm tiền nhanh, khiến bị hại tiếp tục chuyển thêm tiền rồi chiếm đoạt. Phòng Cảnh sát hình sự phối hợp công an nhiều tỉnh, thành lập 8 tổ công tác truy xét, triệu tập và bắt giữ các nghi phạm khi vừa nhập cảnh về Việt Nam. Trong đường dây, mỗi người được phân công một vai trò như quản lý, phiên dịch cho chủ người Trung Quốc, tổ trưởng, sàng lọc dữ liệu, cung cấp tài khoản mạng xã hội, nạp tiền và mua sim phục vụ hoạt động lừa đảo. Nhà chức trách cáo buộc đường dây này đã lừa hàng trăm người trên cả nước, chiếm đoạt khoảng 3.000 tỷ đồng mỗi năm. Riêng tại Quảng Trị, một nạn nhân mất hơn 2,7 tỷ đồng. Công an đang mở rộng điều tra, làm rõ thêm hàng chục người liên quan. Đắc Thành",1,spam
Update_Now - Ưu đãi Xmas!,1,spam
25p 4 Alfie Moon's Children in Need Song On Ur Mob.,1,spam
Knock Knock txt có 80082 để nhập R hàng tuần vẽ 4 Một phiếu quà tặng ’£ 250 £ 4 Một cửa hàng của sự lựa chọn năm.,1,spam
"Tuyệt vời, nhắn tin cho tôi khi bạn đang đỗ",0,ham
Bạn có một người ngưỡng mộ bí mật.,1,spam
Bạn vẫn còn băng ống nước và một cờ lê chúng ta có thể mượn?,0,ham
Nói chuyện gợi cảm !!,1,spam
Không có ý nghĩa ở chân và dương vật của tôi.,0,ham
"\ Phản ứng \ ""là một trong những vũ khí mạnh mẽ 2 chiếm một vị trí trong người khác 'trái tim' ... vì vậy",0,ham
"Được rồi, tôi sẽ ra ngoài sau vài phút, nhắn tin cho tôi ở đâu để gặp bạn",0,ham
Raji..pls giúp tôi một việc.,0,ham
"Vâng, về cơ bản bất cứ lúc nào vào tuần tới, bạn có thể tránh xa mẹ & amp;",0,ham
"Bác sĩ không đầu trước cửa phòng khám khiến cả bệnh viện náo loạn khi biết sự thật
Hình ảnh người bác sĩ không đầu xuất hiện trong bệnh viện đã khiến các bệnh nhân hoảng loạn tránh xa.
Mới đây, trên trang thông tin của Thái Lan đã chia sẻ hình ảnh người bác sĩ có ngoại hình kỳ lạ xuất hiện tại bệnh viện. Những hình ảnh của vị bác sĩ đã nhanh chóng được chia sẻ và nhận được sự quan tâm từ phía cộng đồng mạng toàn châu Á.
Những người có mặt đã vô cùng sợ hãi vì sự xuất hiện của bác sĩ không đầu
Được biết, những hình ảnh này được chia sẻ từ trang cá nhân của bạn trẻ có tên Leslie Ursabia, đang sinh sống tại Thái Lan. Chỉ sau thời gian ngắn những hình ảnh này được chia sẻ đã thu hút sự chú ý từ phía cộng đồng mạng.
Rất nhiều lời bình luận từ phía dân mạng về hình ảnh dễ gây hiểu lầm này
Theo những hình ảnh ghi lại, người đàn ông khoác trên mình bộ trang phục bác sĩ đã xuất hiện trước cửa phòng cấp cứu. Ông đã khiến mọi người chú ý không chỉ bởi chiều cao đáng ngưỡng mộ và còn bởi trên cơ thể của ông không có đầu.
Sau khi những hình ảnh này được chia sẻ rầm rộ đã nhận được rất nhiều lời bình luận từ phía cộng đồng mạng ngoài nhận định vi bác sĩ này bị cụt đầu. Nhiều người cho rằng, đây đơn giản là một tín ngưỡng đầu bóng của những người đàn ông tại Thái Lan. Một số người khác lại bình luận, hình ảnh này dễ gây hiểu lầm và vị bác sĩ này đang cứu đầu viết trước phòng bệnh. Đến nay, hành động của vị bác sĩ này vẫn chưa có lời giải đáp.",1,spam
Xin lỗi hoàn toàn quên * sẽ pop em tròn trong tuần này nếu bạn vẫn ở đây?,0,ham
Rất đau n những dòng ý nghĩa bao giờ: \ Tôi đã thỏa hiệp mọi thứ vì tình yêu của tôi,0,ham
Một số kéo dài tới 2 giờ.,0,ham
Ai đó bạn biết đã hỏi dịch vụ hẹn hò của chúng tôi 2 liên hệ với bạn!,1,spam
[CẢNH BÁO LỪA ĐẢO] Chiêu trò lừa đảo trúng thưởng chương trình quay số may mắn của các tập đoàn lớn. Đối tượng yêu cầu người trúng nạp tiền thẻ cào hoặc chuyển khoản để làm thủ tục đóng thuế trước khi nhận thưởng. Hãy chia sẻ cho người thân cùng biết.,1,spam
Điện thoại camera video miễn phí với một nửa đường cho thuê cho 12 tháng và 500 chéo NTWK MINS 100 TXTS.,1,spam
Không..Jst chỉ thay đổi tat ..,0,ham
Tuyệt vời!,0,ham
Yup tôi thk vì vậy cho đến khi e cửa hàng đóng cửa.,0,ham
"Nadal gặp Tsitsipas ở chung kết Giải quần vợt Barcelona mở rộng
Nadal ăn mừng chiến thắng trước Goffin. Ảnh: GETTY IMAGES
Trận này, Nadal nhập cuộc không tốt khi để mất break ngay ở bàn đầu tiên, tạo cơ hội cho Goffin vươn lên dẫn 2-0. Tuy nhiên, với bản lĩnh của tay vợt từng 10 lần lên ngôi vô địch ở giải đấu này, Nadal đã rút ngắn khoảng cách, rồi quân bình tỉ số 2-2 ở bàn thứ 4 khi bẻ được giao bóng của Goffin.
Sau đó, Nadal liên tục vươn lên dẫn trước Goffin và đến bàn thứ 10, tay vợt người Tây Ban Nha một lần nữa bẻ thành công giao bóng của Goffin để kết thúc ván 1 với tỉ số 6-4 sau 49 phút.
Thất bại ở ván 1 đã ảnh hưởng lớn đến tâm lý thi đấu của tay vợt người Bỉ. Sang ván 2, Goffin thi đấu sa sút và mắc rất nhiều lỗi đánh bóng hỏng, tạo cơ hội cho Nadal thắng một mạch 6 bàn (6-0) để kết thúc trận đấu sau 1 giờ 15 phút.
Đây là lần thứ 11 Nadal có mặt ở chung kết Giải quần vợt Barcelona mở rộng kể từ năm 2005. Trong 10 lần vào chung kết trước, Nadal đều đoạt ngôi vô địch.
Đối thủ của Nadal ở chung kết là hiện tượng Stefanos Tsitsipas (Hi Lạp). Ở trận đấu diễn ra trước đó, tay vợt 19 tuổi người Hi Lạp đã gây bất ngờ khi đánh bại hạt giống số 5 Pablo Carreno-Busta (Tây Ban Nha) 2-0 (7-5, 6-3) để lần đầu tiên trong sự nghiệp có mặt ở chung kết Giải quần vợt Barcelona mở rộng.",0,ham
"Bây giờ, ngôi nhà của bạn # một lần nữa?",0,ham
"Gần đây có thông tin về nhóm người bị cáo buộc mạo danh tên tuổi, hình ảnh của một lương y để bán khoảng 40.000 đơn thuốc Đông y chữa yếu sinh lý, thu về khoảng 120 tỷ đồng. Trên mạng, nhiều người đùa rằng ai là nạn nhân thì cứ mạnh dạn nhận và tố cáo. Nghe thì buồn cười, nhưng nó lại chạm trúng vào nỗi niềm của nhiều người thuộc phái mạnh. Bởi nếu không có nhu cầu thật, làm sao một nhóm người có thể bán được tới 40.000 đơn thuốc từ năm 2023? Một thống kê tại Việt Nam từng cho thấy tỷ lệ đàn ông gặp tình trạng yếu sinh lý ở mức đáng chú ý: 15,7%. Đặc biệt vấn đề này thường gặp ở nam giới trung niên. Nguyên nhân có thể liên quan đến tuổi tác và sự suy giảm testosterone, nhưng cũng có thể đến từ stress, áp lực công việc, rượu bia, thuốc lá hoặc nhiều bệnh lý khác. Nói cách khác, phía sau những con số ấy có thể là rất nhiều người đang gặp một vấn đề sức khỏe, thuộc loại nhạy cảm, ảnh hưởng phong độ nên không muốn nói ra. Và chính sự khó nói đó có thể trở thành mảnh đất màu mỡ cho những lời quảng cáo đánh trúng tâm lý. Trên mạng xã hội, không khó bắt gặp những sản phẩm được quảng cáo theo kiểu ""ăn gì bổ nấy"". Quán ăn, quán nhậu nào hễ có món ""bổ thận tráng dương"" thì đắt như tôm tươi. Chưa kể các loại rượu thuốc ngâm đủ loại, thực phẩm được truyền tai nhau là giúp tăng cường sinh lực. Có những người không biết mình thực sự gặp vấn đề gì nhưng vẫn tự mua về dùng vì ngại đi khám. Tôi nghĩ đây mới là điều đáng suy nghĩ. Một người đau dạ dày có thể dễ dàng nói mình đau bụng. Một người huyết áp cao có thể đi khám và nói về tình trạng của mình. Nhưng với những vấn đề liên quan đến khả năng tình dục, nhiều đàn ông lại có xu hướng im lặng, tự tìm hiểu trên mạng hoặc hỏi bạn bè. Không muốn thừa nhận mình yếu, không muốn đến bệnh viện, không muốn nói chuyện với bác sĩ, nhưng lại sẵn sàng bỏ tiền mua một sản phẩm được quảng cáo với những từ ngữ gây tác động mạnh. Khi tâm lý xấu hổ gặp những lời quảng cáo đánh trúng nỗi sợ, người bán hàng gần như không cần thuyết phục quá nhiều. Có lẽ vì vậy mà những đường dây bán thuốc, thực phẩm hay các sản phẩm ""tăng cường sinh lý"" luôn có một thị trường rất lớn. Tôi không nghĩ vấn đề nằm ở chuyện đàn ông có nhu cầu cải thiện sức khỏe sinh lý. Đây là một nhu cầu sức khỏe bình thường và nếu có vấn đề thì hoàn toàn có thể tìm kiếm sự hỗ trợ y tế. Điều đáng lo là nhiều người lại muốn giải quyết một vấn đề sức khỏe bằng con đường kín đáo nhất, nhanh nhất và ít phải đối diện nhất. Vụ việc 40.000 đơn thuốc vì thế khiến tôi nghĩ nhiều hơn đến phía sau những đơn hàng ấy. Có bao nhiêu người thực sự mắc bệnh? Có bao nhiêu người chỉ lo lắng vì tuổi tác? Có bao nhiêu người mua vì tin vào lời quảng cáo? Và có bao nhiêu người sẽ tiếp tục tìm đến những sản phẩm tương tự sau khi bị lừa? Là đàn ông, hãy mạnh mẽ, tỉnh táo để dám thừa nhận mình đang có vấn đề và tìm đúng người để được giúp đỡ. Bá Minh",1,spam
"Vâng, tôi nghĩ vậy.",0,ham
Nơi bạn đã che giấu người lạ?,0,ham
"Cán bộ công an cảnh báo: Cảnh báo bẫy lừa đảo làm dịch vụ xóa nợ xấu ngân hàng, nợ xấu CIC. Kẻ gian yêu cầu chuyển chi phí dịch vụ trước rồi gửi hóa đơn/xác nhận giả mạo nhằm chiếm đoạt tiền. Cần hết sức cảnh giác để tránh mất tiền.",1,spam
Các bạn không bao giờ mời tôi ở bất cứ đâu :(,0,ham
Tôi sẽ bắt đầu từ nghe.,0,ham
ERM.,0,ham
"Bữa tiệc tại chỗ của tôi tại USF, không tính phí (nhưng nếu bạn có thể đóng góp theo bất kỳ cách nào nó được đánh giá rất cao) và vâng, chúng tôi có chỗ cho một",0,ham
Cập nhật mới nhất: Giải bóng đá vô địch quốc gia diễn ra hấp dẫn với những trận cầu kịch tính. Các đội bóng tích cực tăng cường lực lượng và cải thiện thể lực để chuẩn bị cho giai đoạn lượt về. Sự việc đang thu hút sự chú ý của dư luận.,0,ham
Làm tốt nước Anh!,1,spam
"Ngôi nhà ở trên mặt nước với một bến tàu, một chiếc thuyền lăn lộn với một người tin tức lao vào sáo nhạc jazz phía sau bánh xe",0,ham
Bạn chắc rằng hàng xóm của bạn đã không nhặt nó,0,ham
"Sau ly hôn vợ, tình nhân đòi chia tay nên ra tay sát hại
Bình Dương
Người dân phường Mỹ Phước, thị xã Bến Cát, Bình Dương chưa hết bàng hoàng về vụ án mạng tại một phòng trọ ở địa phương vì nạn nhân hơn 40 tuổi chết trong tình trạng lõa thể, còn nghi phạm không ai khác là người tình của chị này.
Khu vực nhà trọ xảy ra án mạng .
Cho rằng bị phản bội
Tiếp xúc với nghi phạm Nguyễn Quốc Hùng (ngụ huyện Bàu Bàng, Bình Dương) tại cơ quan công an, Hùng tỏ ra thẫn thờ bởi sự việc mình đã gây ra.
Hùng kể gia đình tại xã Lai Uyên, huyện Bàu Bàng. Hùng quen với bà Nguyễn Thị Hoa Cau (43 tuổi, tên đã thay đổi). Sau nhiều lần trò chuyện thì nảy sinh tình cảm.
“Tôi thuê phòng trọ ở phường Mỹ Phước để đi làm. Thời gian này, Cau thường xuyên đến ở cùng. Tôi cũng không hiểu tại sao mình lại lao như con thiêu thân vào mối tình vụng trộm này. Nhiều lúc suy nghĩ làm như vậy là có lỗi với gia đình, vợ con nhưng tôi không thể nào dứt ra được"" - Hùng nói.
Sau đó Hùng ly hôn để đến với người tình cho trọn vẹn. Sau khi bán nhà, hai người tiêu xài hết số tiền thì phát sinh mâu thuẫn. Cau lại liên tục đòi chia tay. Lúc này Hùng nghĩ rằng Cau đã lừa mình rồi phản bội nên thù ghét và nảy sinh ý định giết Cau rồi tự tử.
Nguyễn Quốc Hùng tại cơ quan công an.
Ra tay sau ân ái
Theo nghi phạm, sau nhiều lần bị đòi chia tay nên bực tức rồi nảy sinh ý định sẽ giết chết nhân tình nếu bà Cau tiếp tục nói như vậy nữa. Thực hiện ý định của mình, Hùng lấy một con dao giấu trong phòng.
Chiều 5-12, bà Cau đến phòng trọ của Hùng. Tại đây, sau khi ân ái, bà lại đòi chấm dứt mối quan hệ. Nghe vậy, Hùng lấy dao giấu sẵn trong phòng đâm liên tiếp khiến nạn nhân tử vong tại chỗ.
Gây án xong, Hùng để nguyên hiện trường, khóa cửa phòng trọ, cầm theo con dao gây án rồi lấy xe đi ra ngoài.
Trên đường đi, biết không thể thoát tội, Hùng đã lái xe thẳng đến Công an huyện Bàu Bàng tự thú.
Công an khám nghiệm hiện trường.
Với thông tin nhận được, Công an huyện Bàu Bàng đã liên lạc với Công an thị xã Bến Cát để đến hiện trường kiểm tra lời khai của Hùng.
Khi phá cửa phòng trọ, thi thể bà Cau nằm dưới nền nhà với nhiều vết đâm, trên người không mặc quần áo.
Sau khi khám nghiệm hiện trường, ghi lời khai hung thủ. Cơ quan điều tra Công an tỉnh Bình Dương đã ra quyết định tạm giữ Nguyễn Quốc Hùng để điều tra về hành vi giết người.
“Ở cái tuổi 50, đã trải qua hơn nửa cuộc đời, đáng lý ra Hùng phải bình tâm suy nghĩ giữa việc đúng, việc sai. Thế nhưng người này đã phản bội vợ con, si tình rồi hành động một cách mù quáng. Hậu quả của cuộc tình sai trái này là một người chết, một người tù tội” - một người biết uẩn khúc trong câu chuyện nói.
Theo Lê Ánh
Pháp luật TP Hồ Chí Minh",0,ham
"[CẢNH BÁO LỪA ĐẢO] Chiêu trò lừa đảo tuyển dụng cộng tác viên chốt đơn hàng online trên các sàn thương mại điện tử. Ban đầu đối tượng trả hoa hồng đầy đủ, sau đó yêu cầu nạp số tiền lớn hơn để làm nhiệm vụ rồi khóa tài khoản. Cần hết sức cảnh giác để tránh mất tiền.",1,spam
"Vâng, tôi bắt đầu gửi yêu cầu để thực hiện nhưng nỗi đau đã trở lại nên tôi trở lại giường.",0,ham
"Freemsg: Yêu cầu UR 250 Tin nhắn SMS-Text OK đến 84025 ngay! Sử dụng Web2Mobile 2 Ur Mates, v.v. Tham gia TXT250.com với giá 1.50p/tuần.",1,spam
"Bạn có thể giành được Å £ 100 của các phiếu quà tặng âm nhạc mỗi tuần bắt đầu từ ngay từ đó rút thăm tới 87066 tscs www.idew.com skillgame, 1Winaweek, Age16.",1,spam
Tôi cũng yêu cả hai bạn :-),0,ham
ARD 515 giống như dat.,0,ham
Tại sao tôi đến giữa bạn,0,ham
Mục nhập tuần đầu tiên miễn phí 2 TextPod 4 A Chance 2 Win 40GB iPod hoặc Å £ 250 tiền mặt mỗi tuần.,1,spam
"Đây là nỗ lực thứ 2 để ký hợp đồng với U, bạn đã giành được giải thưởng cao nhất trong tuần này là Å £ 1000 tiền mặt hoặc Å £ 200 giải thưởng.",1,spam
Tại sao bạn không đi cùng chúng tôi.,0,ham
Nhập miễn phí vào comp comp £ 250 £ 250 của chúng tôi chỉ cần gửi từ chiến thắng tới 80086 ngay bây giờ.,1,spam
Vui lòng gọi 08712402779 ngay lập tức vì có một tin nhắn khẩn cấp đang chờ bạn,1,spam
Gửi cho tôi ID và mật khẩu của bạn,0,ham
"Bí mật đằng sau chiếc nhẫn trên ngón tay út của Thanh Hằng và Chi Pu
Hai mỹ nhân đình đám của Vbiz thường xuyên đeo nhẫn ở ngón tay út, và đây chính là lí do.
Đối với phái đẹp nói chung và những mỹ nhân đình đám của Vbiz nói riêng, trang sức như nhẫn, hoa tai hay dây chuyền đều không thể thiếu trong mỗi lần xuất hiện.
Khác với nhiều mỹ nhân, Thanh Hằng và Chi Pu thường gắn liền với chiếc nhẫn bạc nhỏ xinh ở ngón tay út. Ngoài việc tăng tính thẩm mỹ, thì chiếc nhẫn này còn có ý nghĩa rất đặc biệt đối với họ.
Siêu mẫu Thanh Hằng từng chia sẻ vui trên trang cá nhân rằng: “Nghe nói đeo nhẫn ở ngón tay út này để chống tiểu nhân. Nên đeo ngay và luôn“.
Đeo nhẫn ngón út sẽ tăng sự thông minh trong mỗi người bên cạnh đó còn đề phòng kẻ xấu hãm hại. Ngoài ra còn thể hiện bạn là một người có tính cách nhẹ nhàng và dường như hơi khiêm tốn.
Thanh Hằng thường xuyên đeo nhẫn ở ngón tay út của cô, nữ siêu mẫu kết hợp trang phục khéo léo mang tông màu trắng đen để tôn vinh được món phụ kiện nhỏ xinh này.
Vẻ đẹp quyền lực và sắc lạnh của cô rất phù hợp với những món phụ kiện tinh giản, sang trọng.
Đeo nhẫn ngón út sẽ tăng sự thông minh trong mỗi người bên cạnh đó còn đề phòng kẻ xấu hãm hại. Ngoài ra còn thể hiện bạn là một người có tính cách nhẹ nhàng và dường như hơi khiêm tốn.
Có lẽ như Chi Pu cũng học hỏi theo đàn chị, khi chiếc nhẫn bạc luôn hiện hữu trên ngón tay út của cô.
Dù ở bất cứ nơi đâu, nữ diễn viên cũng luôn mang theo món phụ kiện này bên mình.
Diện váy dạ hội lộng lẫy vẫn không quên chiếc nhẫn nhỏ xinh.
Theo An Bình – Ảnh: Tổng Hợp (Khám Phá)",1,spam
"Sáng 21/8, TAND Đà Nẵng dự kiến mở phiên sơ thẩm xét xử 5 bị cáo liên quan vụ Lừa đảo chiếm đoạt tài sản xảy ra tại Công ty TNHH MTV Tư vấn đầu tư GFDI, kéo dài 3 ngày dưới hình thức trực tiếp kết hợp trực tuyến. Các bị cáo gồm: Nguyễn Quang Hoàng (38 tuổi, Tổng giám đốc GFDI); Nguyễn Đỗ Đạt (34 tuổi, Giám đốc Tài chính GFDI); Trần Thị Mỹ Hạnh (34 tuổi, Trưởng phòng Ngân quỹ GFDI); Tô Hồng Trà (35 tuổi, Giám đốc Sở giao dịch Hội sở GFDI) và Trần Thị Kiều Trang (38 tuổi, Phó giám đốc Sở giao dịch Hội sở GFDI). Quy mô phiên tòa lớn chưa từng có tại Đà Nẵng. Tòa án tổ chức điểm cầu trung tâm là trụ sở TAND TP Đà Nẵng xét xử 5 bị cáo, với sự tham gia của hai người bào chữa và 57 người có quyền lợi, nghĩa vụ liên quan. Hơn 7.100 bị hại sẽ theo dõi trực tuyến tại điểm cầu Cung thể thao Tiên Sơn. Điểm cầu còn lại tại Nhà hát Trưng Vương dành cho hơn 1.500 người có quyền lợi, nghĩa vụ liên quan được triệu tập. Theo hồ sơ vụ án, Nguyễn Quang Hoàng chỉ đạo huy động vốn bằng hình thức ký hợp đồng vay tiền của khách hàng, đưa ra thông tin gian dối rằng dòng tiền sẽ được đầu tư vào các dự án sinh lời cao như: chuỗi nhà hàng Làng Nghệ, sản xuất hàng tiêu dùng (Seneco, Enzy Food, K-Products), sản xuất phim điện ảnh... Công ty đưa ra mức lãi suất hấp dẫn để thu hút dòng tiền: gói một tháng (lãi suất 1,5-2%/tháng), 3 tháng (2,5%/tháng), 6 tháng (3%/tháng), từ 9 tháng trở lên (3,5%/tháng, tương đương 42%/năm). Nhiều thời điểm, công ty cam kết lợi nhuận lên tới 50%/năm. Sau khi nhận tiền, Hoàng không đầu tư như quảng cáo mà dùng chi trả hoạt động bộ máy, chi phí tiếp tục kêu gọi vay tiền và lấy tiền của người gửi sau trả gốc, lãi cho người trước. Với sự giúp sức của Đạt, Hạnh, Trà và Trang, Nguyễn Quang Hoàng đã huy động hơn 2.407 tỷ đồng từ hơn 7.100 khách hàng. Đầu tháng 11/2024, khi Hoàng thông báo công ty mất khả năng thanh toán, hàng trăm người đã tập trung trước trụ sở GFDI đòi tiền. Công an TP Đà Nẵng sau đó vào cuộc điều tra. Ngọc Trường",1,spam
Đi bộ tối thiểu là 3miles một ngày.,0,ham
"Không, nó thẳng, nếu bạn chỉ có thể mang theo nụ hoặc đồ uống hoặc thứ gì đó thực sự hữu ích hơn một chút so với tiền mặt thẳng",0,ham
Chúng tôi hiện có một tin nhắn đang chờ bộ sưu tập của bạn.,1,spam
Tin nhắn miễn phí.,1,spam
Xin lỗi là một nỗi đau.,0,ham
Không có 1 giai điệu đa âm 4 mob của bạn mỗi tuần!,1,spam
"Nó ổn, được gọi là mẹ thay vì vui vẻ",0,ham
Bạn sẽ nhận được giai điệu của bạn trong vòng 24 giờ tới.,1,spam
"Tôi thk 50 shd có thể, anh ấy nói cộng với điều 10 .. đã ì_ để lại một dòng ở giữa các đoạn?",0,ham
Tại sao bạn không đi nói với bạn mình rằng bạn không chắc bạn muốn sống với anh ấy vì anh ấy hút quá nhiều sau đó dành hàng giờ để cầu xin anh ấy đến hút thuốc,0,ham
Ồ :-) Chỉ có 4 người chơi bên ngoài được phép chơi,0,ham
"Chiêu trò nạp tiền làm nhiệm vụ xem video YouTube nhận lương 300k/ngày, bản chất là mô hình Ponzi.",1,spam
S.S :) Tôi nghĩ vai trò giống như Sachin.Just Stand.,0,ham
"Theo công bố của Google ngày 11/2, người dùng Internet trong nước đã phải đối phó hàng loạt nguy cơ lừa đảo ngay từ tháng đầu năm. Thông qua tính năng bảo vệ, chống lừa đảo nâng cao với Google Play Protect hợp tác cùng Cục An toàn thông tin Việt Nam (AIS) cuối năm ngoái, Google phát hiện và bảo vệ hơn 360.000 thiết bị khỏi hơn 1,5 triệu cài đặt rủi ro trên 8.000 ứng dụng độc hại tại Việt Nam trong tháng 1. Bên cạnh đó, hãng cũng chỉ ra 5 thủ đoạn lừa đảo trực tuyến phổ biến gần đây tại Việt Nam, với nhiều trong đó lợi dụng AI cho mục đích xấu. Lừa đảo đầu tư thông qua người nổi tiếng tạo bằng AI Kẻ lừa đảo sử dụng AI tạo video, âm thanh và hình ảnh giả mạo người nổi tiếng để thực hiện chiêu trò lừa đảo. Video deepfake kết hợp với bài báo và bài đăng bịa đặt trên mạng xã hội thường được sử dụng để giới thiệu các khoản đầu tư bất hợp pháp, đặc biệt trong lĩnh vực tiền số. ""Sự kết hợp giữa gương mặt có sức ảnh hưởng, nội dung trông chuyên nghiệp và lời hứa hẹn về lợi nhuận cao khiến các vụ lừa đảo này trở nên đặc biệt thuyết phục"", theo Google. Công ty cũng cho biết đã phát triển một số công cụ để xác định và nhận diện nội dung tạo bởi AI, chẳng hạn SynthID. Theo Google, người dùng cần luôn cảnh giác với lời khuyên đầu tư từ người nổi tiếng, đặc biệt trên mạng xã hội. Khi xem video, cần quan sát kỹ các điểm yếu mà AI để lộ, như biểu cảm khuôn mặt không tự nhiên, một số chi tiết bị thiếu... Lợi dụng các sự kiện lớn Kẻ lừa đảo lợi dụng các sự kiện lớn, tận dụng AI để nâng cấp độ tinh vi của các thủ đoạn hiện có. Kẻ xấu sẽ nhanh chóng nắm bắt các sự kiện nổi bật, sau đó bán vé giả hoặc mạo danh tổ chức từ thiện. ""Từ những buổi hòa nhạc, sự kiện thể thao, lễ hội văn hóa cho đến thảm họa thiên nhiên, mọi dịp đều có thể trở thành mục tiêu của những kẻ lừa đảo"", Google cho biết. ""Khi sự kiện diễn ra, mọi người thường cảm thấy áp lực phải hành động nhanh chóng, vô tình tạo cơ hội cho lừa đảo"". Lừa đảo việc làm Kẻ lừa đảo dạng này thường nhắm đến những người đang tìm kiếm công việc từ xa. Chúng đăng tin giả trên các trang web tuyển dụng uy tín và mạng xã hội, sau đó tiến hành các buổi phỏng vấn video chuyên nghiệp và thực hiện quy trình giới thiệu chi tiết, thường là giả mạo công ty quốc tế trong lĩnh vực giao dịch tiền số hoặc tiếp thị kỹ thuật số. Để tăng độ tin cậy, kẻ gian còn giả mạo hợp đồng và tài liệu liên quan. Ngoài việc yêu cầu các khoản phí trả trước và đánh cắp dữ liệu, cách thức này còn lôi kéo nạn nhân tham gia vào các hoạt động rửa tiền hoặc các hành vi phạm khác. Nạn nhân có thể vô tình bị cuốn vào các giao dịch tài chính hoặc chuyển tiền số, dẫn đến các hậu quả pháp lý nghiêm trọng do dính líu đến hoạt động bất hợp pháp. Theo Google, người dùng cẩn trọng với các đề xuất công việc ""quá hấp dẫn để thành sự thật"", đặc biệt là lời mời liên quan đến chuyển tiền. Nhà tuyển dụng hợp pháp thường không bao giờ yêu cầu thanh toán chi phí trong quá trình tuyển dụng hoặc dùng tài khoản cá nhân cho công việc kinh doanh, do đó cần xác minh lại cơ hội việc làm thông qua kênh chính thức của công ty. Lừa đảo du lịch và mua sắm online Kẻ lừa đảo thường tạo ra các website ""nhái"" trang mua sắm, du lịch và bán lẻ hợp pháp, dụ dỗ nạn nhân bằng mức giá hấp dẫn cho mặt hàng phổ biến, hàng hóa xa xỉ, vé hòa nhạc hoặc ưu đãi du lịch. Thông thường, những website này được sao chép một cách tinh vi, từ giao diện đến các dịch vụ khách hàng, khiến gần như không thể phân biệt được với các trang chính thức. Để tránh bị phát hiện, kẻ lừa đảo sử dụng kỹ thuật như ""cloaking"" (che đậy) và tạo cảm giác cấp bách bằng cách đưa ra ""ưu đãi có thời hạn"" nhằm buộc người dùng quyết định nhanh chóng. Hậu quả là nạn nhân thường không nhận được gì, nhận phải hàng giả, hoặc đối mặt với các khoản phí bất hợp pháp và dữ liệu cá nhân bị xâm phạm. Theo Google, người dùng cần xác minh trang web trước khi mua hàng, đặc biệt trong các đợt giảm giá. Kiểm tra liên kết, các tính năng bảo mật, cảnh giác với mức giá thấp và lời hối thúc mua nhanh chóng. Giả mạo dịch vụ hỗ trợ kỹ thuật từ xa Kẻ lừa đảo thường mạo danh nhân viên hỗ trợ kỹ thuật của các công ty, ngân hàng và cơ quan nhà nước, sau đó tạo ra những tình huống khẩn cấp, chẳng hạn thông báo thiết bị, tài khoản hoặc bảo mật của các nạn nhân đang gặp vấn đề. Khi tiếp cận mục tiêu thành công, chúng sẽ sử dụng ngôn ngữ kỹ thuật một cách thuyết phục kèm các trang hỗ trợ giả. Để tăng độ tin cậy, kẻ lừa đảo còn sử dụng thủ đoạn tinh vi như giả mạo ID người gọi và chuẩn bị sẵn kịch bản đối thoại. Phương thức tiếp cận của chúng cũng linh hoạt: nhắm vào người cao tuổi bằng cách giả danh các công ty công nghệ quen thuộc, hoặc tiếp cận giới trẻ thông qua nền tảng trò chơi. Mục đích của chúng là dụ dỗ nạn nhân cài đặt phần mềm truy cập từ xa, từ đó có thể kiểm soát thiết bị, truy cập vào dữ liệu cá nhân, thông tin tài khoản ngân hàng, thực hiện giao dịch trái phép. Google cảnh báo người dùng không cấp quyền truy cập từ xa cho tài khoản lạ. Các công ty hợp pháp sẽ không chủ động thực hiện cuộc gọi hỗ trợ kỹ thuật, hoặc người dùng nên liên hệ trực tiếp với công ty thông qua kênh chính thức, đồng thời tăng cường bảo mật với tính năng xác minh hai bước, khóa truy cập hoặc trình quản lý mật khẩu. Bảo Lâm",1,spam
Mark hoạt động vào ngày mai.,0,ham
Nope wif sis lor của tôi ... sau khi tắm cho con chó của tôi sau đó tôi có thể tắm ... có vẻ như trời sẽ sớm mưa.,0,ham
GR8 Dịch vụ mới - Trò chuyện video tình dục trực tiếp trên mob của bạn - Xem những cô gái bẩn nhất quyến rũ nhất trực tiếp trên điện thoại của bạn - 4 chi tiết văn bản Horny tới 89070 để hủy gửi dừng lại đến 89070,1,spam
"Thói quen Bill Gates đã từ bỏ để thành công
Bill Gates: Bitcoin có thể là công cụ giết người / Tỷ phú Bill Gates thua đậm khi chơi 'hãy chọn giá đúng'
Trong một sự kiện năm 2005 với tỷ phú Warren Buffett, Gates đã nói với sinh viên Trường Kinh doanh thuộc Đại học Nebraska-Lincoln rằng ông từng là người rất hay trì hoãn. Ông kể rằng mình có “thói quen rất xấu này” từ khi còn học ở Harvard. “Tôi thích cho mọi người thấy là tôi chẳng làm gì cả, tôi không đến lớp và cũng chẳng quan tâm”, ông nói.
Nhưng đến phút cuối, khoảng 2 ngày trước bài kiểm tra, Gates mới nghiêm túc học hành và nhanh chóng chuẩn bị kiến thức. “Mọi người nghĩ việc đó thật buồn cười. Nhưng đúng là khi ấy tôi là kẻ nước đến chân mới nhảy”, ông nhớ lại.
Dù vậy, khi bước chân vào giới kinh doanh sau này, Gates mới nhận ra đây là một thói quen rất xấu và mất vài năm mới sửa được.
Bill Gates đã bỏ dở Harvard để tập trung cho Microsoft.
Việc này một lần nữa được ông nhắc đến trong một bài trả lời trên mạng xã hội Reddit năm 2016. Khi được hỏi về kỷ niệm đáng nhớ nhất tại Harvard, Gates cho biết: “Tôi muốn mình thật khác biệt nên không tham gia vào bất kỳ lớp nào đã đăng ký. Rồi tôi vào học những lớp mình không đăng ký”.
Khi được hỏi làm thế nào thi qua môn, Gates giải thích rằng ông chỉ học “thực sự chăm chỉ” trong thời gian trước kỳ thi. Chiến lược này giúp ông “gần như luôn luôn” được điểm A.
Tuy nhiên, mọi chuyện đều có ngoại lệ. Có lần, đang xem lại bài giảng môn Hóa hữu cơ, ông phát hiện ra một số video bị lỗi, hoặc mất tiếng. “Cuối cùng tôi chỉ được C+ môn đó”, ông nhớ lại.
Gates thừa nhận việc kinh doanh là một phép thử rất khắc nghiệt. “Sẽ chẳng có ai vỗ tay khen ngợi vì tôi đến phút cuối mới làm đâu”, ông nói. Kết quả là, ông cố gắng sửa thói quen này để giống với các sinh viên mà mình thấy trong trường - những người “luôn có tổ chức và hoàn thành đúng hạn”.
Dù Bill Gates vẫn đạt điểm tốt khi đi học, nhiều nghiên cứu chỉ ra tác hại của việc này hơn nhiều so với lợi ích là được tự do trong ngắn hạn. Psychological Science trích các nghiên cứu cho thấy việc này làm giảm chất lượng công việc và sự hạnh phúc của con người.
Hà Thu (theo CNBC)",0,ham
Nó đến 80488. 500 tin nhắn văn bản miễn phí của bạn có hiệu lực cho đến ngày 31 tháng 12 năm 2005.,1,spam
"Đối tượng lừa đảo giả danh công an phường hướng dẫn cài đặt ứng dụng Dịch vụ công trực tuyến giả mạo (file .apk). Khi cài đặt, ứng dụng chứa mã độc tự động chiếm quyền điều khiển điện thoại và rút sạch tiền ngân hàng. Mọi người tuyệt đối không làm theo!",1,spam
Hy vọng bạn thích nội dung mới của bạn.,1,spam
"Aight, hẹn gặp bạn một chút",0,ham
Babe !!!!,0,ham
Né gấp thủ đoạn này: Chiêu trò lừa đảo trúng thưởng chương trình quay số may mắn của các tập đoàn lớn. Đối tượng yêu cầu người trúng nạp tiền thẻ cào hoặc chuyển khoản để làm thủ tục đóng thuế trước khi nhận thưởng. Hãy chia sẻ cho người thân cùng biết.,1,spam
"Yêu cầu 200 cuộc mua sắm, chỉ cần gọi 08717895698 ngay bây giờ!",1,spam
"""Mạng lưới lừa đảo, thứ mà chúng tôi gọi là nền kinh tế đen, đang phá hủy nền kinh tế chân chính của chúng tôi. Nó đã gây tiếng xấu cho Campuchia"", ông Manet ngày 25/2 trả lời hãng thông tấn AFP khi đang có chuyến công du ở Bỉ. Theo Thủ tướng Campuchia, các trung tâm lừa đảo còn đang gây hại cho ngành du lịch và đầu tư của đất nước. ""Vì thế, chúng tôi phải xử lý triệt để vấn đề này"", ông nói. Campuchia đã trở thành điểm nóng của các tổ chức điều hành mạng lưới lừa đảo trị giá hàng tỷ USD, nơi tội phạm dẫn dụ người dùng Internet khắp thế giới vào các bẫy tình cảm hay bẫy đầu tư tiền ảo giả mạo. Thủ tướng Hun Manet thừa nhận tội phạm đã gián tiếp thúc đẩy một số hoạt động kinh doanh và tạo ra việc làm trong nước, nhưng phủ nhận việc Campuchia được hưởng lợi từ đó. ""Đúng vậy, các trung tâm lừa đảo có thể mang lại một số kết quả trực tiếp đối với ngành bất động sản, đầu tư, xây dựng, hay việc mua sắm để thiết lập nên chúng"", ông nói. ""Nhưng phần lớn số tiền thu lợi không đến tay chính phủ Campuchia"". Các chuyên gia cho biết hiện có hàng chục trung tâm lừa đảo ở Campuchia, với khoảng 100.000 người tham gia thực hiện các hành vi lừa đảo trực tuyến, trong đó nhiều người là nạn nhân bị buôn bán, ép buộc. Ban đầu, các nhóm này chủ yếu nhắm vào người nói tiếng Trung Quốc nhưng sau đó, họ mở rộng quy mô sang nhiều ngôn ngữ khác để vơ vét tiền của các nạn nhân trên khắp thế giới. Một báo cáo năm 2024 từ Viện Hòa bình Mỹ ước tính lợi nhuận từ hoạt động lừa đảo trực tuyến tại Campuchia lên tới hơn 12,5 tỷ USD mỗi năm, tương đương 50% GDP của nước này. ""Nhiều người cho rằng GDP của Campuchia phụ thuộc vào lừa đảo. Không phải vậy. Chúng tôi dựa vào các ngành kinh tế minh bạch như du lịch, sản xuất và những lĩnh vực khác"", Thủ tướng Hun Manet nhấn mạnh. Năm ngoái, hàng nghìn người được giải cứu khỏi các trung tâm lừa đảo ở Myanmar và Campuchia để hồi hương sau chiến dịch truy quét quy mô lớn. Cuộc truy quét này đã giúp bắt được Chen Zhi, người bị cáo buộc là ông trùm mạng lưới lừa đảo, từng được xem là doanh nhân nổi tiếng ở Campuchia. ""Chúng tôi không hề biết ông ta là kẻ cầm đầu"", Thủ tướng Hun Manet nói. Theo lời ông, việc kiểm tra lý lịch không cho thấy dấu hiệu khả nghi nào về Chen, đồng thời lưu ý rằng tập đoàn Prince Group của Chen, thực thể bị chính quyền Mỹ cáo buộc là vỏ bọc của đế chế lừa đảo, vốn có mặt tại nhiều quốc gia, không chỉ riêng Campuchia. Các công tố viên Mỹ cho biết từ khoảng năm 2015, Prince Group đã hoạt động tại hơn 30 quốc gia dưới danh nghĩa kinh doanh bất động sản, dịch vụ tài chính và tiêu dùng hợp pháp. Trước khi các cáo buộc được đưa ra, đối với Campuchia, Chen ""chỉ là một doanh nhân có đóng góp cho nền kinh tế"", ông Manet nói. Thủ tướng thêm rằng Campuchia không biết về những hoạt động mờ ám của Prince Group, khẳng định cơ quan chức năng đã hành động ngay lập tức khi nắm được thông tin về các cáo buộc sai phạm. Vũ Hoàng (Theo AFP)",1,spam
"Tối 9/12/2009, Cảnh sát biển Hàn Quốc xông lên con tàu đánh cá đang trở về cảng ở huyện Taean, tỉnh Nam Chungcheong, bao vây một người đàn ông trên boong. Khi bắt đầu lục soát, họ nghĩ sẽ tìm thấy những bao tiền mặt hoặc ma túy, nhưng thay vào đó lại chỉ có một cuốn hộ chiếu bị bỏ lại. Cái tên trên đó khiến họ kinh ngạc. Đó là Cho Hee-pal, kẻ chủ mưu đứng sau vụ lừa đảo theo mô hình Ponzi lớn nhất Hàn Quốc cho đến nay. Lừa đảo Ponzi, hay lừa đảo kiểu kim tự tháp, là hình thức lừa đảo tài chính lấy tiền của nhà đầu tư sau để trả lợi nhuận cho nhà đầu tư trước mà không thực hiện bất kỳ hoạt động kinh doanh hay đầu tư thực tế nào. Trò lừa đảo sụp đổ khi không thể lôi kéo đủ nhà đầu tư mới để trả lãi. Chiêu trò lừa đảo Đường dây lừa đảo của Cho nhắm vào những người dân bình thường đang tìm kiếm sự ổn định tài chính, được cho là đã chiếm đoạt khoảng 5.000 tỷ won (3,4 tỷ USD) từ 70.000 nạn nhân. Cho bắt đầu đế chế kinh doanh của mình vào tháng 10/2004, mở nhiều công ty trên khắp cả nước, bắt đầu từ Daegu. Bề ngoài, hoạt động kinh doanh có vẻ hợp pháp. Các nhà đầu tư được cho biết họ đang cho thuê các thiết bị chăm sóc sức khỏe, như ghế massage, để lắp đặt tại những nơi như tiệm làm tóc và nhà nghỉ, khách hàng sẽ trả tiền để sử dụng. Công ty của Cho cam kết quản lý các thiết bị này và chia lợi nhuận cho nhà đầu tư. Đối tượng mục tiêu thường là những người dễ bị tổn thương: người nghỉ hưu, lao động thất nghiệp và những người vẫn đang chật vật sau cuộc khủng hoảng tài chính châu Á năm 1997. Lợi nhuận nghe thật khó cưỡng. Với mỗi thiết bị được mua, các nhà đầu tư được hứa hẹn mức cổ tức trung bình 35.000 won mỗi ngày. Khoản đầu tư ban đầu 4,4 triệu won sẽ mang lại 5,81 triệu won chỉ sau 8 tháng - tương đương mức lợi suất hàng năm khoảng 48%. Thời điểm đó, lãi suất ngân hàng trung bình dao động quanh mức 4%. Đáng chú ý, cổ tức được trả đúng hạn mỗi ngày trong suốt bốn năm. Sự đều đặn đó đã tạo dựng niềm tin. Nhưng thực tế, bản thân những thiết bị này hầu như không tạo ra lợi nhuận thực sự. Cổ tức được trả bằng tiền từ các nhà đầu tư mới. Đó là một mô hình lừa đảo Ponzi điển hình. Càng nhiều người tham gia, dòng tiền đổ vào càng lớn. Và chừng nào dòng tiền đầu tư mới vẫn tiếp tục chảy vào, Cho vẫn có thể trả cổ tức cho các nhà đầu tư cũ. Kế hoạch chạy trốn Cho biết rằng trò lừa đảo sắp sụp đổ khi không còn khả năng trả tiền cho nhà đầu tư. Ba tháng trước khi biến mất, ông ta bắt đầu chuẩn bị cho cuộc trốn chạy được dàn dựng cẩn thận. Cho thông báo với nhà đầu tư rằng các khoản cổ tức sẽ không còn được ghi vào sổ ngân hàng của họ nữa. Thay vào đó, họ sẽ nhận được thông báo qua tin nhắn văn bản, bất kỳ ai muốn nhận tiền lãi có thể trực tiếp đến văn phòng. Sau đó, ông ta thêm một lời cảnh báo kỳ lạ: ""Đừng nói với các công ty khác. Họ sẽ bắt chước chúng ta"". 8h30 mỗi sáng, các nhà đầu tư nhận được tin nhắn văn bản xác nhận việc thanh toán cổ tức. Nhưng tất cả đều là giả mạo. Đồng thời, Cho thúc giục mọi người đầu tư nhiều hơn, cảnh báo rằng tỷ suất lợi nhuận sắp giảm. Các nạn nhân dốc hết tài sản vào đó: tiền cổ tức, tiền tiết kiệm hưu trí, tiền cưới hỏi và cả các khoản vay ngân hàng. Thời điểm đó, mạng lưới của Cho đã mở rộng lên khoảng 80 văn phòng trên toàn quốc, bao gồm cả các công ty ma chỉ tồn tại trên giấy tờ. Nhưng khi kế hoạch đạt đỉnh, các văn phòng đột nhiên đóng cửa, điện thoại không ai bắt máy. Các nạn nhân trình báo cảnh sát vào tháng 10/2008. Khi đột kích trụ sở của Cho vào tháng 12/2008, cảnh sát phát hiện nó trống rỗng. Tất cả những người liên quan đều biến mất, tất cả hồ sơ quan trọng đã bị xóa bỏ. Cái chết bí ẩn Cảnh sát Hàn Quốc yêu cầu Interpol phát lệnh truy nã đỏ, nhưng Cho đã biến mất. Ông ta chỉ mang theo một chiếc túi nhỏ khi lên thuyền trốn sang Trung Quốc. Điều tra viên nghi ngờ chiếc túi chứa hồ sơ về tài sản cất giấu và danh sách các quan chức mà ông ta đã hối lộ. Những nghi ngờ đó không phải là vô căn cứ. Tháng 5/2009, một sĩ quan thuộc Sở Cảnh sát Daegu bị bắt sau khi bí mật gặp Cho ở Trung Quốc. Chính quyền cho biết người này đã nhận hối lộ khoảng 1 tỷ won để đổi lấy việc tiết lộ thông tin về cuộc điều tra và chuyển tiền cho các quan chức khác thay mặt Cho. Cho cũng được cho là đã được báo trước về các cuộc đột kích của cảnh sát. Bốn năm sau khi Cho biến mất, tháng 12/2011, chính quyền thông báo ông ta đã chết ở Trung Quốc vì bệnh tim. Điều tra viên còn công bố đoạn phim về đám tang của Cho. Trong video, Cho nằm trong quan tài kính, được con trai và các thành viên khác trong gia đình vây quanh. Cháu trai họ của Cho, một trong những người đã giúp ông ta trốn khỏi Hàn Quốc, sau đó nói với chương trình điều tra Unanswered Questions của đài SBS rằng đám tang được quay video vì họ sợ mọi người không tin Cho đã chết. Nhưng thông báo này chỉ làm dấy lên càng nhiều nghi ngờ. Nhiều tin báo nhìn thấy Cho còn sống. Giấy chứng nhận hỏa táng của ông ta cũng gây hoài nghi, vì ngày cấp dường như trước cả thời điểm ông ta được cho là đã chết. Chính quyền cho biết không thể xác minh ADN của Cho vì thi thể đã được hỏa táng. Cuộc điều tra bỏ ngỏ Dù chính thức tuyên bố Cho đã chết, cảnh sát vẫn giữ tên ông ta trong danh sách truy nã vì gia đình Cho chưa bao giờ làm thủ tục đăng ký khai tử. Sau đó, một đoạn ghi âm cuộc gọi điện thoại liên quan đến cháu trai của Cho được tiết lộ. Trong cuộc gọi, người cháu nói với một người khác rằng ""chú ấy đang vô cùng tức giận"" và ""chú chỉ có thể nghĩ theo cách này"". Cuộc gọi được ghi âm vào tháng 2/2012, trong khi Cho được cho là đã chết ba tháng trước đó. Phát hiện này khiến vụ án một lần nữa nóng lên. Sau khi cuộc điều tra được mở lại vào tháng 7/2014, cảnh sát và công tố viên tranh đấu giành quyền dẫn dắt. Phía cảnh sát cáo buộc một công tố viên đã nhận hối lộ từ Cho và yêu cầu lệnh bắt giữ. Các công tố viên bác bỏ yêu cầu này, đồng thời thành lập một đội điều tra đặc biệt gồm 13 người. Sau đó, công tố viên đó bị phát hiện đã nhận hối lộ 3,5 tỷ won. Bức xúc trước việc chính quyền tập trung vào các quan chức tham nhũng thay vì tìm kiếm Cho, các nạn nhân bắt đầu tự truy dấu. Nhờ kiên trì, họ đã thuyết phục được cháu trai Cho tiết lộ tung tích của Kang Tae-yong, cánh tay phải của Cho, nắm quyền quản lý tài chính của tổ chức. Tháng 10/2015, Kang bị bắt và bị dẫn độ từ Trung Quốc về nước. 10 ngày sau, cháu trai Cho tự tử. Chỉ hai ngày sau đó, một trợ lý thân cận khác của Cho - người phụ trách hệ thống máy tính và dữ liệu điện tử của đường dây lừa đảo - đã ra đầu thú. Bảy năm sau khi Cho chạy trốn, vụ án được khôi phục, mang lại hy vọng cho các nạn nhân rằng cuối cùng họ có thể nhận được câu trả lời. Nhưng vào tháng 6/2016, các công tố viên tuyên bố họ tin rằng Cho đã chết và khép lại vụ án, viện dẫn lý do không đủ bằng chứng cho thấy ông ta vẫn còn sống. Đối với nhiều nạn nhân, quyết định này là một cú sốc lớn. Chính quyền đã thu hồi được 95,2 tỷ won tài sản Cho cất giấu, chia cho 70.000 nạn nhân thì con số đó chỉ tương đương 1,36 triệu won mỗi người - một phần nhỏ so với số tiền mà nhiều người đã bỏ ra. Mộ của Cho vẫn còn ở công viên tưởng niệm tại tỉnh Bắc Gyeongsang, những câu hỏi chưa được giải đáp quanh cái chết của ông ta cũng còn đó. Tuệ Anh (theo Korea Joongang Daily)",1,spam
"Người Hà Nội chen chân chụp ảnh trong vườn cúc hoạ mi
12h trưa ngày cuối tuần, nhiều người không ngại nắng để tạo dáng chụp hình với cúc hoạ mi.
Ở các vườn hoa đều có nơi dành cho người dân thay đồ, nhưng do lượng người ra vào quá đông, nhóm phụ nữ này chọn cách dùng áo mưa che chắn để thay đồ ngay tại vườn.",0,ham
"Tố giác chiêu trò: Cảnh báo bẫy lừa đảo nạp tiền làm nhiệm vụ xem video Youtube, TikTok nhận tiền công. Sau khi nạn nhân nạp tiền tỷ vào hệ thống, các đối tượng viện lý do lỗi hệ thống để không cho rút tiền. Nạn nhân nên trình báo cơ quan công an gần nhất.",1,spam
"Nghe có vẻ tốt, hãy giữ cho tôi được đăng",0,ham
"Chiều 14/7, Cơ quan An ninh điều tra (Công an tỉnh Đăk Lăk) bắt tạm giam 5 bị can để điều tra về tội Rửa tiền, gồm: Nguyễn Văn Ngọc, 29 tuổi, trú tỉnh Ninh Bình; Nguyễn Tiễn Long, Tạ Vũ Minh Duy, cùng 32 tuổi; Trần Trịnh Anh Tuấn và Nguyễn Hữu Nhân, cùng 26 tuổi, đều trú tỉnh Tây Ninh. Trước đó, Phòng An ninh mạng và phòng, chống tội phạm sử dụng công nghệ cao phát hiện đường dây lừa đảo livestream cào vé số trúng thưởng trên mạng xã hội. Các nghi phạm dựng cảnh trúng thưởng giả, yêu cầu người chơi nộp nhiều khoản phí rồi chiếm đoạt tài sản. Theo điều tra, đường dây do người Trung Quốc điều hành tại Bavet (Campuchia), thuê người Việt mở nhiều tài khoản ngân hàng để nhận và luân chuyển tiền qua nhiều lớp nhằm che giấu nguồn gốc. Trong đó, 5 bị can trực tiếp tham gia rửa tiền. Công an xác định đường dây đã chiếm đoạt hơn 500 tỷ đồng của hàng nghìn bị hại trên cả nước; riêng 5 bị can thực hiện các giao dịch rửa tiền hơn 14 tỷ đồng. Vụ án đang được mở rộng điều tra. Công an khuyến cáo người dân cảnh giác với các hình thức trúng thưởng trực tuyến, không chuyển tiền theo yêu cầu của người lạ và kịp thời tố giác hành vi vi phạm. Bùi Toàn",1,spam
* Bạn sẽ đổ chuông vào cuối tuần này hay wot?,0,ham
"Vừa thấy “quái khủng” đen xì lòi ra từ khúc cây, thanh niên vứt vội gỗ quý chạy mất dép chỉ sau 1 giây
Không biết đấy là quái vật gì mà lại khiến người đàn ông khiếp sợ đến như vậy?
Câu chuyện đặc biệt này xảy ra khi một người đàn ông đang chặt cây lấy củi sau vườn nhà, vô tình ông trông thấy thân cây bị bục đen kỳ lạ. Quá tò mò, ông cúi người chạm vết đen xem nguyên nhân là gì, nhưng chưa được 3 giây, ông đã la hét thất thanh rồi bỏ chạy kêu cứu khi thấy quái vật đen ngòm quái dị chui ra từ phía trong.
Thân cây bị bục đen kỳ lạ.
Thì ra đấy là một con rắn đen đang di chuyển dần dần ra từ trong thân cây. Điều đáng nói ở đây là con rắn này mặc dù đã bị chặt mất đầu nhưng vẫn có thể di chuyển như bình thường. Nhiều người thắc mắc tại sao con rắn này lại có thể sống ở trong thân cây? Có thể con rắn này đã đào một hố nhỏ ở phía dưới đất rồi chui lên sống trong thân cây.
Thì ra quái vật đấy lại chính là một con rắn độc màu đen, phần đầu của nó đã bị người đàn ông vô tình chặt trong lúc chặt cây.
Mặc dù đã bị chặt đầu, nhưng con rắn này vẫn từ từ di chuyển ra khỏi thân cây.
Mặc dù đã bị chặt đầu nhưng con rắn này vẫn có khả năng sống và tấn công gây hại cho con người trong một khoảng thời gian nhất định.",1,spam
Tôi đã tham dự nhưng không có gì ở đó.,0,ham
Ok thanx ...,0,ham
Bạn có khỏe không.,0,ham
[CẢNH BÁO LỪA ĐẢO] Cảnh báo chiêu trò giả danh nhân viên viễn thông thông báo khóa sim 2 chiều nếu không chuẩn hóa thông tin thuê bao. Đối tượng hướng dẫn làm theo cú pháp để chiếm quyền kiểm soát sim ngân hàng. Hãy chia sẻ cho người thân cùng biết.,1,spam
R bạn chắc chắn họ sẽ hiểu điều đó!,0,ham
Anh ấy cũng biết về thực đơn bữa trưa chỉ da.,0,ham
"Vợ chết 3 ngày về báo mộng, chồng dỡ trần nhà xuống để rồi sốc ngất khi thấy thứ đó
Ngay từ cái lần đầu tiên Hảo về ra mắt nhà người yêu cô đã không được mẹ của Hùng đồng ý vì chê cô là gái tỉnh đẻ, nhà lại nghèo không môn đăng hộ đối với gia đình nhà bà. Bà tìm mọi cách cản phá tình yêu của 2 người tuy nhiên Hùng thì không bao giờ chịu mất Hảo.
ảnh minh họa
– Em xin anh, mình chia tay đi mẹ anh suốt ngày cho người tới hành hạ em thế này em không sống nổi. Hôm qua đầu gấu còn đe dọa sẽ về tận quê em, họ không để cho bố mẹ em yên đâu.
– Em đừng lo, anh đảm bảo với em họ không dám làm gì tới 2 bác đâu. Anh sẽ nói chuyện với mẹ. Anh yêu em, anh không muốn mất em.
Ngay lập tức Hùng gọi điện cho mẹ mình: “Nếu mẹ không để cho Hảo và gia đình cô ấy yên thì mẹ sẽ mất con vĩnh viễn”. Nói rồi Hùng tắt máy và ngay ngày hôm sau anh thu xếp đưa Hảo vào Nam để mẹ mình không thể làm gì hại đến cô gái anh yêu. 2 năm liền Hùng ở trong đó không về nhà. Cuối cùng vì chỉ có một Hùng là con trai duy nhất nên mẹ anh đành xuống nước gọi điện cho anh và chấp nhận cho 2 người cưới nhau.
Suy nghĩ mất mấy hôm, Hảo cũng động viên nên về vì mẹ Hùng cũng chỉ có mình anh là chỗ dựa lúc tuổi già, cô không muốn vì cô mà anh mang tội bất hiếu. Vậy là 2 người lại dắt tay nhau ra Bắc và mẹ Hùng cũng giữ đúng lời hứa làm đám cưới cho 2 con ngay. Tuy nhiên mọi sự chỉ là miễn cưỡng chứ không phải là thật tâm bà muốn nên dù đã cưới Hảo về thì bà vẫn coi cô như cái gai trong mắt.
Trước mặt con trai thì bà luôn tỏ ra tử tế với con dâu nhưng hễ Hùng ra khỏi nhà một cái là bà lại kiếm cớ hành hạ Hảo. Hảo biết điều đó nhưng cô vẫn cố gắng nhẫn nhịn, không dám kêu ca nửa lời với chồng vì sợ mất hòa khí mẹ con. Dù sao cô được cưới anh và làm vợ anh chính thức đã là may mắn cho cô lắm rồi, Hảo chẳng mong gì hơn nữa.
Cưới được 3 tháng thì Hảo bầu bí. Do sức cô yếu nên mới bầu mà đã nghén nặng tới mức chỉ có ăn với nôn không làm được gì. Thương vợ Hùng bảo Hảo nghỉ việc, đợi sinh con xong rồi tính tiếp, gia đình anh chẳng khó khăn gì, mình anh kinh doanh cửa hàng dư sức nuôi vợ con. Giờ con cái là quan trọng, chỉ cần con sinh ra khỏe mạnh thì vất vả mấy anh cũng cố được.
Mẹ Hùng nghe con trai nói thế thì cũng động viên con dâu: “Thằng Hùng nó nói phải đấy, con ở nhà nghỉ đi chứ nghén ngẩm thế này đi làm tham mấy đồng rồi ốm ra thì khổ cả mình cả con”. Nghe mẹ động viên vợ thế thì Hùng cũng mừng lắm, anh nghĩ mẹ đã thực sự coi Hảo là con cái trong nhà mà đâu biết rằng vợ mình vẫn luôn bị mẹ ghét bỏ.
Hùng đi làm Hảo ở nhà vẫn nghén lên nghén xuống nhưng nào có được nghỉ ngơi như anh nghĩ. Mẹ chồng bắt Hảo phải làm tất cả mọi việc trong nhà, lau dọn 4 tầng lầu. Bà còn chì chiết: “Cô đừng có giả vờ để thằng Hùng nó thương, chị vào cái nhà này thì phải biết thân biết phận nghe chưa”. Hôm ấy mất nước đã hơn 2 ngày, nước dự trữ cũng hết, mẹ chồng bắt Hảo đi xin nước cách đó gần 500 m về dùng, cứ 2 tay 2 thùng như vậy. Nhưng rồi đi được chừng 4 chuyến thì Hảo bị trượt chân ngã lăn xuống dưới cái dốc. Máu chảy lênh láng.
Đoạn đường vắng người không ai biết, 30 phút sau mới có người đưa cô đi cấp cứu. Nghe tin vợ bị ngã Hùng chạy ngay vào viện. Lúc ấy Hảo vẫn còn thở, cô nắm chặt tay chồng thều thào: “Là do em… vì em muốn đi xách nước … nên mới ra cơ sự này… Lỗi là tại em” rồi trút hơi thở cuối cùng vì mất quá nhiều máu. Cái chết của Hảo và đứa con 4 tháng trong bụng quá đột ngột khiến Hùng đau đớn vô cùng.
Trước khi chết vợ đã nói thế nên Hùng cũng đinh ninh là do vợ bất cẩn chứ mẹ mình không can dự gì. Mẹ Hùng cũng vật vã đau đớn khóc than con dâu xấu số. Từ hôm vợ mất đêm nào Hùng cũng mơ thấy Hảo về đứng đầu giường với cái bụng bầu đầy máu giọng ú ớ không nói nên lời rồi cứ chỉ lên trần nhà. Liệu vợ anh còn chuyện gì muốn nói với anh nên chưa thể ra đi thanh thản được chăng?
Sau 3 đêm vợ đều ú ớ và chỉ lên trần nhà như vậy thì Hùng quyết định đập trần nhà xem có gì trên đó không? Anh lần mấy tấm xốp dùng để chống nóng trần nhà thì thấy một tấm dường như đã bị cạy ra từ trước và quyết định lật tấm xốp đó lên. Hùng lần mò bên trong bất ngờ thấy trong đó có một cái hôp, anh tò mò bê xuống mở nó ra thì thấy có 1 quyển sổ, thì ra đó là sổ nhật kí của mẹ anh. Để rồi khi lật giở từng trang sách Hùng phát hiện ra sự thật động trời. Hóa ra mối tình đầu của anh với cô gái tên Hạnh tan vỡ cũng là do mẹ Hùng mà ra. Bà sợ con trai yêu và lấy vợ bà sẽ mất con, không muốn nhường con cho bất cứ ai cả, cũng không muốn Hùng quý ai khác ngoài mẹ.
Tới Hảo cũng thế, bà tìm mọi cách phá hoại tình cảm của hai người, nhưng lần này Hùng làm găng quá nên bà đành chịu. Cái chết đột ngột của Hảo cũng khiến bà đau lòng lắm. Những dòng chữ ăn năn hối hận bà vừa viết vào đây sau cái chết của con dâu. Nếu vợ anh có thể đọc được những dòng này thì cô ấy sẽ ra đi thanh thản. Có lẽ lúc lau mạng nhện trên trần nhà Hảo đã phát hiện ra quyển nhật kí đó. Hùng mang quyển nhật kí tới trước bàn thờ đọc cho vợ nghe những lời hối hận của mẹ và đêm ấy anh đã không còn mơ thấy vợ về nữa, có lẽ Hảo đã ra đi thanh thản.",1,spam
Tôi sẽ gửi exe đó đến id thư của bạn.,0,ham
Tôi nghĩ không biết hỗ trợ ass và srt.,0,ham
"""Phương tiện của bạn có vi phạm giao thông, vui lòng truy cập website để tra cứu và nộp phạt"", một ngày đầu tháng 7, anh Hoàng, trú Hà Nội, bất ngờ nhận được tin nhắn từ một đầu số lạ. Kèm theo đó là một đường link có tên csgt.bocongan nhưng địa chỉ lại có nhiều điểm lạ như "".web"", ""/vn"". Bán tín, bán nghi song anh Hoàng lo bị bỏ lỡ lỗi phạt nên vẫn truy cập đường link. Sau đó, anh thấy thông báo xe bị phạm lỗi ""vượt đèn đỏ"" và cần điền các thông tin cá nhân để nộp phạt ngay. Lúc này, anh mới chắc chắn là lừa đảo nên đã kịp thời thoát ra, xóa toàn bộ các đường dẫn liên quan. Những người bị như anh Hoàng thời gian gần đây không ít khi chiêu trò lừa đảo thay đổi liên tục. Một số người còn bị dọa ""thanh toán chậm sẽ bị tính phí phạt theo %/ngày"" để thôi thúc truy cập. Theo Công an thành phố Hà Nội, thủ đoạn này xuất hiện nhiều khi chúng giả mạo Cổng Dịch vụ công quốc gia, nhắn tin qua điện thoại hoặc mạng xã hội với nội dung thông báo phương tiện vi phạm giao thông. Kèm theo đó là yêu cầu người dân truy cập đường link để tra cứu hoặc nộp ""phạt nguội"". Đây là thủ đoạn lừa đảo nhằm đánh cắp thông tin cá nhân và chiếm đoạt tài sản. Công an đánh giá các trang web giả mạo được thiết kế gần giống cổng thông tin chính thức, khiến nhiều người dễ nhầm lẫn. Sau khi truy cập, nạn nhân sẽ bị yêu cầu cung cấp số căn cước công dân, tài khoản ngân hàng, mật khẩu, mã OTP hoặc chuyển tiền với lý do nộp phạt. Để tránh sập bẫy nhóm lừa đảo, nhà chức trách khuyến cáo người dân không truy cập các đường link được gửi từ tin nhắn, zalo hoặc mạng xã hội của các số điện thoại, tài khoản không rõ nguồn gốc. Mọi người tuyệt đối không cung cấp thông tin cá nhân, tài khoản ngân hàng, mật khẩu, mã OTP cho bất kỳ ai qua điện thoại hoặc trên không gian mạng. ""Công an không yêu cầu người dân chuyển tiền nộp phạt vi phạm giao thông qua tin nhắn, cuộc gọi hoặc các đường link không chính thống"", Công an Hà Nội nhấn mạnh. Để tra cứu thông tin vi phạm giao thông và ""phạt nguội"", người dân nên truy cập vào các kênh chính thức như ứng dụng VNeTraffic, trang thông tin điện tử của Cục cảnh sát giao thông hoặc Cổng dịch vụ công quốc gia. Trường hợp phát hiện tin nhắn, cuộc gọi hoặc đường dẫn có dấu hiệu giả mạo, hãy báo ngay cho cơ quan công an nơi gần nhất để được hướng dẫn, xử lý. Chủ động cảnh giác, kiểm chứng thông tin, không truy cập đường link lạ là ba mấu chốt cần ghi nhớ để bảo vệ tài sản của chính mình.",1,spam
Ông già Noel gọi!,1,spam
Bạn có thể nói chuyện với tôi ..,0,ham
"Đêm nào mẹ cũng báo mộng cho con trai và cái kết
Cô nói đi, lúc trước cô làm gì có lỗi với mẹ tôi mà đêm nào mẹ tôi cũng về bảo tôi giết cô hả. Cô khai mau không tôi giết cô thật đấy.
Đừng… đừng anh… để em nói. (Ảnh minh họa)
Cưới vợ được 2 tháng thì Thắng để vợ ở nhà còn mình thì đi lái xe cho chủ. Thắng lái xe tải, toàn lấy hàng ở biên giới rồi đổ khắp các tỉnh, chủ đang làm ăn được nên Thắng cứ đi làm biền biệt như thế chẳng có ngày nghỉ về với vợ mới.
Thúy vợ Thắng nhớ chồng lắm, nhiều lần muốn chồng về nhưng mẹ Thắng lại mắng: “Nó đang nhiều việc thế phải để cho nó làm chứ, hàng tháng nó gửi tiền về cho là được rồi. Sau này con cái còn có vốn mà nuôi con. Người ta mong chồng đi làm còn chẳng được, đằng này mình bày đặt nhớ với mong”.
Mẹ chồng nói vậy Thúy không dám gọi điện cho chồng về nữa. Nhưng Thắng cũng thương vợ lắm nên được chủ cho nghỉ là anh về ngay với vợ. Tuy nhiên vợ chồng xa nhau nhiều, gần nhau chỉ đếm trên đầu ngón tay nên cưới nửa năm Thúy vẫn chưa có bầu.
Đợt ấy Thắng đi chở hàng những 3 tháng chưa được về nhà, nhớ vợ vô cùng. Một lần có chuyến hàng đi ngang qua huyện nhưng chỉ vào giữa đêm không về nhà được mà có về thì lo mẹ lại nói vợ hành mình bắt về chốc lát nên Thắng gọi điện bảo vợ ra nhà nghỉ trên huyện. 2 vợ chồng ở cùng nhau được chừng 4 tiếng thì Thắng lại phải đi.
2 vợ chồng ở cùng nhau được chừng 4 tiếng thì Thắng lại phải đi. (Ảnh minh họa)
Thúy cũng không dám kể lại cái đêm đó cho mẹ chồng nghe. Cho tới cuối tháng đó chỉ còn 1 tuần nữa là Thắng được về nghỉ dài dài thì mẹ anh bất ngờ bị trượt chân trong nhà tắm rồi cấm khẩu ngay. Thúy vội vàng gọi người đưa bà đi cấp cứu song bác sĩ nói bà bị tai biến nặng không cứu được. 3 ngày sau bà qua đời, Thắng được vợ báo vội vàng về gấp anh chỉ còn kịp cầm tay mẹ mấy phút trước khi bà nhắm mắt lìa đời.
Quá đau khổ trước cái chết đột ngột của người mẹ đã hi sinh cả đời nuôi nấng mình sau khi bố bỏ đi, Thắng chỉ còn biết gục bên quan tài mẹ khóc lóc thảm thiết. “Mẹ ơi, con là đứa con bất hiếu. Con chưa phụng dưỡng được mẹ ngày nào thì mẹ đã bỏ đi rồi, mẹ ơi”. Thúy thấy chồng đau đớn thương mẹ như vậy nên cô chưa dám nói hết chuyện với Thắng, cô có ý định đợi chồng bình tâm lại rồi sẽ trình bày sau.
Mấy ngày làm đám cho mẹ Thắng đều thức trắng nên sau khi mẹ mồ yên mả đẹp thì tới đêm Thắng chìm vào giấc ngủ nhanh chóng vì quá mệt. Nhưng vừa thiếp đi một lúc Thắng lại mơ thấy mẹ mình về đứng đầu giường, mẹ khóc rồi chỉ vào vợ nằm bên cạnh Thắng: “Giết nó”. Thắng giật mình tỉnh giấc, người đầm đìa mồ hôi rồi không dám ngủ tiếp nữa. Đêm thứ 2 mẹ lại về trong giấc mơ của Thắng và tiếp tục chỉ về phía Thúy nói câu đó, Thắng cố gắng muốn hỏi mẹ lý do tại sao nhưng miệng anh cứng đơ không nói được.
Không biết có chuyện gì mà mẹ anh lại về nói như vậy. Đêm thứ 3 sau ngày mẹ mất, trước khi đi ngủ Thắng ngồi bên bàn thờ ngắm ảnh mẹ rất lâu rồi thắm nén hương cho bà. Tới lúc mắt díp lại anh mới vào phòng đi ngủ, nhưng rồi mắt vừa khép lại mẹ lại hiện về. Vẫn hành động như 2 đêm trước bà chỉ về phía con dâu rồi bảo:
– Giết nó!!
Thắng choàng mở mắt, chắc chắn lúc mẹ anh còn sống Thúy đã làm gì có lỗi với bà nên bà mới hận con dâu, đêm nào cũng về trong giấc mơ bảo anh giết vợ. Nghĩ thế Thắng ngồi bật dậy vật vợ ra định cho Thúy 1 trận:
– Anh làm cái gì vậy??
– Cô nói đi, lúc trước cô làm gì có lỗi với mẹ tôi mà đêm nào mẹ tôi cũng về bảo tôi giết cô hả. Cô khai mau không tôi giết cô thật đấy.
– Đừng… đừng anh… để em nói.
– Nói mau.
1 tay vẫn bị chồng bóp cổ. Thúy khó nhọc nói ra sự thật khiến Thắng rùng mình:
“Thực ra là em định để mấy hôm nữa anh bình tĩnh lại em sẽ nói. Là do mẹ hiểu lầm nên mới thế. Hôm ấy em đang giặt quần áo thì buồn nôn dữ dội nên nôn ọe trong nhà tắm. Có lẽ là em nghén. Mẹ ở bên ngoài thấy thế chắc là bà để ý rồi nghi ngờ em ngoại tình nên có thai. “Cô có thai với đứa nào, khai mau không tôi giết”, vừa nói mẹ vừa lao vào. Và cái nền nhà tắm có xà phòng bị trơn nên mẹ đã bị ngã bất tỉnh luôn. Và những gì diễn ra sau đó anh đã biết.
Em thề em không ngoại tình với ai cả. Em có bầu, đó là con anh sau cái đêm vợ chồng mình ở nhà nghỉ đó. Có lẽ mẹ mất mà chưa biết rõ sự thật về đứa cháu của mình nên mẹ vẫn hận em. Nếu anh không tin, chờ con sinh ra anh có thể đưa con đi xét nghiệm”.
Thắng vội vàng buông tay ra khỏi cổ vợ, suýt chút nữa anh đã hại vợ con mình. Thắng cùng vợ ra thắp hương cho mẹ rồi cầu xin mẹ tha tội. Từ hôm ấy Thắng không thấy mẹ mình về nữa.
Ngày đứa con trai của anh tròn 3 tháng cũng là giỗ đầu của mẹ. Anh bế con tới thắp hương cho bà: “Mẹ ơi mẹ yên nghỉ nhé, cháu đích tôn của mẹ đây rồi, vợ con có con với con chứ không phải với ai khác đâu. Mẹ yên tâm mẹ nhé!!”.
Ô nói đi, lúc trước cô làm gì có lỗi với mẹ tôi mà đêm nào mẹ tôi cũng về bảo tôi giết cô hả. Cô khai mau không tôi giết cô thật đấy.
Đừng… đừng anh… để em nói. (Ảnh minh họa)
Cưới vợ được 2 tháng thì Thắng để vợ ở nhà còn mình thì đi lái xe cho chủ. Thắng lái xe tải, toàn lấy hàng ở biên giới rồi đổ khắp các tỉnh, chủ đang làm ăn được nên Thắng cứ đi làm biền biệt như thế chẳng có ngày nghỉ về với vợ mới.
Thúy vợ Thắng nhớ chồng lắm, nhiều lần muốn chồng về nhưng mẹ Thắng lại mắng: “Nó đang nhiều việc thế phải để cho nó làm chứ, hàng tháng nó gửi tiền về cho là được rồi. Sau này con cái còn có vốn mà nuôi con. Người ta mong chồng đi làm còn chẳng được, đằng này mình bày đặt nhớ với mong”.
Mẹ chồng nói vậy Thúy không dám gọi điện cho chồng về nữa. Nhưng Thắng cũng thương vợ lắm nên được chủ cho nghỉ là anh về ngay với vợ. Tuy nhiên vợ chồng xa nhau nhiều, gần nhau chỉ đếm trên đầu ngón tay nên cưới nửa năm Thúy vẫn chưa có bầu.
Đợt ấy Thắng đi chở hàng những 3 tháng chưa được về nhà, nhớ vợ vô cùng. Một lần có chuyến hàng đi ngang qua huyện nhưng chỉ vào giữa đêm không về nhà được mà có về thì lo mẹ lại nói vợ hành mình bắt về chốc lát nên Thắng gọi điện bảo vợ ra nhà nghỉ trên huyện. 2 vợ chồng ở cùng nhau được chừng 4 tiếng thì Thắng lại phải đi.
2 vợ chồng ở cùng nhau được chừng 4 tiếng thì Thắng lại phải đi. (Ảnh minh họa)",1,spam
R u ở lục địa này?,0,ham
Đoán xem ai đã dành tất cả đêm qua khi pha vào và ra khỏi chiều thứ tư,0,ham
Không g có lớp sớm vào ngày mai và do đó không nên cố gắng hút thuốc tại & lt;#& gt;,0,ham
"IDC vượt qua đây, bạn không đi ra khỏi cái chết tiệt này hai lần liên tiếp",0,ham
8007 miễn phí cho tuần đầu tiên!,1,spam
Thật tuyệt!,0,ham
Số điện thoại di động của tôi,0,ham
2/2 146TF150P,1,spam
Anh ấy không thích V Shock Leh.,0,ham
"Cảm ơn đơn đặt hàng nhạc chuông của bạn, số ref K718.",1,spam
"Hoạ sỹ khuyết tật Lê Minh Châu trở thành người Việt đầu tiên có tên trên Đại lộ Danh vọng Hollywood
Họa sĩ khuyết tật Lê Minh Châu vừa chia sẻ tấm ảnh anh chụp cùng với một ngôi sao được gắn trên Đại lộ Danh vọng ở Hollywood với dòng chữ: Chau Beyond The Lines.
 	
 	
 	
 A A
 
 Chau Beyond The Lines là bộ phim kể về chính cuộc đời của họa sĩ Lê Minh Châu. Anh sinh năm 1991. Vì mẹ bị nhiễm chất độc da cam nên Lê Minh Châu ra đời với thân hình không lành lặn. Anh bị khuyết tật cả ở tay và chân. Lê Minh Châu trưởng thành tại làng trẻ em Hòa Bình.
 
 Lê Minh Châu có biệt tài vẽ tranh bằng miệng. 17 tuổi, anh rời khỏi làng trẻ em Hòa Bình và tự mở phòng tranh cho riêng mình.
 
 Chau Beyond The Lines được đạo diễn người Mỹ thực hiện trong vòng 8 năm. Phim từng được Viện Hàn lâm Khoa học và Nghệ thuật điện ảnh Mỹ trao đề cử Top 5 phim tài liệu ngắn xuất sắc tại Oscar 2016.
 
 Trước đó, vào ngày 8-11, họa sĩ khuyết tật người Việt Nam viết trên trang cá nhân: Sẽ có một ngày tên Lê Minh Châu được khắc trên Đại lộ Danh vọng ở Hollywood.
 
 Hiện tại, họa sĩ Lê Minh Châu đang ở Mỹ. Rất nhiều bạn bè gửi lời chúc mừng tới anh.
 
 Họa sĩ khuyết tật Lê Minh Châu bên ngôi sao có ghi tên mình được gắn trên Đại lộ Danh vọng ở Hollywood. 
 
 Đại lộ Danh vọng là một lề đường nằm dọc đại lộ Hollywood bang California, Mỹ. Đây là nơi gắn hơn 2.600 ngôi sao ghi tên các nhân vật có đóng góp trong ngành công nghiệp giải trí.
 
 Trước đó, Lê Minh Châu là người Việt đầu tiên nhiễm chất độc da cam tham gia kỳ họp thứ 9 về Công ước về quyền của người khuyết tật tại Liên Hiệp Quốc diễn ra tại New York (Mỹ) vào tháng 6-2016.
 
 Lê Minh Châu đã cho tất cả khách mời tham dự thấy sự mạnh mẽ, ý chí kiên cường và lạc quan của một nghị lực không bao giờ đầu hàng trước nghịch cảnh.
 
 Theo MỘC LAN (VTC News)",1,spam
Mathews hoặc Tait hoặc Edwards hoặc Anderson,0,ham
HMPH.,0,ham
Cảm ơn bạn tiếp tục hỗ trợ câu hỏi của bạn trong tuần này sẽ vào U In2 của chúng tôi 4 Å £ 100 tiền mặt.,1,spam
"Hmm tốt, đêm đêm",0,ham
"TP HCM muốn có tuyến buýt từ Tân Sơn Nhất đi các tỉnh
Sở Giao thông Vận tải TP HCM vừa kiến nghị Bộ Giao thông Vận tải (GTVT) chấp thuận việc tổ chức các tuyến buýt không trợ giá, lộ trình từ Tân Sơn Nhất đến Đồng Nai, Bình Dương, Bà Rịa - Vũng Tàu và ngược lại.
Xe dùng cho các tuyến này từ 16 đến 45 ghế ngồi (không bố trí chỗ đứng) và thực hiện theo tiêu chuẩn ôtô khách.
TP HCM hiện có 5 tuyến buýt có lộ trình đi qua Tân Sơn Nhất. Ảnh: Hữu Nguyên.
Động thái này nhằm sắp xếp lại các xe đang hoạt động theo hình thức hợp đồng tại sân bay (trá hình theo tuyến cố định từ Tân Sơn Nhất về các tỉnh Đồng Nai, Bình Dương, Bà Rịa - Vũng Tàu)... để quản lý tốt hơn, tránh tình trạng chèo kéo khách làm ảnh hưởng an ninh trật tự trong sân bay.
Để các tuyến buýt này hoạt động hiệu quả, Sở GTVT cũng kiến nghị Bộ GTVT cho phép Cảng hàng không Quốc tế Tân Sơn Nhất cấm các doanh nghiệp vận tải có ôtô chèo kéo khách vào nhà ga.
Phương án này đã được bàn bạc và có sự thống nhất với ngành GTVT của các tỉnh liên quan. Đồng thời, kiến nghị của TP HCM cũng phù hợp với đề án nâng cao chất lượng vận tải hành khách công cộng bằng xe buýt đến năm 2020 của Bộ GTVT.
Hiện có 5 tuyến buýt cố định hoạt động có lộ trình đi qua sân bay Tân Sơn Nhất gồm: 152 (Khu dân cư Trung Sơn – Chợ Bến Thành – Tân Sơn Nhất), 119 (Bến xe Miền Tây - Tân Sơn Nhất), 109 (Công viên 23/9 – Tân Sơn Nhất); 159 (Bến xe Miền Đông – Tân Sơn Nhất – Bến xe An Sương); 49 (Tân Sơn Nhất đến các khách sạn và địa điểm trung tâm thành phố...).
Hữu Nguyên",0,ham
Bạn đã giành được một khoản tiền mặt được đảm bảo £ 1000 £ hoặc giải thưởng Å £ 2000. Để yêu cầu giải thưởng yr gọi cho đại diện dịch vụ khách hàng của chúng tôi,1,spam
Không..tôi đầy lời bài hát ..,0,ham
Hôm nay tôi không làm việc nhưng không miễn phí oso ... gee ... thgt bạn làm việc tại cửa hàng của bạn?,0,ham
"Bà Janet Fordham, 69 tuổi, là quản gia đã nghỉ hưu, bị những kẻ lừa đảo chiếm đoạt toàn bộ tiền tiết kiệm trong suốt 5 năm. Vụ án vừa được cơ quan điều tra nước này công bố, như một lời cảnh tỉnh về những cái ""bẫy tình"" ảo, dù không mới nhưng luôn giăng được ""cá lớn"". Kết quả điều tra cho thấy, bà Janet Fordham bắt đầu sử dụng các trang web hẹn hò trực tuyến vào năm 2017 và gặp một người đàn ông tự xưng là thượng úy quân đội Anh đang làm việc tại Syria. Anh ta nói cần sự giúp đỡ của bà để vận chuyển vàng thỏi về Anh. Theo thông tin từ tòa án, bà đã vay nợ bằng thẻ tín dụng và vay khoảng 140.000 bảng để chuyển cho người này. Trong lúc đó, một người đàn ông tên Kofi đã liên lạc với bà, tự xưng là bác sĩ ở Ghana, làm việc bán thời gian tại cửa hàng sửa chữa điện thoại di động của một người bạn. Anh ta nói thấy các tin nhắn của bà trong nhóm và tin rằng bà đã bị người đàn ông kia lừa đảo nên ""cảm thấy có trách nhiệm"" giúp lấy lại tiền. Vì vậy, anh ta chủ động liên lạc. Bà Fordham tiếp tục nảy sinh tình cảm với anh chàng Kofi này. Tháng 10/2022, bà bay đến Ghana để gặp bạn trai. Gia đình: Chúng tôi đã cố gắng mọi cách để ngăn cản Vào thời điểm đến quốc gia Tây Phi này, bà đang sống trong một chiếc xe lưu động tại nhà của Melanie Fordham ở Honiton, Devon, tây nam nước Anh. ""Cả gia đình cố gắng hết sức để ngăn cản nhưng bà vẫn nhất quyết không chịu,"" con dâu bà nói. ""Mẹ không nói nhiều với chúng tôi, vì vậy chúng tôi bắt đầu mở một số thư và phát hiện ra rằng bà ấy đã rút một phần tiền lương hưu của mình,""cô này cho biết thêm. Các hóa đơn cho thấy, bà đã rút tối đa 500 bảng mỗi ngày để tích trữ, rồi chuyển tiền mặt cho bạn trai. Gia đình cho hay đã nói chuyện với bác sĩ của bà Fordham, tìm kiếm lời khuyên pháp lý. Nhưng bà vẫn được xác nhận là người có đầu óc minh mẫn, có năng lực pháp lý và do đó các con không thể làm gì được. Vào ngày xảy ra tai nạn, bà Fordham và bạn trai, Kofi đang lái xe khoảng 350 km từ thủ đô Accra đến vùng Oti của Ghana ""để xin phép gia đình về việc kết hôn"". Chiếc xe bất ngờ lao ra khỏi đường. Bà Fordham đã tử vong do vết thương quá nặng trong vụ va chạm xảy ra vào ngày 14/2/2023. Theo thông tin từ tòa án, Kofi đã nhận tội vi phạm luật giao thông và bị kết án tù treo cùng với một khoản tiền phạt. Theo số liệu của cảnh sát, người Anh đã mất tổng cộng 106 triệu bảng Anh vì các vụ lừa đảo tình cảm năm 2024. Tổng cộng gần 10.000 vụ lừa đảo tình cảm được báo cáo với mức thiệt hại trung bình của mỗi nạn nhân là 11.000 bảng Anh. Mục tiêu chính là những người ở độ tuổi trung niên - những người giàu có đang trải qua ly hôn hoặc mất người thân. ""Thật không may, yêu qua mạng rất dễ dẫn đến lừa đảo vì mọi người thường tự nguyện cung cấp thông tin về bản thân và muốn thể hiện sự tin tưởng vào người yêu mới"", tiến sĩ Elisabeth Carter, nhà tội phạm học và chuyên gia về gian lận trong hẹn hò tại Đại học Kingston, cho biết. ""Hơn nữa, càng đầu tư nhiều thời gian và tình cảm vào một mối quan hệ, họ càng khó từ chối nếu bị yêu cầu tiền bạc. Tương tự, việc chấp nhận mình bị lừa cũng rất khó khăn, vì điều đó có nghĩa là phải thừa nhận toàn bộ mối quan hệ là giả tạo"", ông cho hay. Hải Thư (Theo Telegraph)",1,spam
"+123 Xin chúc mừng - Trong cuộc thi Draw của tuần này, U đã giành được giải thưởng Å £ 1450 để yêu cầu chỉ gọi 09050002311 B4280703.",1,spam
\ Ah em bé tội nghiệp! Hy vọng Urfeeling Bettersn luv!,0,ham
Cud u nói với ppl im gona b a bit l8 cos 2 xe buýt hav gon qua vì họ đã đầy và tôi vẫn chờ đợi 4 1. Pete x,0,ham
"Né gấp thủ đoạn này: Cảnh báo chiêu trò lừa đảo lập trang web, fanpage giả mạo các hãng hàng không bán vé máy bay giá rẻ. Người dân chuyển tiền xong thì không nhận được vé và bị chặn mọi liên lạc. Hãy chia sẻ cho người thân cùng biết.",1,spam
Honda :) Lớp học hôm nay thế nào?,0,ham
"Lol được rồi, tôi đã nghĩ rằng quá haha",0,ham
"Twinks, gấu, hành tây, da và jocks đang gọi ngay bây giờ.",1,spam
I.ll đăng cô ấy ra l8r.,0,ham
Wamma được đặt? Bạn muốn các vị trí doggin thực được gửi trực tiếp đến điện thoại di động của bạn?,1,spam
Muốn quan hệ tình dục rõ ràng trong 30 giây?,1,spam
Thật vậy và nhân tiện nó là hoặc - không phải cả hai!,0,ham
Này bạn có thể trả tiền.,0,ham
Anh chàng ở cửa hàng xe đang tán tỉnh tôi đã lấy số điện thoại của tôi từ giấy tờ và gọi và nhắn tin cho tôi.,0,ham
"Chị Quyên, du khách ở An Giang, có nhu cầu đặt phòng tại Phú Quốc nên tìm thông tin trên Facebook, cuối năm 2025. Chị liên hệ fanpage ""Rosie Hillside Phu Quoc apartment"", đồng ý đặt một căn hộ và chuyển hơn 4 triệu đồng tiền cọc vào tài khoản được cung cấp. Sau khi nhận tiền, người quản lý fanpage thông báo giao dịch bị lỗi do ""không đúng cú pháp"", yêu cầu chị thực hiện lại. Tin lời, nữ du khách tiếp tục chuyển tiền 6 lần, tổng cộng hơn 637 triệu đồng. Từ thông tin vụ việc, Công an tỉnh An Giang điều tra, truy vết dòng tiền và bắt Dương Hoàng Văn, Trương Thùy Dương, Lâm Quốc Kiệt và Lê Văn Cà, 20-39 tuổi. Nhóm này bị điều tra về hành vi Lừa đảo chiếm đoạt tài sản. Fanpage giả mạo có hơn 7.800 người theo dõi Theo điều tra, nhóm lừa đảo sử dụng fanpage ""Rosie Hillside Phu Quoc apartment"", giả mạo một cơ sở lưu trú có thật tại Phú Quốc. Trang này có hơn 7.800 lượt theo dõi, thường xuyên đăng hình ảnh, thông tin về căn hộ nghỉ dưỡng để tạo lòng tin, thu hút khách đặt phòng. Bước đầu, công an xác định 4 nghi phạm là một mắt xích trong đường dây lừa đảo có tổ chức tại Campuchia. Trước đó, nhóm Văn lên mạng tìm việc và được dụ dỗ bằng lời hứa ""việc nhẹ, lương cao"". Họ được yêu cầu mở nhiều tài khoản ngân hàng, sau đó xuất cảnh sang Campuchia làm việc cho một tổ chức lừa đảo tại TP Bavet, tỉnh Svayrieng, do người Trung Quốc điều hành. Các tài khoản ngân hàng của nhóm được sử dụng để nhận, luân chuyển tiền từ nhiều hoạt động lừa đảo trên mạng. Theo chỉ đạo, tiền được chuyển qua nhiều tài khoản khác trước khi đến các sàn giao dịch tiền ảo, ngoại hối nhằm che giấu nguồn gốc. Từ tháng 12/2025 đến nay, khoảng 800 tỷ đồng đã được giao dịch, luân chuyển qua tài khoản ngân hàng của 4 nghi phạm. Công an tỉnh An Giang đang làm rõ vai trò của từng người và truy xét những người liên quan. Ngọc Tài - Dương Đông",1,spam
Tôi không có tôi sẽ mua một cái thân yêu,0,ham
MM không hoàn toàn chắc chắn rằng tôi đã hiểu văn bản đó nhưng hey.,0,ham
U ‰ ûªve Bin được trao £ 50 để chơi 4 tiền mặt tức thời.,1,spam
"Các trường đại học đẩy mạnh hợp tác với doanh nghiệp nhằm nâng cao chất lượng đào tạo thực hành, tạo điều kiện cho sinh viên có việc làm ngay sau khi tốt nghiệp. Báo cáo mới nhất vừa được công bố.",0,ham
Ì ì v ma fan ...,0,ham
Những điều này sẽ không làm.,0,ham
"Kính gửi Matthew Vui lòng gọi 09063440451 từ một điện thoại cố định, kỳ nghỉ 4*Lux Tenerife miễn phí của bạn hoặc Å £ 1000 tiền mặt đang chờ thu thập.",1,spam
Tôi không.,0,ham
Sau đó bạn lái xe lor.,0,ham
"Thủ tướng Campuchia Hun Manet tại lễ khai mạc Hội nghị Thượng đỉnh Doanh nghiệp Campuchia - ASEAN ở Phnom Penh ngày 4/3 cho biết xóa bỏ nạn lừa đảo trực tuyến đang là ưu tiên hàng đầu của chính phủ nước này. ""Chính phủ Campuchia đã quyết định cải cách toàn diện chính sách quốc gia về phòng chống tội phạm, chuyển trọng tâm sang mục tiêu loại bỏ hoàn toàn các trung tâm lừa đảo trực tuyến trong tháng 4"", ông Hun Manet nói. Campuchia hồi tháng 2 phát động chiến dịch XXL, đặt mục tiêu triệt phá toàn bộ các khu phức hợp lừa đảo trực tuyến trước Tết Khmer vào tháng 4. Đây là chiến dịch trấn áp tội phạm lừa đảo trên phạm vi toàn quốc, ở mức độ ""chưa từng có"". Thủ tướng Campuchia cho biết mục tiêu này nhằm tăng cường tuân thủ pháp luật, thể chế, bảo vệ tính liêm chính, môi trường đầu tư, song không nêu chi tiết về hoạt động trong giai đoạn tới của chiến dịch XXL. Trả lời truyền thông, Chou Bun Eng, Quốc vụ khanh Bộ Nội vụ kiêm Phó Chủ tịch Ủy ban Quốc gia chống Buôn người Campuchia, cho biết các nỗ lực chống lừa đảo trực tuyến của Campuchia sẽ được tiếp tục sau Tết Khmer, thời điểm chiến dịch XXL kết thúc. Theo bà Eng, điều này nhằm đảm bảo ""không bỏ sót tàn lửa nhỏ nào"". ""Hàng chục nghìn người nước ngoài liên quan đến lừa đảo trực tuyến đã tự nguyện rời đi hoặc bị trục xuất, nhưng nhiều người còn lang thang trong nước. Họ di chuyển khắp nơi, lẩn trốn, chờ cơ hội lập lại các sào huyệt mới sau khi bị đột kích"", bà nói. Bà cho biết trọng tâm giai đoạn tới của chiến dịch sẽ là truy tìm những nghi phạm đã thoát khỏi các đợt truy quét trước đây. Giới chức cũng sẽ siết chặt quản lý, tăng cường truy vết, giám sát tại chỗ ở những địa điểm đáng ngờ, trong đó có khu dân cư. ""Mục tiêu then chốt là phát hiện những dấu hiệu nhỏ nhất của hoạt động lừa đảo. Giờ họ không thể trốn khỏi chúng tôi"", bà Eng nói. Theo sắc lệnh được chính phủ Campuchia ban hành hồi đầu năm, chủ sở hữu bất động sản cho thuê hoặc cung cấp địa điểm phục vụ hoạt động lừa đảo sẽ bị phạt lên tới 1.000 USD với mỗi kẻ lừa đảo mà họ tiếp tay. Cơ sở cũng sẽ bị đóng cửa vô thời hạn. Kể từ khi tăng cường trấn áp các trung tâm lừa đảo trực tuyến từ tháng 6/2025, Campuchia đã trục xuất hơn 30.000 người nước ngoài nghi liên quan đến lừa đảo, hơn 210.000 người đã tự nguyện rời khỏi nước này. Trong hai tuần qua, các đợt trấn áp trong khuôn khổ chiến dịch XXL đã phát hiện 21 vụ lừa đảo, trong đó 416 người bị bắt, phần lớn là công dân Trung Quốc. Campuchia từng bị coi là một trong những điểm nóng của hoạt động lừa đảo trực tuyến ở Đông Nam Á. Ban đầu, các nhóm lừa đảo chủ yếu nhắm vào người nói tiếng Trung Quốc, sau đó mở rộng quy mô sang nhiều ngôn ngữ khác. Viện Hòa bình Mỹ năm 2024 ước tính lợi nhuận từ hoạt động lừa đảo trực tuyến tại Campuchia lên tới hơn 12,5 tỷ USD mỗi năm, tương đương 50% GDP của nước này. Thủ tướng Hun Manet hôm 25/2 cho rằng mạng lưới lừa đảo ""đang phá hủy nền kinh tế chân chính của chúng tôi"" và gây tiếng xấu cho Campuchia. Theo Thủ tướng Campuchia, các trung tâm lừa đảo còn đang gây hại cho ngành du lịch và đầu tư của đất nước. ""Vì thế, chúng tôi phải xử lý triệt để vấn đề này"", ông nói. Đức Trung (Theo Khmer Times, Xinhua, AFP)",1,spam
"Mua sắm cho đến khi bạn thả, có phải là bạn, hoặc là 10k, 5k, Å £ 500 tiền mặt hoặc Å £ 100 Voucher du lịch, Gọi ngay, 09064011000.",1,spam
"Đối tượng lừa đảo giả danh công an phường hướng dẫn cài đặt ứng dụng Dịch vụ công trực tuyến giả mạo (file .apk). Khi cài đặt, ứng dụng chứa mã độc tự động chiếm quyền điều khiển điện thoại và rút sạch tiền ngân hàng. Hãy chia sẻ cho người thân cùng biết.",1,spam
Vui lòng gửi ai đó đến căn hộ của bạn trước & lt; thập phân & gt;,0,ham
Ur đi 2 Bahamas!,1,spam
Tôi sẽ hỏi bạn lol nhưng tôi nghĩ nó ở tuổi 7,0,ham
Ý tưởng sẽ sớm được chuyển đổi thành sống :),0,ham
Bạn đang tận hưởng học kỳ này như thế nào?,0,ham
08714712388 trong khoảng từ 10 giờ sáng đến 7 giờ tối 10p,1,spam
Bạn có sẵn sàng tham gia lớp học ứng dụng.,0,ham
"Đối tượng lừa đảo giả danh công an phường hướng dẫn cài đặt ứng dụng Dịch vụ công trực tuyến giả mạo (file .apk). Khi cài đặt, ứng dụng chứa mã độc tự động chiếm quyền điều khiển điện thoại và rút sạch tiền ngân hàng. Cần hết sức cảnh giác để tránh mất tiền.",1,spam
"Đó là bạn đã nói đó là ngày tồi tệ, tất cả các cô gái e đều biết bạn ... bạn đang làm gì bây giờ?",0,ham
được rồi.,0,ham
Bạn đã được chọn đặc biệt để nhận giải thưởng \ 3000!,1,spam
"Bạn có một người ngưỡng mộ bí mật, người đang tìm kiếm 2 người liên lạc với bạn, họ đã tiết lộ ai nghĩ rằng bạn rất đặc biệt gọi vào ngày 09058094565",1,spam
Có * vài việc phải làm.,0,ham
Email AlertFrom: Jeri StewartSize: 2KBSubject: Quy định về giá rẻ DRVGSTO Lắng nghe email Gọi 123,1,spam
Tôi có một cuộc hẹn vào Chủ nhật với Will !!,0,ham
"Quốc hội Singapore ngày 4/11 thông qua sửa đổi luật hình sự, bổ sung hình phạt đánh roi đối với các tội phạm liên quan đến lừa đảo, trong nỗ lực được chính phủ mô tả là ""răn đe loại tội phạm phổ biến nhất"" ở nước này. Đây là hình phạt bổ sung bên cạnh các loại án tù và phạt tiền vốn đã có hiệu lực trước đây. Theo dự luật sửa đổi Luật Hình sự, những người tổ chức, tuyển dụng hoặc tham gia các đường dây lừa đảo sẽ bị phạt 6-24 roi, tùy mức độ nghiêm trọng. Những người đóng vai trò ""trung gian"", gồm hành vi cung cấp tài khoản ngân hàng, cung cấp SIM điện thoại hay thông tin định danh kỹ thuật số Singpass cho kẻ lừa đảo có thể bị đánh tối đa 12 roi. Quốc vụ khanh Bộ Nội vụ và Ngoại giao Sim Ann nhấn mạnh ""những ai thật sự là nạn nhân"" sẽ không bị truy tố, khẳng định chính phủ sẽ tiếp tục theo dõi và điều chỉnh mức phạt nếu cần thiết. Bà giải thích thêm rằng hình phạt đánh roi chỉ áp dụng cho nam giới dưới 50 tuổi, và tòa án có thể thay thế bằng án tù tối đa 12 tháng nếu bị cáo vượt quá độ tuổi này. Chính phủ Singapore cho biết việc bổ sung hình phạt thể xác là nhằm tăng tính răn đe, trước tình trạng tội phạm lừa đảo đang lan rộng và gây thiệt hại kỷ lục ở nước này. Kể từ năm 2020, Singapore đã ghi nhận khoảng 190.000 vụ lừa đảo với tổng thiệt hại khoảng 2,8 tỷ USD. Riêng năm 2024, chính phủ ghi nhận hơn 51.000 vụ lừa đảo, gây thiệt hại ít nhất 840 triệu USD, tăng 70% so với năm trước. Loại hình tội phạm này cũng chiếm tới 60% tổng số vi phạm pháp luật ở Singapore. Một số nghị sĩ Singapore cho rằng các biện pháp mới chưa đủ mạnh. Nghị sĩ Xie Yao Quan kêu gọi quốc hội nâng mức phạt đối với tội phạm lừa đảo lên ""tương đương tội ma túy, vì ma túy hủy hoại cuộc sống, còn lừa đảo phá hủy cả tài sản và tương lai của nạn nhân"". Tuy nhiên, bà Sim Ann lập luận các cơ quan điều tra còn phải đối diện thách thức phân biệt rõ mức độ trách nhiệm khác nhau giữa những cá nhân trong đường dây lừa đảo, khi ranh giới giữa nạn nhân và cố ý lừa đảo rất mơ hồ. Bà cho rằng cần để tòa án quyết định áp dụng hình phạt nào là phù hợp cho từng trường hợp. Song song với các quy định mới về tội phạm lừa đảo, chính phủ cũng điều chỉnh phạm vi áp dụng hình phạt đánh roi cho các tội danh khác, bỏ quy định bắt buộc trong một số trường hợp hoặc trao quyền quyết định cho tòa án. Hiện Singapore có 96 tội danh áp dụng đánh roi tùy theo phán quyết và 65 tội danh bắt buộc phạt đánh roi. Ngoài ra, các điều khoản bổ sung Luật Hình sự còn tăng mức phạt với hành vi phát tán hình ảnh và video nhạy cảm, mở rộng bảo vệ đối với trẻ em và nạn nhân dễ bị tổn thương, đồng thời hình sự hóa hành vi phát tán trái phép thông tin cá nhân của công chức. Thanh Danh (Theo CNA, NHK)",1,spam
Chính xác.,0,ham
"Yup ... Này, một ngày trên thứ Sáu, chúng ta có thể hỏi Miwa và Jiayin nghỉ phép đi karaoke",0,ham
"Tuyệt vời, nhắn tin cho tôi khi bạn ra ngoài",0,ham
Tôi không biết phải làm gì.,0,ham
LOL - Liên minh huyền thoại đừng làm điều đó mà không có tôi.,0,ham
Thông báo này là miễn phí.,1,spam
"5 mẹo 'thần thánh' đánh bay mụn trong một đêm
Nếu bạn cần một phương pháp trị mụn nhanh chóng, hiệu quả và an toàn chỉ trong một đêm thì đây là những mẹo 'thần thánh' bạn cần nắm giữ.
Đánh bay mụn bằng kem đánh răng
Triệt mụn bằng kem đánh răng, tại sao không ?
Được xem là ""thần thuốc"" để trị mụn, kem đánh răng làm giảm nhanh đi hiện tượng sưng tấy, đỏ ửng mà mụn gây ra.
Cách thực hiện khá dễ dàng, bạn chỉ cần rửa mặt thật sạch bằng sữa rửa mặt cùng nước ấm sau đó dùng tăm bông chấm vào ""bé mụn"". Sau đó để trong vòng 2-3 tiếng đồng hồ, hoặc cũng có thể để qua đêm, sáng hôm sau thì chào tạm biệt ""em"" mụn ""xấu tính"" kia thôi.
Tạm biệt, những nốt mụn xấu xí trong một đêm nhé.
Tuy nhiên, không nên quá lạm dụng ""thần thuốc"" này vì hàm lượng làm sạch mạnh của kem đánh răng sẽ gây bỏng da, làm da ngày càng mỏng đi cũng có thể gây kích ứng.
Trị mụn nhanh chóng bằng mật ong
""Thần dược"" cho da.
Mật ong được xem là một loại ""thần dược"" lành tính nhiều công dụng, trong đó không thể thiếu công dụng làm đẹp, đánh bay những nốt mụn đáng ghét.
Mật ong có chứa nhiều kháng sinh tự nhiên giúp ngăn ngừa nhiễm trùng do mụn gây ra và giúp quá trình làm lành mụn diễn ra nhanh hơn.
Mụn ""đáng ghét"" ư, bạn chỉ cần dùng bông tẩy trang thấm một chút mật ong và nhẹ nhàng chấm lên vùng da bị mụn. Để như vậy trong khoảng 30 phút rồi rửa sạch lại mặt bằng nước ấm. Hôm sau, sức mạnh diệu kì sẽ giúp bạn thổi bay nốt mụn xấu xí.
Mật ong luôn là nguyên liệu làm đẹp hàng đầu được nhiều mỹ nhân sử dụng.
Triệt mụn ""cứng đầu"" bằng đá lạnh
Nghe có vẻ lạ, khi những viên đá tưởng chừng chỉ để uống nhưng lại có công dụng bất ngờ như vậy. Đá lạnh giúp cải thiện tuần hoàn máu ở những vùng da bị mụn giúp chúng hồng hào và tươi tắn hơn, tránh cảm giác khó chịu do mụn gây ra.
Khi chườm đá lên những nốt mụn, ngay lập tức những lỗ chân lông của bạn sẽ bị đóng lại và loại bỏ hết những bụi bẩn cũng như dầu dư thừa ra ngoài. Nhờ đó mà da bạn giảm những triệu chứng viêm khó chịu do mụn gây ra và chăm sóc cho da của bạn đẹp hơn.
Ngoài cách chườm đá lên vết mụn trước khi đi ngủ, bạn cũng nên thực hiện cách này 3 lần mỗi ngày nếu bạn muốn mụn biến mất nhanh và hiệu quả hơn.
Sạch mụn cấp tốc bằng tỏi
Nguyên liệu ""kì lạ"" trị mụn ""thần tốc"".
Chắc bạn sẽ ngạc nhiên và hơi hoang mang khi nghe đến nguyên liệu trị mụn kì lạ này. Nhưng không sai đâu, tỏi có chiếm lượng hoạt tính cao, là công thức trị mụn cấp tốc sau một đêm.
Chỉ cần cắt một tép tỏi tươi thành hai nửa và chà xát nhẹ nhàng trên vết mụn của bạn hoặc cắt lát tép tỏi tươi thật mỏng, đắp lên vùng mụn trong 5 phút và rửa sạch lại mặt bằng nước ấm, da bạn sẽ thực sự trở nên đẹp và không còn ảnh hưởng nhiều vì mụn nữa.
Tuy nhiên, hãy thực hiện cách này trước khi đi ngủ để tránh mùi hăng của tỏi có thể kéo dài gây khó chịu cho bạn.
Dùng chanh trị mụn siêu cấp tốc
Chanh rất giàu vitamin, có tính chất làm se và kháng viêm nhờ vậy chúng giúp làm khô và nhanh lành mụn hơn. Không chỉ với những nốt mụn mới mọc, chanh còn giúp bạn làm xẹp nhanh chóng những “cục” mụn “cứng đầu” dùng kem trị mụn mãi mà không khỏi
Chỉ cần sử dụng một quả chanh tươi vắt lấy nước. Sau đó lấy miếng bông tẩy trang thấm chút nước chanh và bôi lên những vết mụn và để qua đêm, sáng hôm sau bạn sẽ thấy những vết mụnbiến mất hoặc bị se nhỏ lại, bớt sưng tấy và lành tính đáng kể.
Ngoài ra, chanh còn giúp sạch nhờn và sáng mịn hơn.
10 công thức detox hiệu quả nhanh cho da đẹp dáng xinh đón Tết",1,spam
Trên đường đến văn phòng da ..,0,ham
"Ok em yêu, anh cho rằng không sao đâu, tôi chỉ lo lắng quá nhiều. Tôi phải làm một số công cụ phim của mình và sau đó phải trông trẻ một lần nữa!",0,ham
"Ngày 18/2, Ủy ban Quản lý Giám sát Ngân hàng và Bảo hiểm Trung Quốc (CBIRC) đưa ra cảnh báo về các dự án gây quỹ lừa đảo liên quan đến metaverse. Động thái này xuất hiện trong bối cảnh vũ trụ ảo dần trở nên phổ biến trong giới công nghệ Trung Quốc và thu hút các nhà đầu tư. Nhiều doanh nghiệp lớn tuyên bố sẽ tham gia metaverse. CBIRC cho biết phương thức lừa đảo chính xoay quanh metaverse là các dự án game, AI và thực tế ảo. Một số hứa hẹn người chơi sẽ dễ dàng thu lợi nhuận chỉ bằng cách chơi game. Tuy nhiên, người tham gia phải đầu tư trước bằng cách mua tiền kỹ thuật số và tài sản trong các dự án. Theo CCTV Finance, không ít game gắn mác vũ trụ ảo thực chất chỉ núp bóng công nghệ blockchain. Nhiều mô hình lấy tiền của người tham gia sau để trả cho người trước. Những hoạt động liên quan đến tiền điện tử vẫn được xem là trái phép tại Trung Quốc, do đó những dự án game như thế có thể sụp đổ bất cứ lúc nào. Không ít trường hợp thổi phồng giá trị của bất động sản ảo trong metaverse để lôi kéo người dùng mới. Nhiều dự án còn dụ dỗ người chơi mua tiền mã hóa, sau đó thu lợi bằng cách thao túng giá và chặn rút tiền. CBIRC khuyến khích người dân báo với chính quyền nếu phát hiện những trường hợp lừa đảo như trên. Tuy nhiên, cảnh báo mới nhất của CBIRC không đề cập đến thị trường NFT, vốn cũng xuất hiện những chiêu trò tương tự. Trước đó, cơ quan giám sát của Hong Kong đã lên tiếng về lừa đảo NFT khi nhiều dự án biến mất ngay trong đêm khi huy động vốn thành công. Tháng 12/2021, People’s Daily cũng khuyến cáo mua bán tài sản ảo dễ gặp rủi ro cao, sau khi thị trường metaverse trở thành cơn sốt đầu tư. Một quan chức của Ngân hàng Nhân dân Trung Quốc nói tài sản trong metaverse có thể trở thành công cụ rửa tiền của tội phạm mạng. Metaverse là thuật ngữ xuất hiện trong cuốn tiểu thuyết khoa học viễn tưởng Snow Crash ra mắt năm 1992 của nhà văn người Mỹ Neal Stephenson. Khái niệm này chỉ một thế giới ảo sống động như thật, mọi người có thể gặp gỡ, làm việc và giải trí bằng cách sử dụng các thiết bị tích hợp công nghệ thực tế ảo tăng cường. Mỹ Quyên (theo SCMP)",1,spam
"Né gấp thủ đoạn này: Đối tượng giả danh cán bộ Bộ Công an, Viện kiểm sát gọi điện thông báo tài khoản ngân hàng bị rò rỉ thông tin bảo mật, yêu cầu cung cấp tên đăng nhập và mã OTP để bảo vệ tài khoản. Nạn nhân nên trình báo cơ quan công an gần nhất.",1,spam
Bạn muốn 2 lần gặp tôi lúc mấy giờ?,0,ham
"ID người dùng duy nhất của bạn là 1172. Để loại bỏ, hãy gửi dừng lại đến 87239 Dịch vụ khách hàng 08708034412",1,spam
Tôi chỉ tìm kiếm SIM kép Sim di động PA tốt.,0,ham
"Tân, 26 tuổi, trú xã Thanh Yên, tỉnh Điện Biên, vừa bị Phòng cảnh sát hình sự Công an tỉnh Sơn La khởi tố, tạm giam để điều tra tội Lừa đảo chiếm đoạt tài sản. Theo công an, Tân ăn chơi, nợ tiền của nhiều người. Không có khả năng trả nợ, anh ta lập Công ty TNHH xuất nhập khẩu nông sản Tân Phát nhằm tạo vỏ bọc doanh nhân đi lừa đảo, chứ không có hoạt động kinh doanh gì. Từ kịch bản vạch sẵn, với đối tác người Lào, Tân sẽ lừa dối có khả năng mua xe ôtô bán tải và vận chuyển sang Lào bàn giao. Người mua chỉ cần chuyển trước một phần tiền cho Tân. Với người Việt Nam, Tân kêu gọi góp vốn đầu tư, mua bán nông sản bên Lào. Bằng các thủ đoạn này, Tân đã bị cáo buộc đã lừa ít nhất 2 người Lào và 3 người Việt Nam với số tiền nhiều tỷ đồng.",1,spam
E xây dựng quản trị viên ở đó?,0,ham
Pleasssssssseeeeee tel me v avent thực hiện sportx,0,ham
Urgent Vui lòng gọi 09066612661 từ điện thoại cố định.,1,spam
Đó là một trong những vấn đề nhưng California vẫn ổn.,0,ham
"Được rồi, sau đó tôi đến tìm ì _... C may mắn tôi đã nói với Ì_ sẽ đi sớm hơn ... sau đó pple hãy hoàn thành ì_ không nữa ...",0,ham
Tôi không nghĩ anh ấy có tay thìa!,0,ham
"Ngày 20/11, hành vi của Đạo cùng 141 người khác được nêu trong kết luận điều tra Bộ Công an vừa hoàn tất, đề nghị truy tố về tội Lừa đảo chiếm đoạt tài sản và Đưa hoặc sử dụng trái phép thông tin mạng máy tính, mạng viễn thông. Bộ Công an xác định, phần lớn nạn nhân trong vụ án là người cao tuổi, thu nhập thấp, phụ thuộc vào lương hưu, tiền tiết kiệm, nguồn trợ cấp của gia đình... muốn được chăm sóc sức khỏe nhưng thiếu kiến thức xã hội, công nghệ. Tổng số tiền nhóm Đạo chiếm đoạt lên tới hàng trăm tỷ đồng, trở thành đường dây lừa đảo quy mô lớn nhất từng bị triệt phá. Con số nạn nhân lên đến hàng trăm nghìn người, song trong phạm vi vụ án này chỉ xác định được 7.000 người. Chân dung ông 'trùm' tập đoàn lừa đảo Giai đoạn 2010-2012, Đạo học hệ Cao đẳng Trường Đại học Tài chính – Ngân hàng TP HCM nhưng bỏ dở, chuyển sang làm nhiều công việc khác nhau. Anh ta từng làm tại các đơn vị tổ chức chương trình tri ân, bốc thăm, quay số trúng thưởng... nên hiểu rõ cách thức vận hành. Theo kết luận điều tra, từ kinh nghiệm này, Đạo nảy sinh ý định mạo danh các doanh nghiệp có chương trình tri ân để lừa nạn nhân nhận quà ""miễn phí"". Người được thông báo trúng thưởng phải trả phí vận chuyển với mức cao hơn nhiều lần giá trị sản phẩm, hoặc sau khi chuyển tiền sẽ bị cắt liên lạc. Đầu năm 2023, Đạo nhờ mẹ, người thân và bạn bè đứng tên thành lập bốn pháp nhân gồm Công ty TNHH Thương mại và Dịch vụ Ressun, Cửa hàng TikTok Shop Resshose, Công ty TNHH Rees Mark và Công ty TNHH Thương mại và Dịch vụ Lesson. Anh ta tuyển nhiều người vào các vị trí quản lý và điều hành trực tiếp. Tại các doanh nghiệp, nhóm này tuyển hàng trăm nhân viên đảm nhiệm việc xây dựng kịch bản (giáo trình), mua dữ liệu thông tin và tập huấn cách gọi điện lừa khách. ""Con mồi"" chủ yếu là người cao tuổi, những người thường xuyên sử dụng thực phẩm chức năng. Nhân viên phòng kinh doanh sử dụng hệ thống điện thoại được mã hóa đầu số do nhà mạng cấp, khiến nạn nhân không thể gọi lại. Họ xưng là nhân viên Bệnh viện Dinh dưỡng TP HCM, Trung tâm tiêm chủng vaccine... và thông báo người nghe là ""khách hàng may mắn"" được tặng 12 tháng sử dụng nước yến sào, mỗi tháng một hộp gồm 6 lọ. Theo kịch bản, người nhận chỉ phải trả 279.000 đồng phí vận chuyển cho lần đầu, với lý do đây là khoản thu của đơn vị giao hàng, không phải của bệnh viện hay công ty; các tháng sau không phát sinh phí. Khi nạn nhân đồng ý, nhân viên dặn chú ý điện thoại để nhận cuộc gọi xác nhận địa chỉ. Sau đó, nhóm lập đơn và chuyển cho bộ phận chăm sóc khách hàng nhập vào hệ thống, để bộ phận kho đóng gói sản phẩm. Mỗi hộp nước yến gồm 6 lọ, công ty mua vào 79.000 đồng, được dán thêm mã dự thưởng rồi giao cho đơn vị vận chuyển. Khi nhận hàng và phiếu dự thưởng, nạn nhân thanh toán phí như đã được thông báo. 'Bẫy' bằng quà ngày càng giá trị Ngay sau khi nạn nhân nhận hộp yến đầu tiên, nhóm tiếp tục giả danh nhân viên công ty phụ trách mã dự thưởng kèm quà tặng. Họ thông báo người nhận đủ điều kiện tham gia quay thưởng với các giải trị giá 10 đến 100 triệu đồng như ghế massage, tủ lạnh, tivi, máy giặt. Để được tham gia, nạn nhân phải bổ sung thông tin và ""trả phí"" làm hồ sơ từ 730.000 đến 990.000 đồng. Công ty còn hứa tặng thêm sản phẩm giá trị thấp như trà ô long, máy sấy tóc (100.000-200.000 đồng) và cam kết hoàn 100% phí nếu chưa sử dụng quà, hoặc 80% nếu đã dùng. Khi nạn nhân đồng ý, nhân viên lập đơn, chuyển cho bộ phận chăm sóc khách hàng nhập lên hệ thống CRM để kho đóng gói; sau đó bàn giao cho đơn vị vận chuyển. Người nhận thanh toán phí hồ sơ cho nhân viên giao hàng. Khoảng 2-3 ngày sau khi hoàn tất ""hồ sơ dự thưởng"", nhóm tiếp tục giả danh nhân viên công ty thông báo nạn nhân đã trúng thưởng. Để nhận giải, họ yêu cầu nạn nhân trả thêm phí hoàn thiện hồ sơ xuất kho từ 1 đến 3 triệu đồng. Người nghe được tặng kèm sản phẩm trị giá khoảng 300.000 đồng và được hứa hoàn 100% phí nếu chưa dùng quà, hoặc 80% nếu đã sử dụng. Quy trình lập đơn, nhập hệ thống, kho đóng gói và giao hàng được lặp lại như trước, nạn nhân thanh toán khoản phí mới cho nhân viên vận chuyển. Với cách thức này, nhóm Đạo liên tục tạo thêm lý do và đưa ra các ""quà tặng"" có giá trị lớn hơn để nạn nhân tin tưởng chuyển tiền. Chỉ khi người bị lừa nhận ra hoặc không còn khả năng chi trả, các cuộc gọi mới dừng lại. Cơ quan điều tra xác định Đạo và đồng phạm đã chiếm đoạt hàng trăm tỷ đồng của hàng chục nghìn nạn nhân bằng thủ đoạn trên. Hồi giữa năm 2024, khi bị kiểm tra, anh ta chỉ đạo xóa dữ liệu và tiêu hủy toàn bộ chứng cứ. Theo dữ liệu còn lại tại bốn công ty, chỉ trong gần ba tháng (từ 1/3 đến 17/6), nhóm này chiếm đoạt gần 40 tỷ đồng của khoảng 7.000 người. Đạo còn bị cáo buộc sử dụng 2,1 tỷ đồng để mua bán, khai thác trái phép hơn 1,1 tỷ thông tin cá nhân. Giữa tháng 6, C02 phối hợp Công an TP HCM tổ chức nhiều mũi, đồng loạt bắt giữ và khám xét bốn trụ sở công ty cùng các kho hàng của nhóm Đạo. Cơ quan điều tra thu giữ 65 laptop, 21 máy tính, 301 điện thoại để bàn, điện thoại di động, 460 triệu đồng, ôtô cùng nhiều sản phẩm và tài liệu liên quan đến hoạt động lừa đảo. Đối với các sản phẩm nước yến được sử dụng trong quá trình phạm tội, Bộ Công an phối hợp Công an TP HCM và Khánh Hòa thu thập mẫu và trưng cầu giám định. Do chưa có kết quả, cơ quan chức năng chưa đưa ra hướng xử lý với phần này. Quốc Thắng",1,spam
Ya nó đã đến một thời gian trước,0,ham
"Cán bộ công an cảnh báo: Cảnh báo hình thức lừa đảo nhận quà tặng tri ân từ nước ngoài. Đối tượng yêu cầu nạn nhân đóng phí vận chuyển, phí hải quan để nhận kiện hàng chứa tiền mặt hoặc đồ đắt tiền. Cần hết sức cảnh giác để tránh mất tiền.",1,spam
"Cán bộ công an cảnh báo: Cảnh báo bẫy lừa đảo làm dịch vụ xóa nợ xấu ngân hàng, nợ xấu CIC. Kẻ gian yêu cầu chuyển chi phí dịch vụ trước rồi gửi hóa đơn/xác nhận giả mạo nhằm chiếm đoạt tiền. Nạn nhân nên trình báo cơ quan công an gần nhất.",1,spam
Tôi nghĩ tất cả vẫn còn trong xe của tôi,0,ham
Và cô Vday The Parachute và Double Coins ???,0,ham
Số Voda Today kết thúc 5226 được chọn để nhận giải thưởng 350.,1,spam
Nghĩ rằng chúng tôi có thể ra ngoài ăn tối.,0,ham
"Ngày 23/2, cảnh sát thành phố Pocheon ở tỉnh Gyeonggi cho biết đã trao giấy khen cho người báo cáo vụ việc. Theo cảnh sát, ngày 9/2, khi đang ngồi trong quán cà phê, một vị khách nghe thấy cuộc trò chuyện giữa hai khách hàng khác có những câu từ như ""quỹ đầu tư chứng khoán"" và ""có thể cho tôi xem tiền mặt không?"". Nhận thấy nạn nhân tiềm năng có vẻ sẵn sàng giao những cọc tiền mặt cho một người đàn ông, vị khách lặng lẽ rời khỏi quán và gọi cảnh sát báo cáo vụ việc: ""Tôi gần như chắc chắn đây là lừa đảo qua điện thoại, người nhận tiền đang nói chuyện với nạn nhân"". Cảnh sát lập tức có mặt tại hiện trường và bắt giữ người nhận tiền. Nạn nhân tiềm năng đã may mắn tránh khỏi bị mất 60 triệu won (hơn 1 tỷ đồng). Theo cảnh sát, vị khách gọi điện trình báo từng là nạn nhân của một vụ lừa đảo vay tiền qua điện thoại trá hình dưới dạng hỗ trợ tìm việc làm vào năm 2024 và đang chờ xét xử. ""Vì từng là nạn nhân, tôi nhận ra ngay thủ đoạn lừa đảo. Tôi lo lắng có người khác cũng sẽ trở thành nạn nhân nên đã báo cáo ngay lập tức"", vị khách cho biết. Cảnh sát trưởng thành phố Pocheon, ông Han Sang-gu, cho biết: ""Việc báo cáo nhanh chóng và dũng cảm của vị khách này đã giúp chúng tôi ngăn chặn thiệt hại đáng kể. Cảnh sát sẽ tiếp tục phối hợp với người dân để xóa bỏ nạn lừa đảo qua điện thoại"". Tháng 12/2025, cảnh sát Pocheon cũng bắt giữ một kẻ nhận tiền lừa đảo nhờ sự cảnh giác của nhân viên ngân hàng Nonghyup. Vào khoảng 11h ngày 3/2/2025, một nam khách hàng 60 tuổi đến chi nhánh Jeonggyo ở quận Gasan, có biểu hiện khác thường khi đi qua đi lại gần quầy với vẻ lo lắng. Sau khi trò chuyện, quản lý ngân hàng xác định rằng người đàn ông này đang vướng vào một vụ lừa đảo qua điện thoại. Nam khách hàng đã chuyển 20 triệu won vào một tài khoản do kẻ lừa đảo chỉ định vào ngày hôm trước và đang định rút thêm 50 triệu won tiền mặt. Trong lúc quản lý giúp ông nhận ra hành vi gian lận, kẻ lừa đảo vẫn tiếp tục gọi để xác nhận xem ông đã rút tiền chưa. Sau khi nhận được trình báo, cảnh sát đã phối hợp với nạn nhân bắt giữ kẻ đến nhận tiền tại điểm hẹn. Cảnh sát đã trao giấy khen cho chi nhánh ngân hàng Nonghyup vì đóng góp trong việc ngăn chặn thiệt hại do lừa đảo qua điện thoại và bắt giữ nghi phạm. Tuệ Anh (theo Joongang Ilbo, Chosun Daily)",1,spam
Bạn đã nói không phải bây giờ.,0,ham
Cán bộ công an cảnh báo: Chiêu trò lừa đảo trúng thưởng chương trình quay số may mắn của các tập đoàn lớn. Đối tượng yêu cầu người trúng nạp tiền thẻ cào hoặc chuyển khoản để làm thủ tục đóng thuế trước khi nhận thưởng. Cần hết sức cảnh giác để tránh mất tiền.,1,spam
Lol bạn vẫn cảm thấy bị bệnh?,0,ham
Đấu giá SMS - Một Nokia 7250 hoàn toàn mới sẽ tăng 4 phiên đấu giá hôm nay!,1,spam
Không cần phải mua bữa trưa cho tôi .. Tôi ăn maggi mee ..,0,ham
"Nhiều ngân hàng như BIDV, MB, SHB ... cảnh báo về thủ đoạn giả mạo trang web, fanpage, tài khoản mạng xã hội với tên miền, giao diện và logo giống hệt các thương hiệu kinh doanh vàng uy tín, khiến người dùng dễ nhầm lẫn với trang chính thức. Các đối tượng còn mạo danh ngân hàng để lừa đảo, thay vì chỉ doanh nghiệp kinh doanh vàng như trước đây. Cảnh báo này được các ngân hàng đưa ra trước thực tế hình thức lừa đảo mua bán vàng ""nở rộ"" thời gian qua, khi giá kim loại quý trong nước chênh cao so với thế giới, duy trì ở mức trên 10 triệu đồng một lượng và người dân khó mua khi có nhu cầu do nguồn cung hạn chế. Theo các ngân hàng, thủ đoạn lừa phổ biến là sau khi tạo dựng lòng tin, kẻ gian tung tin giả về giá vàng hoặc bạc, quảng bá chương trình khuyến mãi, chiết khấu cao, tặng thưởng hấp dẫn. Họ cũng mời gọi đầu tư online, cam kết lãi cao (theo ngày hoặc tuần). Đây là hình thức lừa đảo có dấu hiệu đa cấp hoặc chiếm đoạt tiền, theo các ngân hàng. Khi nạn nhân ""sập bẫy"", kẻ gian tiếp tục gửi tin nhắn, email giả danh để thông báo trúng thưởng, yêu cầu cung cấp thông tin cá nhân, tài khoản ngân hàng nhằm trục lợi. Thậm chí, họ còn mạo danh người thân, nhân viên công ty vàng, gọi điện hoặc liên hệ qua mạng xã hội để tiếp cận, lừa đảo dưới nhiều hình thức khác nhau. Nhiều đối tượng còn sử dụng chiêu thức ""chim mồi"" tung hình ảnh chốt lời cao để kích thích khách hàng, hoặc gửi giấy xác nhận ""đã đặt hàng"" có logo và thông tin gần giống doanh nghiệp thật để tạo lòng tin. Trước đó, Công ty Vàng bạc đá quý TP HCM (SJC) cũng cho biết đã có một số đối tượng lập trang web, fanpage giả mạo thương hiệu này để lừa đảo, thu gom dữ liệu cá nhân và thực hiện các giao dịch không có cơ sở pháp lý. Trước tình hình thị trường vàng biến động mạnh, thủ đoạn lừa đảo ngày càng tinh vi, các ngân hàng khuyến cáo khách hàng tuyệt đối cảnh giác khi thực hiện các giao dịch mua bán. Ngân hàng SHB khuyến nghị người dân chỉ nên giao dịch tại các điểm được cấp phép chính thức. BIDV đề nghị khách hàng tuyệt đối không cung cấp thông tin cá nhân, tài khoản, mã OTP cho bất kỳ ai, kể cả người tự xưng là nhân viên doanh nghiệp hay ngân hàng. MB lưu ý khách hàng cần kiểm tra kỹ fanpage, trang web, đường dẫn rõ ràng, thông tin các địa điểm giao dịch được phép mua, bán vàng miếng của tổ chức tín dụng trên địa bàn và toàn quốc. Nhà băng này cho rằng nên thực hiện mua bán trực tiếp tại các cơ sở kinh doanh được cấp giấy phép. Đồng thời, người dân cần chủ động bảo vệ thông tin cá nhân - tài sản số quan trọng, không được tùy tiện cung cấp nếu chưa xác minh rõ ràng. ""Mọi sự lơ là, chủ quan đều có thể tạo cơ hội cho tội phạm lợi dụng và chiếm đoạt tài sản"", đại diện SHB nêu. Tháng trước, Ngân hàng Nhà nước chi nhánh khu vực 2 yêu cầu các ngân hàng, doanh nghiệp kinh doanh vàng miếng trên địa bàn phải treo bảng hiệu nhận diện, niêm yết công khai giấy phép để người dân nhận diện là điểm mua bán hợp pháp. Hiện, cả nước có 22 ngân hàng và 16 doanh nghiệp được cấp phép kinh doanh vàng miếng như SJC, DOJI, PNJ, Mi Hồng, Bảo Tín Minh Châu, Vàng Phú Quý, Vàng Kim Ngọc Phú, Vàng bạc đá quý Ngọc Hải... Tất Đạt",1,spam
"Bạn có nhận ra rằng trong khoảng 40 năm, chúng ta sẽ có hàng ngàn bà già chạy xung quanh với hình xăm?",1,spam
Xin giúp tôi nói với Sura rằng tôi đang mong đợi một pin từ Hont.,0,ham
"Xin lỗi người đàn ông, vô tình rời khỏi điện thoại của tôi vào đêm qua im lặng và không kiểm tra cho đến khi tôi thức dậy",0,ham
** Tin nhắn miễn phí ** Cảm ơn vì đã sử dụng dịch vụ đăng ký đấu giá.,1,spam
"Upgrdcentre Orange khách hàng, bây giờ bạn có thể yêu cầu nâng cấp điện thoại camera miễn phí của bạn cho lòng trung thành của bạn.",1,spam
"Go-Jek và Grab giành giật thị trường Indonesia ra sao?
Indonesia là chiến trường chính của hai startup tỷ USD của Đông Nam Á khi đây là thị trường duy nhất mà Grab chưa nắm trọn trong tay vì Go-Jek vẫn đang dẫn đầu.
Nếu tại các thị trường khác, khách hàng từng hưởng lợi từ cuộc cạnh tranh giữa Uber và Grab thì tại Indonesia, diễn biến còn hấp dẫn hơn nhiều khi có tới 3 tay chơi và kẻ dẫn đầu lại là ứng dụng nội Go-Jek.
Indonesia là thị trường hiếm hoi mà một ứng dụng địa phương chiến thắng và chiếm thị phần lớn nhất từ tay các ông lớn nước ngoài.
Cuộc chiến Uber, Grab và Go-Jek
Giống như tại Việt Nam, Indonesia sở hữu một lượng lớn xe ôm truyền thống mà người dân địa phương gọi họ là ojek - loại hình vận tải rất phổ biến tại thành phố có giao thông được liệt vào hàng tồi tệ nhất thế giới do thường xuyên xảy ra tắc đường.
Những năm đầu thế kỷ 21, đường phố Jakarta chủ yếu gồm phương tiện cá nhân, taxi và ojek. Tuy nhiên, những năm gần đây mọi chuyện đã thay đổi trước sự phổ biến của các ứng dụng gọi xe.
Go-Jek là kẻ đầu tiên tham gia thị trường xe ôm công nghệ Indonesia vào năm 2010 khi phát triển ứng dụng từ nền tảng là một tổng đài cho các ojek.
""Ban đầu ý tưởng của tôi đến từ việc tôi chính là một khách hàng thường xuyên của các ojek. Loại hình phương tiện này quá phù hợp với giao thông Jakarta (Indonesia) nhưng lại rất nhập nhèm về giá cước và rất khó gọi xe vào giờ cao điểm"", CEO của Go-Jek ông Nadiem Makarim chia sẻ với Deal Street Asia.
Là kẻ đi trước, hiểu rất rõ điều khách hàng và các ojek cần, Go-Jek liên tục cải thiện công nghệ lõi bằng cách mua lại các công ty công nghệ địa phương.
Tới giữa năm 2015, Go-Jek đã phát triển thêm nhiều dịch vụ từ nền tảng ban đầu là ứng dụng gọi ojek trên điện thoại thông minh. Hãng đã nhanh chân phát triển và mở rộng quy mô trước khi các ông lớn nước ngoài kịp dòm ngó thị trường. Cũng trong khoảng thời gian này, Go-Jek là ứng dụng có lượt tải nhiều nhất Indonesia.
GrabBike và UberMoto gia nhập thị trường muộn hơn Go-Jek khi lần lượt triển khai dịch vụ trong khoảng thời gian 2016-2017. Tuy nhiên hai ông lớn vẫn tự tin rằng mình có điểm mạnh riêng để cạnh tranh tại đất nước có lượng xe máy lớn thứ ba thế giới theo thống kê của tờ Jakarta Post.
GrabBike có sự am hiểu thị trường Đông Nam Á cùng tiềm lực mạnh, trong khi Uber đã phổ biến tại Indonesia từ trước bằng gọi xe hơi theo yêu cầu và khẳng định có giá cước rẻ nhất thị trường.
Ba ông lớn gọi xe qua ứng dụng cạnh tranh quyết liệt, người hưởng lợi nhiều nhất chính là khách hàng. Cuộc chiến giữa ba bên về bản chất là cuộc chiến đốt vốn, bên nào có nguồn lực dồi dào hơn sẽ trụ lại thị trường.
Tuy nhiên điểm khác biệt lớn nhất giữa Go-Jek và hai ông lớn nước ngoài nằm ở việc Go-Jek ra đời để giải quyết những vấn đề nhức nhối của giao thông Indonesia, còn Grab và Uber đến thị trường này với tâm thế không để lọt một thị trường kinh doanh tiềm năng.
Theo ASEAN Today, chính nhờ tầm nhìn rõ ràng hơn, am hiểu thị trường hơn và có nền tảng khách hàng từ sớm hơn, Go-Jek vẫn giữ được cho mình thị phần lớn nhất trước sự cạnh tranh khốc liệt từ Grab và Uber.
Một khảo sát nhỏ của eComerceIQ cũng cho thấy phần nào bức tranh thị phần của 3 hãng khi 56% số người được hỏi cho biết họ là khách hàng thường xuyên của Go-Jek. Con số này của Grab và Uber lần lượt là 33% và 8%.
Grab mua Uber, tình thế thay đổi
CEO của Go-Jek từng chia sẻ trên Wall Street Journals hồi đầu năm 2017 rằng Go-Jek chắc chắn đang đứng đầu thị trường Indonesia với 50% thị phần cuốc xe chở khách và 95% thị phần chuyển phát đồ ăn.
Việc đốt vốn khắp các thị trường Đông Nam Á đã khiến báo cáo tình chính của Uber trở nên rất xấu. Đầu năm 2018 ông lớn này đưa ra quyết định thoái lui khỏi Đông Nam Á theo cách từng làm tại nhiều thị trường khác là bán mình đổi cổ phần.
Sáng 26/3, Grab đã công bố mua lại toàn bộ hoạt động của Uber tại Đông Nam Á, đổi lại Uber sẽ có 27,5% cổ phần trong công ty sau mua bán và sáp nhập này. Về cơ bản, Grab và Uber trở thành một liên doanh tại Đông Nam Á, trong đó Grab nắm phần lớn.
Nhiều chuyên gia nhận định việc Grab mua Uber dù có vẻ như sẽ giúp Go-Jek bớt một đối thủ nhưng thực chất là tin rất bất lợi với ông lớn gọi xe Indonesia. Liên doanh mới giữa Grab và Uber giờ chỉ còn một mục tiêu duy nhất là giành thị phần của Go-Jek.
Trước áp lực cạnh tranh mới, CEO của Go-Jek vẫn tỏ ra rất tự tin. Trong một email nội bộ mà Reuters khai thác được, ông Makarim nói với nhân viên Go-Jek rằng thương vụ giữa Uber và Grab là ""một cơ hội lớn"" vì ""ít tay chơi hơn đồng nghĩa con đường phía trước sẽ bằng phẳng hơn và là cơ hội để mở rộng thị phần"".
Grab gần như đối đầu toàn diện với Go-Jek trong lĩnh vực ứng dụng gọi xe khi dịch vụ trong mảng này mà hai bên đưa ra là hoàn toàn tương đồng. Tuy nhiên Go-Jek vẫn có lợi thế sân nhà và việc tập trung nguồn lực mở rộng đã biến ước mơ về một siêu ứng dụng Indonesia của ông Makarim dần trở thành sự thật. Go-Jek hiện cung cấp khoảng 18 dịch vụ đa dạng theo thống kê của CrunchBase.
Ông Khailee Ng, đối tác quản lý từ quỹ 500Startups cho rằng chặng đường phía trước của Go-Jek chưa chắc sẽ bằng phẳng khi Uber không còn.
""Kể từ trước khi Uber bị thâu tóm, Grab đã là thế lực lớn nhất trong ngành tại khu vực Đông Nam Á... Quy mô của Grab rất lớn và hãng còn phản ứng rất nhanh. Đấu với một gã khổng lồ vừa to lớn vừa nhanh nhẹn không phải là chuyện dễ dàng”, chuyên gia này nói.
Go-Jek rõ ràng đang không muốn co cụm phòng ngự Grab. Hãng đã tuyên bố sẽ lần đầu mở rộng dịch vụ ra các nước trong khu vực Đông Nam Á, đối đầu với Grab tại nhiều thị trường hơn. Điều này cho thấy hãng tự tin về vị thế tại thị trường Indonesia và tự tin vào kinh nghiệm đối đấu với Grab trên sân nhà sau nhiều năm.
Đầu tháng 8/2018, Go-Jek đánh dấu hiện diện tại thị trường Việt Nam khi chính thức triển khai dịch vụ xe ôm công nghệ tại TP.HCM với thương hiệu Go-Viet. Lãnh đạo hãng khẳng định sau 3 ngày ra mắt, Go-Viet đã có trong tay 10% thị phần tại TP.HCM.",0,ham
Tones miễn phí hy vọng bạn thích nội dung mới của bạn.,1,spam
Nhắc nhở: Bạn chưa tải xuống nội dung bạn đã trả tiền.,1,spam
"Tưởng ổ trứng gà mang về ấp thành con, thanh niên ngay lập tức chuyển nhà chỉ sau 2 tuần
Chỉ sau 2 tuần, ổ trứng lạ nở khiến chủ nhà tái xanh mặt khi biết “danh tính” của con vật.
Một lần phiêu lưu ở ngoại ô, người đàn ông bất ngờ bắt gặp ổ trứng lạ. Quá tò mò và háo hức, ông quyết định mang về để theo dõi xem chuyện gì sẽ xảy ra.
Sau vài tuần, ổ trứng bắt đầu nở. Người đàn ông thảng thốt không tin nổi vào mắt mình khi chứng kiến cảnh tượng hãi hùng trước mắt.
Những con rắn màu sắc kỳ lạ, cả người và mắt đều có màu cam. Đặc biệt, những con rắn này đều có 2 đầu kinh dị.
Người đàn ông cảm thấy vô cùng hối hận về quyết định của mình. Lúc đầu, ông cứ ngỡ mấy con rắn nở ra trước bị khuyết tật nên mới có hai đầu.
Nhưng khi ổ trứng nở hết, con nào cũng có 2 đầu, ông mới tá hỏa phát hiện, thì ra đây là đặc điểm của loài rắn này.",1,spam
Bạn sẽ phỏng vấn Wipro hôm nay?,0,ham
Trên đường đến trường.,0,ham
Dịch vụ âm nhạc di động hoàn toàn mới của chúng tôi hiện đang hoạt động.,1,spam
Chỉ tò mò vì vì tôi đã hỏi tôi đang làm gì,0,ham
Mặt trời không thể đến Trái đất nhưng gửi Luv dưới dạng tia.,0,ham
Các số Voda Today kết thúc 7548 được chọn để nhận giải thưởng $ 350.,1,spam
"Để có cơ hội giành được tai nghe Bluetooth miễn phí thì chỉ cần trả lời lại với \ ADP \ """"",1,spam
Tôi đoán đó là lý do tại sao bạn lại lo lắng.,0,ham
Ưu đãi mới tuyệt vời - Double Mins & Double TXT trên thuế quan màu cam tốt nhất và nhận điện thoại camera mới nhất 4 miễn phí!,1,spam
Tôi có tệ khi tránh như thế này không?,0,ham
Nokia Mobile hoặc iPod MP3 Player mới nhất +Å £ 400 Proze được đảm bảo!,1,spam
"Ứng dụng chuyển đổi số trong quản lý đô thị giúp rút ngắn thời gian xử lý thủ tục hành chính cho người dân và doanh nghiệp, nâng cao tính minh bạch của chính quyền. Chi tiết xem tại cổng thông tin chính thức.",0,ham
Tuyệt vời.,0,ham
Chúng tôi đã cố gắng liên hệ với bạn trả lời của bạn cho lời đề nghị của chúng tôi về một chiếc điện thoại video?,1,spam
Phụ nữ thứ nhất và chi thứ hai k.,0,ham
"Cảnh báo hình thức hack tài khoản Facebook rồi nhắn tin mượn tiền người thân, bạn bè.",1,spam
Nhập miễn phí trong 2 comp hàng tuần để có cơ hội giành được iPod.,1,spam
"Tố giác chiêu trò: Bẫy lừa đảo đầu tư tài chính, chứng khoán quốc tế và sàn tiền ảo cam kết lợi nhuận khủng 30% mỗi tháng. Khi số tiền đầu tư lên cao, sàn báo lỗi sập hệ thống và chiếm đoạt toàn bộ tiền. Nạn nhân nên trình báo cơ quan công an gần nhất.",1,spam
Camera - Bạn được trao một máy ảnh kỹ thuật số SIPIX!,1,spam
"Sau khi nộp đơn thông qua bài đăng trên Telegram tuyển dụng vị trí giống quản lý phòng chat đầu tư chứng khoán, Dex, ngoài 30 tuổi, rời Hàn Quốc đến thủ đô Phnom Penh, bước chân vào một khu phức hợp hồi tháng 4/2024. Bài đăng tuyển dụng hứa hẹn mức lương khoảng 2.000 USD mỗi tháng cho ""người nhắn tin"", lên tới 10.000 USD cho ""người gọi điện"" và ""chuyên gia đầu tư"", cao hơn nhiều so với mức thu nhập trung bình tại Hàn Quốc. Không lâu sau, Dex phát hiện mình đã rơi vào một trung tâm lừa đảo. Mỗi ngày, anh ngồi trước màn hình, gửi những tin nhắn soạn sẵn đến người lạ. Xung quanh là nhiều dãy máy tính, nơi các đồng hương của anh cũng đang làm những thao tác tương tự. Điện thoại và hộ chiếu của họ đều bị thu giữ, bên ngoài khu nhà có bảo vệ tuần tra liên tục. Việc bỏ trốn gần như là không thể. Dex được chỉ đạo đóng giả phụ nữ, trò chuyện thông qua các ứng dụng nhắn tin, nhắm đến những nam giới ngoài 50 tuổi, rồi dụ dỗ họ đầu tư vào các nền tảng giao dịch chứng khoán giả. Khoảng hai tháng đầu, những ""người nhắn tin"" như Dex được giao KPI tiếp cận 100 người. Sang tháng thứ ba, họ sẽ cố gắng dụ dỗ các mục tiêu tiềm năng nhất bỏ tiền đầu tư. Mỗi khi có nạn nhân chuyển tiền, ""văn phòng"" lại đánh cồng. Một tiếng cồng có nghĩa là khoảng 6.900 USD được thu về. ""Ban đầu, tôi chỉ nghĩ đây là công việc nhắn tin cho nhóm chứng khoán, không hề biết là lừa đảo. Khi đến nơi, họ nói có hai kiểu lừa là lừa tình và lừa đầu tư"", Dex kể lại. Dex là một trong hàng trăm người Hàn Quốc bị rơi vào các trung tâm lừa đảo quy mô lớn do các băng đảng Trung Quốc điều hành ở Campuchia. Mạng lưới này đã lừa hàng chục triệu USD từ người Hàn Quốc trong năm ngoái, hủy hoại cuộc sống nhiều gia đình. Giám đốc An ninh Quốc gia Hàn Quốc Wi Sung‑lac cho biết hơn 330 người Hàn Quốc mất tích tại Campuchia năm 2025. Phần lớn đã được tìm thấy, nhưng vẫn còn 79 người chưa rõ tung tích. Theo Cơ quan An ninh Quốc gia Hàn Quốc, nhiều người Hàn chủ động sang Campuchia tham gia hoạt động phi pháp, thậm chí còn quay lại sau khi được hồi hương. Ok Hae-shil, nhà truyền giáo sống 14 năm tại Campuchia, chuyên hỗ trợ giải cứu các nạn nhân mắc kẹt trong trung tâm lừa đảo, cho biết ông đã chứng kiến nhiều thanh niên Hàn Quốc bị hấp dẫn bởi mức lương 6 chữ số được quảng cáo trên mạng, tìm đến Campuchia rồi biến mất trong các khu phức hợp. Với một số người, con đường này bắt đầu từ nợ nần chồng chất. Luật sư tư vấn nợ Park Ki-tae cho biết ba thân chủ gần đây của ông bị dụ dỗ và ép buộc lừa đảo trực tuyến ở Campuchia đều trong độ tuổi 20 và mắc nợ từ trước. Park Chan-dae, nghị sĩ từng hỗ trợ giải cứu 16 người Hàn khỏi các trung tâm lừa đảo vào tháng 8-9/2025, cho biết một số nạn nhân bị đánh đập tàn bạo, đe dọa xâm hại tình dục, bị kiểm tra y tế, dường như để phục vụ mục đích buôn nội tạng. Để tránh cảnh sát, trung tâm nơi giam lỏng Dex chuyển đến một khu vực hẻo lánh gần biên giới phía đông. Trong một lần hiếm hoi được ra ngoài hai tuần một lần, Dex chớp thời cơ trốn thoát. Anh cầm điện thoại, đủ tiền đi đường rồi bắt taxi về thẳng Phnom Penh, trú đêm tại một nhà trọ. Sáng hôm sau, Dex đến đại sứ quán Hàn Quốc. Không phải ai cũng may mắn như Dex. Tháng 7/2025, Park Min-ho nói với gia đình rằng anh đến Campuchia dự hội chợ việc làm. Vài tuần sau, thi thể sinh viên 22 tuổi được tìm thấy trong một phương tiện ở tỉnh Kampot, cách Phnom Penh khoảng 145 km. Giới chức kết luận nguyên nhân tử vong do ""đau tim vì bị tra tấn nghiêm trọng"". Giới chức đã khởi tố ba người Trung Quốc và hai nghi phạm liên quan. Sau khi về Hàn Quốc, Dex vẫn nhận được các tin nhắn đe dọa trên Telegram từ trung tâm lừa đảo nơi anh trốn thoát. Sau thời gian do dự, Dex quyết định giao loạt ảnh, bảng tính, nhật ký trò chuyện cho giới chức, giúp cảnh sát mở cuộc điều tra quy mô lớn. Cảnh sát Hàn Quốc sau đó phát hiện hơn 100 đơn tố cáo bị lừa đảo, thiệt hại lên tới hàng tỷ won. Ông trùm họ Kang, một trong những người cầm đầu, đã bị cảnh sát Campuchia bắt vào tháng 2/2025 và đưa về Hàn Quốc cùng vợ. Kang từng bị Interpol phát truy nã đỏ từ năm 2024. Vợ Kang cũng bị truy nã với cáo buộc lừa đảo qua điện thoại. Để né tránh giới chức Hàn Quốc, các nghi phạm đã phẫu thuật thẩm mỹ thay đổi diện mạo. Dex phải trải qua nhiều tháng thẩm vấn và những đêm mất ngủ, nhưng rồi yên lòng vì ""những lời đe dọa chấm dứt sau khi cảnh sát bắt đầu bắt người"". Hiện anh làm việc tại một nhà máy sản xuất ghế ôtô ở quê nhà. Anh đã bớt sợ, nhưng bố mẹ vẫn tin rằng con trai trước đây chỉ đơn giản là đi Campuchia du lịch. Anh dự định sẽ tiếp tục giữ kín sự thật. Đức Trung (Theo CNN, ABC News, CBS News)",1,spam
Tôi cảm thấy như một tinh ranh vì tôi tiếp tục ngủ qua các văn bản và tin nhắn Facebook của bạn.,0,ham
"Cán bộ công an cảnh báo: Cảnh báo bẫy lừa đảo nạp tiền làm nhiệm vụ xem video Youtube, TikTok nhận tiền công. Sau khi nạn nhân nạp tiền tỷ vào hệ thống, các đối tượng viện lý do lỗi hệ thống để không cho rút tiền. Nạn nhân nên trình báo cơ quan công an gần nhất.",1,spam
Bạn có tài năng nhưng bạn đang lãng phí.,0,ham
WAN2 giành được một cuộc gặp gỡ+lời chào với Westlife 4 U hay M8?,1,spam
Nhập miễn phí vào comp comp £ 250 £ 250 của chúng tôi chỉ cần gửi từ nhập tới 84128 ngay bây giờ.,1,spam
"Mila, Age23, Tóc vàng, Mới ở Anh.",1,spam
Bạn đã giành được một khoản tiền mặt £ 1000 được đảm bảo hoặc giải thưởng Å £ 2000.,1,spam
Văn bản nhạc chuông miễn phí đầu tiên đến 87131 cho một poly hoặc văn bản được 87131 cho một giai điệu thực sự!,1,spam
Goldviking (29/m) đang mời bạn làm bạn của anh ấy.,1,spam
Số dư của bạn bây giờ là £ 500.,1,spam
Toshiba Portege M100 GD có phải không?,0,ham
La ó.,0,ham
Oh dang!,0,ham
Tôi là người đang thực hiện khảo sát SMS E ...,0,ham
"Ngày 26/8, Công an tỉnh Hà Tĩnh cho biết đã phối hợp với nhà chức trách Lào bắt Linh, 28 tuổi, trú tỉnh Thái Nguyên, theo lệnh truy nã đặc biệt. Nữ nghi phạm đang đối mặt các cáo buộc liên quan hành vi Mua bán người và Lừa đảo chiếm đoạt tài sản. Theo điều tra, năm 2023, Linh tổ chức, cầm đầu đường dây lừa đảo chiếm đoạt tài sản và mua bán người hoạt động tại đặc khu Tam giác Vàng, tỉnh Bokeo, Lào, với hơn 155 người Việt tham gia. Hàng ngày, Linh yêu cầu đồng phạm lập nhiều tài khoản Facebook giả, sử dụng hình ảnh, thông tin của người giàu có, doanh nhân hoặc người thành đạt để tiếp cận người dùng tại Việt Nam. Trên các tài khoản này, nhóm đăng hình ảnh về công việc, du lịch, tiệc tùng và cuộc sống xa hoa nhằm tạo vỏ bọc, gây dựng lòng tin. Sau vài ngày trò chuyện, nhóm chuyển sang tạo dựng quan hệ tình cảm, giả vờ yêu đương với nạn nhân. Khi chiếm được lòng tin, chúng mời đầu tư với cam kết lợi nhuận cao, dụ ""con mồi"" tham gia ứng dụng OYO rồi hướng dẫn chuyển tiền. Thành viên trong nhóm đánh vào tâm lý ham lợi nhuận và sự tin tưởng của nạn nhân để từng bước chiếm đoạt tài sản. Đường dây được tổ chức thành nhiều khâu, phân công nhiệm vụ cụ thể và hoạt động xuyên quốc gia. Ngoài lừa đảo chiếm đoạt tài sản, nhóm của Linh còn liên quan đến hoạt động mua bán người tại Tam giác Vàng, địa bàn phức tạp về tội phạm xuyên biên giới. Tháng 8/2024, Công an tỉnh Hà Tĩnh phối hợp với Bộ Công an, nhà chức trách Lào đột kích tòa cao ốc ở Tam giác Vàng, bắt giữ 155 người liên quan. Linh sau đó bỏ trốn và bị truy nã đặc biệt. Thời điểm đó, cơ quan điều tra cáo buộc, trong hơn một năm, đường dây đã lừa hàng chục nghìn bị hại ở Việt Nam, chiếm đoạt hàng trăm tỷ đồng. Trung bình, mỗi nghi phạm lừa hơn 200 bị hại, nạn nhân mất nhiều nhất là 5 tỷ đồng. Vụ án đang được điều tra mở rộng. Đức Hùng",1,spam
Câu lạc bộ video RT-King Pro >> Cần giúp đỡ?,1,spam
"Tình bạn không phải là một trò chơi để chơi, nó không phải là một từ để nói, nó không bắt đầu vào tháng 3 và kết thúc vào tháng 5, đó là ngày mai, hôm qua, hôm nay và e",0,ham
"[CẢNH BÁO LỪA ĐẢO] Cảnh báo chiêu trò lừa đảo lập trang web, fanpage giả mạo các hãng hàng không bán vé máy bay giá rẻ. Người dân chuyển tiền xong thì không nhận được vé và bị chặn mọi liên lạc. Cần hết sức cảnh giác để tránh mất tiền.",1,spam
"Bẫy lừa đảo đầu tư tài chính, chứng khoán quốc tế và sàn tiền ảo cam kết lợi nhuận khủng 30% mỗi tháng. Khi số tiền đầu tư lên cao, sàn báo lỗi sập hệ thống và chiếm đoạt toàn bộ tiền. Cần hết sức cảnh giác để tránh mất tiền.",1,spam
"Vụ án vừa được VKSND thành phố Lan Châu, tỉnh Cam Túc công bố dưới tên bị cáo đã được mã hóa, họ Vương. Theo đó, tháng 12/2025, sau khi tình cờ biết được một băng nhóm lừa đảo online cần ""rửa tiền"", Vương nghĩ: ""Đây là tiền bẩn, mình ăn cắp cũng không phạm pháp."" Vì vậy, Vương đã nói dối rằng anh ta có thể cung cấp thẻ ngân hàng để ""làm giả sao kê ngân hàng nhằm xin vay tiền"", từ đó dụ dỗ băng nhóm chuyển tiền vào tài khoản của mình. Sau khi nhận được 200.000 tệ (777 triệu đồng) mà nhóm lừa đảo chuyển, Vương đã chiếm đoạt số tiền này thông qua các giao dịch chuyển khoản và rút tiền và chi tiêu cá nhân hết. Vương bị truy tố Lừa đảo chiếm đoạt tài sản. Mới đây, sau một phiên tòa công khai, Vương bị tòa tuyên án 3 năm tù kèm khoản bồi thường là số tiền đã chiếm đoạt. VKS chỉ ra rằng trong thực tiễn tố tụng, một số người có quan niệm sai lầm nghiêm trọng rằng ""Tiền của các băng nhóm lừa đảo vốn dĩ là bất hợp pháp. Nên nếu tôi lừa đảo, cướp bóc hoặc biển thủ số tiền bị đánh cắp của chúng, đó chỉ là 'đánh kẻ ác', và nó không được coi là tội phạm."" Quan điểm này nghe có vẻ hợp lý, nhưng pháp luật không bao giờ nhìn nhận nó như vậy. Theo VKS, số tiền bị đánh cắp từ các băng nhóm lừa đảo về cơ bản là tiền mồ hôi nước mắt, tiền tiết kiệm hưu trí và quỹ tiết kiệm cả đời của những người dân bình thường đã bị lừa gạt. Nó không phải là tiền vô chủ, càng không phải là ""vùng xám"" có thể bị tịch thu tùy tiện. Luật nước này cũng quy định rằng nếu ai trộm cắp, cướp, lừa đảo, cướp tài sản, mà các tài sản này vốn là tang vật, lợi nhuận từ các vụ phạm tội thì sẽ bị truy tố và xét xử theo tội trộm cắp, cướp giật, lừa đảo như bình thường. Hải Thư (Theo The Paper)",1,spam
Thu thập cuối tuần Valentine của bạn đến chuyến bay & khách sạn Paris Inc + Å £ 200 được đảm bảo!,1,spam
Vừa gửi nó.,0,ham
"Hmm ... Dunno leh, Mayb A Bag 4 Goigng Out Dat không quá nhỏ.",0,ham
"Né gấp thủ đoạn này: Chiêu trò lừa đảo tuyển dụng cộng tác viên chốt đơn hàng online trên các sàn thương mại điện tử. Ban đầu đối tượng trả hoa hồng đầy đủ, sau đó yêu cầu nạp số tiền lớn hơn để làm nhiệm vụ rồi khóa tài khoản. Cần hết sức cảnh giác để tránh mất tiền.",1,spam
Nothin đến với tâm trí của tôi.,0,ham
Bố đã đi ra ngoài oredi ...,0,ham
"Em không khỏe, em bị sưng ở cổ họng ... anh đã làm gì vậy?",0,ham
88066 từ 88066 đã mất 3 pound trợ giúp,1,spam
Đúng!,0,ham
"Được rồi, cánh tay của tôi cảm thấy yếu vì tôi đã bị bắn để chúng ta có thể đi vào lúc khác",0,ham
Miễn phí không giới hạn khiêu dâm Hardcore trực tiếp 2 TXT di động của bạn khiêu dâm đến 69200 và được truy cập miễn phí trong 24 giờ sau đó chrgd@50p mỗi ngày TXT dừng 2Exit.,1,spam
\CẤP BÁCH!,1,spam
"Đối tượng cuối cùng trong vụ trốn khỏi trại tạm giam Kiên Giang đã bị bắt
Khoảng 4h sáng nay 8-12, biết mình không trốn khỏi sự vây bắt của lực lượng Công an nên Quân đã đến Công an phường An Khánh, Quận Ninh Kiều, TP Cần Thơ đầu thú sau 3 ngày trốn khỏi nơi giam giữ cùng 2 bị can khác.
Trước đó vào khoảng 1h sáng ngày 5-12, Quân cùng với 2 can phạm khác là Nguyễn Văn Hân (24 tuổi) phạm tội giết người và Nguyễn Duy Minh (40 tuổi), phạm tội mua bán trái phép chất ma túy đã rủ nhau khoét tường vượt rào trốn khỏi buồng giam của trại tạm giam Công an tỉnh Kiên Giang. Ngay sau đó Hân và Minh đã bị bắt giữ khi đang trốn chạy đến tỉnh An Giang.
Hiện cơ quan Cảnh sát điều tra đã ra quyết định khởi tố bị can đối với Quân, Hân và Minh và tiếp tục ra lệnh bắt tạm giam về hành vi trốn khỏi nơi giam giữ để xử lý nghiêm theo quy định của pháp luật.
Theo Văn Vũ
Công an nhân dân",0,ham
"Theo Bộ Y tế, hiện nay xuất hiện nhiều lời mời các cơ quan, tổ chức, doanh nghiệp mua/nhập khẩu vaccine phòng Covid-19 hoặc tiêm chủng cho người lao động, đối tác, khách hàng... Một số tổ chức, cá nhân tự nhận tiếp cận được nguồn vaccine của các hãng sản xuất hoặc mua được vaccine dư thừa. Người dân cũng nhận được lời mời đăng ký tiêm vaccine Covid-19 thông qua những hình thức quảng bá khác nhau. Vì vậy, Bộ Y tế khuyến cáo người dân cần cảnh giác trước những lời mời đăng ký tiêm vaccine lan truyền trên mạng xã hội, tin nhắn, tờ rơi và các hình thức quảng cáo khác. ""Tuyệt đối không tiêm chủng những loại vaccine Covid-19 trôi nổi, không rõ nguồn gốc xuất xứ, không được Bộ Y tế kiểm định, cấp phép"", Bộ Y tế cảnh báo. Bộ cũng khuyến cáo các địa phương, tổ chức, doanh nghiệp có nhu cầu nhập khẩu vaccine cần tiếp xúc đàm phán trực tiếp với các nhà sản xuất vaccine, hạn chế thông qua các bên trung gian. Trường hợp qua trung gian phải được xác nhận hoặc ủy quyền từ nhà sản xuất. Các loại vaccine sử dụng tại Việt Nam phải được Bộ Y tế cấp phép có điều kiện sử dụng cho nhu cầu cấp bách trong phòng, chống dịch. Mỗi lô vaccine khi nhập khẩu về Việt Nam phải được Cục Quản lý Dược, Bộ Y tế kiểm soát cấp phép lưu hành. Các lô vaccine nhập khẩu trước khi đưa ra sử dụng phải được Viện Kiểm định Quốc gia Vaccine và sinh phẩm y tế - Bộ Y tế kiểm định đạt tiêu chuẩn chất lượng và cấp giấy chứng nhận xuất xưởng. Tất cả vaccine đều phải được bảo quản trong hệ thống dây chuyền lạnh. ""Bộ Y tế đang tích cực đàm phán với các nhà sản xuất, các tổ chức quốc tế để mua và nhập khẩu số lượng lớn vaccine để tổ chức tiêm chủng cho tất cả công dân. Vaccine được tiêm chủng miễn phí vì vậy người dân cần bình tĩnh, hãy chờ đợi đến lượt mình được tiêm khi cơ quan y tế thông báo"", Bộ Y tế khẳng định. Việt Nam đã phê duyệt khẩn cấp ba loại vaccine Covid-19 là AstraZeneca (Anh), Sputnik V (Nga) và Sinopharm (Trung Quốc). Chính phủ bắt đầu triển khai chiến dịch tiêm phòng Covid-19 từ ngày 8/3, với vaccine của AstraZeneca. Đến nay, tổng số liều đã tiêm là 1.389.887, trong đó, số người đã được tiêm đủ hai mũi là 47.179.",1,spam
Ưu đãi Xmas!,1,spam
Tiền tôi đã giành được số thắng số 946 WOT tôi làm tiếp theo,1,spam
Một liên kết đến hình ảnh của bạn đã được gửi.,1,spam
"Ngày 10/8, Hương, 44 tuổi, trú xã Bình Minh, bị Phòng Cảnh sát hình sự Công an tỉnh Nghệ An khởi tố bị can, tạm giam để điều tra tội Lừa đảo chiếm đoạt tài sản, theo Điều 174 Bộ luật Hình sự. Theo điều tra, Hương làm nghề buôn bán hải sản. Năm 2025, do làm ăn thua lỗ, cần tiền trả nợ, Hương thuê nhà, mở cửa hàng kinh doanh hải sản tại xã Bình Minh (trước đây thuộc huyện Yên Thành) nhằm tạo vỏ bọc cho kế hoạch lừa đảo chiếm đoạt tài sản. Hương nhiều lần đưa ra thông tin cần huy động tiền để nhập hải sản, cam kết sau khi giao hàng thành công (5-30 ngày) sẽ chia lợi nhuận cho ""nhà đầu tư"" ở mức cao, khoảng 80 triệu đồng trên một tỷ đồng trong 5-10 ngày. Để tạo lòng tin, Hương lập các đơn hàng khống lên đến hàng trăm tấn, sau đó gửi cho các ""con mồi"". Nhiều người tin tưởng, chuyển hơn 50 tỷ đồng cho Hương góp vốn kinh doanh. Nhận tiền, Hương không dùng để nhập hàng như cam kết mà đem tiêu xài cá nhân. Đến cuối tháng 5, người này tuyên bố không còn khả năng chi trả, cắt đứt liên lạc với các ""nhà đầu tư"". Từ tố cáo của các nạn nhân, cảnh sát vào cuộc điều tra. Theo cơ quan điều tra, trong giai đoạn đầu, sau khi kêu gọi được các ""nhà đầu tư"" xuống tiền, Hương thường hoàn trả cả vốn lẫn lợi nhuận cao theo đúng thời hạn cam kết để tạo niềm tin. Khi nạn nhân đã tin tưởng, Hương tiếp tục đưa ra nhiều lý do để kêu gọi góp vốn với số tiền lớn hơn. Nhiều người tiếp tục bỏ thêm tiền cá nhân, thậm chí huy động tiền từ bạn bè để tham gia nhằm hưởng phần chênh lệch. Hương có tiền án về tội Tổ chức, môi giới cho người khác trốn đi nước ngoài hoặc ở lại nước ngoài trái phép và đang hoãn thi hành án. Đức Hùng",1,spam
"Tại sự kiện tuyên truyền về chống lừa đảo cùng Google ngày 26/6 ở Hà Nội, Đại tá Nguyễn Huy Lục, Trưởng phòng 5, Cục An ninh mạng và phòng, chống tội phạm sử dụng công nghệ cao (A05) - Bộ Công an, nêu các thủ đoạn lừa đảo mạng phổ biến tại Việt Nam. ""Rất nhiều phương thức, thủ đoạn tinh vi"", ông Lục đánh giá. Mạo danh cán bộ Công an, Viện Kiểm sát, Tòa án Kẻ gian giả danh cán bộ thuộc cơ quan công an, viện kiểm sát, tòa án gọi điện đe dọa nạn nhân liên quan đến các vụ đang điều tra, như rửa tiền, buôn bán trái phép chất ma túy. Chúng sau đó yêu cầu nạn nhân chứng minh sự trong sạch bằng cách chuyển tiền vào tài khoản chỉ định, hoặc tải ứng dụng giả mạo để chiếm quyền điều khiển thiết bị, cung cấp thông tin đăng nhập tài khoản ngân hàng, mã OTP để rút tiền. Lừa đảo thu hồi vốn treo Tự xưng là cán bộ thuộc lực lượng công an, hội luật sư, kẻ gian quảng cáo dịch vụ ""thu hồi vốn treo"" - tức giúp lấy lại tiền của người dân bị lừa qua mạng trước đó. Chúng tạo video, hình ảnh, trang web, ứng dụng và tài liệu giả để lấy lòng tin, sau đó đưa ra nhiều lý do để người dân chuyển khoản với số tiền lớn, từ đó thực hiện hành vi chiếm đoạt tài sản. ""Có người bị lừa số tiền lần sau còn cao hơn lần đầu"", ông Lục nói. Lừa đầu tư trên nền tảng giả mạo Một hình thức phổ biến là giả danh nhân viên của sàn thương mại điện tử, sàn đầu tư ngoại hối, tiền ảo, tài chính quốc tế gọi điện thoại cho nạn nhân kêu gọi đầu tư lợi nhuận cao. Theo đại diện A05, kẻ gian sử dụng các trang web, nền tảng giả mạo và hội nhóm mạng xã hội để thao túng nhà đầu tư, chỉnh sửa lệnh cho nạn nhân dễ dàng thắng những khoản đầu tư nhỏ ban đầu. Khi họ đổ vào khoản tiền lớn, chúng sẽ đánh ""cháy"" tài khoản hoặc đánh sập sàn. Lừa đảo tình cảm trục lợi tài chính Đây là hình thức được cảnh báo thời gian dài, nhưng vẫn có nhiều người mắc bẫy. Kẻ gian giả danh các cá nhân có ngoại hình đẹp, tạo dựng lòng tin thông qua tin nhắn trên mạng xã hội, ứng dụng OTT. Chúng lấy lý do để không gặp mặt trực tiếp, sau đó lừa nạn nhân tham gia vào ứng dụng, trang web cờ bạc hoặc đầu tư giả mạo. Người dùng ban đầu có thể thắng số tiền nhỏ và rút được tiền về để tạo lòng tin. Sau đó, họ bị thúc giục nạp thêm để gia tăng lợi nhuận. Khi số tiền đủ lớn, kẻ gian lấy lý do để khóa tài khoản, yêu cầu nạp thêm nếu muốn mở khóa, hoặc hứa hẹn cho rút tiền nhằm chiếm toàn bộ tài sản và cắt đứt liên lạc. Lừa đảo thanh toán dịch vụ Hình thức này xuất hiện nhiều năm, nhưng liên tục thay đổi kịch bản khiến người dùng mắc bẫy. Ví dụ, trong những ngày hè nắng nóng, ông Lục cho biết kẻ gian có thể mạo danh công ty điện lực dọa cắt điện, khiến người dùng dễ sập bẫy. Ngoài ra, chúng có thể giả danh công ty cấp thoát nước, viễn thông và gọi điện, nhắn tin yêu cầu thanh toán tiền dịch vụ định kỳ, hoặc cập nhật thông tin. ""Chúng dọa sẽ ngừng cung cấp dịch vụ nếu không làm theo yêu cầu, sau đó yêu cầu nạn nhân cài ứng dụng giả mạo, từ đó đánh cắp thông tin cá nhân, tài khoản ngân hàng để chiếm đoạt tài sản"", đại diện Bộ Công an khuyến cáo. Mạo danh cơ sở giáo dục Đây là thủ đoạn được ghi nhận nhiều thời gian qua. Kẻ gian giả nhân viên cơ sở giáo dục, gọi điện cho sinh viên hoặc phụ huynh, thông báo về việc đủ điều kiện nhận học bổng du học nước ngoài, được hoàn tiền học phí hoặc có thể tham gia trại hè thuộc các trường công an, quân đội. Chúng yêu cầu nạn nhân thực hiện nhiệm vụ online, hoặc khi đăng ký học bổng, hoàn tiền học phí phải có bằng chứng để chứng minh tài chính hoặc đặt cọc ngay lập tức để đảm bảo giữ học bổng, từ đó ép nạn nhân chuyển tiền gấp hoặc bấm vào liên kết độc hại để đánh cắp thông tin chi tiết ngân hàng và mã xác thực OTP. Lừa đảo mua bán và du lịch trực tuyến Lợi dụng nhu cầu mua bán, du lịch của nhiều người dùng, kẻ gian giả danh người bán và đại lý du lịch hợp pháp bằng cách tạo trang web và trang mạng xã hội giả mạo, đưa ra ưu đãi hấp dẫn để dụ dỗ nạn nhân đặt cọc. Sau khi nhận tiền đặt cọc, chúng gửi email hoặc tin nhắn thông báo lỗi chuyển khoản và yêu cầu thanh toán thêm, sau đó chặn liên lạc và chiếm đoạt tiền. Để đấu tranh, phòng chống tội phạm trực tuyến, đại diện Bộ Công an cho biết đã triển khai nhiều biện pháp, như hoàn thiện hệ thống chính sách, pháp luật; tăng cường công tác quản lý nhà nước trên lĩnh vực viễn thông, Internet, công nghệ thông tin. Bộ cũng ứng dụng công nghệ và chuyển đổi số trong phòng chống tội phạm, nghiên cứu và xây dựng giải pháp phản ứng nhanh khi xảy ra tình huống lừa đảo trực tuyến; tuyên truyền với 500 triệu tin nhắn SMS cảnh báo tới người dân, hợp tác với Google để nâng hiệu quả thực hiện chiến dịch tuyên truyền. Bộ cho biết đã điều tra, xử lý các vụ lừa đảo có tính chất điển hình, xuyên quốc gia, công nghệ cao, trong đó tháng 1/2024 triệt phá đường dây lừa đảo trực tuyến qua hình thức ""tuyển cộng tác viên mua hàng online"" tại khu vực đặc khu kinh tế Tam giác vàng; triệt phá ổ nhóm giả danh công an gọi điện yêu cầu cập nhật VNeID để lừa đảo chiếm đoạt tài sản vào tháng 1/2025. Lưu Quý",1,spam
500 tin nhắn văn bản miễn phí.,1,spam
Hãy sẵn sàng để đặt khuôn mặt phụ xuất sắc của bạn :),0,ham
Có gì trên đó.,0,ham
Tôi nghĩ rằng bạn có số sai.,0,ham
Argh tại sao cái chết tiệt là không ai trong thị trấn; _;,0,ham
Romcapspam mọi người xung quanh nên đáp ứng tốt với sự hiện diện của bạn vì bạn rất ấm áp và hướng ngoại.,1,spam
"Không, nhưng bạn đã nói với tôi rằng bạn sẽ đi, trước khi bạn say rượu!",0,ham
* Miễn phí* Nhạc chuông đa âm văn bản Super đến 87131 để có được giai điệu poly miễn phí của bạn trong tuần ngay bây giờ!,1,spam
"Cập nhật mới nhất: Các trường đại học đẩy mạnh hợp tác với doanh nghiệp nhằm nâng cao chất lượng đào tạo thực hành, tạo điều kiện cho sinh viên có việc làm ngay sau khi tốt nghiệp. Chi tiết xem tại cổng thông tin chính thức.",0,ham
"Xin chào tôi,!",0,ham
Miễn phí> Nhạc chuông!,1,spam
"Tôi đoán bạn có thể là một cái cớ tốt như bất kỳ, lol.",0,ham
Bạn vẫn đi đến trung tâm mua sắm?,0,ham
EastEnders TV Quiz.,1,spam
"Tôi đang ở trong phim, tôi sẽ gọi cho bạn sau.",0,ham
Có lẽ sẽ vung trong một chút,0,ham
Số khuyến mãi: 8714714 - UR đã trao giải thưởng thành phố và có thể giành được một cuộc mua sắm mùa hè £ 200 £ 200 mỗi tuần.,1,spam
FYI Tôi sẽ gọi bạn là bắt đầu một cách rời rạc tại như & lt;#& gt;,0,ham
"Cán bộ công an cảnh báo: Đối tượng lừa đảo giả danh công an phường hướng dẫn cài đặt ứng dụng Dịch vụ công trực tuyến giả mạo (file .apk). Khi cài đặt, ứng dụng chứa mã độc tự động chiếm quyền điều khiển điện thoại và rút sạch tiền ngân hàng. Cần hết sức cảnh giác để tránh mất tiền.",1,spam
"Bạn có muốn xem các bức ảnh xxx của tôi, họ rất nóng, họ gần như bị cấm ở Anh!",1,spam
"Né gấp thủ đoạn này: Cảnh báo chiêu trò lừa đảo lập trang web, fanpage giả mạo các hãng hàng không bán vé máy bay giá rẻ. Người dân chuyển tiền xong thì không nhận được vé và bị chặn mọi liên lạc. Cần hết sức cảnh giác để tránh mất tiền.",1,spam
Có những gì cần 2 tham gia vào cuộc biểu tình WRC ở Oz?,1,spam
Hãy sẵn sàng cho & lt;#& gt;,0,ham
Tôi có thể gặp ì_ lúc 5 .. vì 4 trong đó phụ thuộc vào nơi Ì_ wan 2 trong lor ..,0,ham
Mang về nhà một số wendy = d,0,ham
Shuhui nói thay đổi 2 tàu hơi nước Suntec?,0,ham
Tôi không nghĩ đó là một cuộc gọi sai giữa chúng tôi,0,ham
Tôi máy bay để cho vào cuối tháng này.,0,ham
Đến phòng của chúng tôi vào một lúc nào đó để chúng tôi có thể giải quyết kế hoạch cho cuối tuần này,0,ham
Đã đến cửa hàng váy Ganesh,0,ham
Né gấp thủ đoạn này: Cảnh báo chiêu trò giả danh nhân viên viễn thông thông báo khóa sim 2 chiều nếu không chuẩn hóa thông tin thuê bao. Đối tượng hướng dẫn làm theo cú pháp để chiếm quyền kiểm soát sim ngân hàng. Mọi người tuyệt đối không làm theo!,1,spam
Xin chúc mừng!,1,spam
Tôi nên đi thẳng đến đó hay sao,0,ham
Khẩn cấp khẩn cấp!,1,spam
Để có cơ hội để giành được Å £ 250 tiền mặt mỗi txt: hành động đến 80608.,1,spam
"Né gấp thủ đoạn này: Chiêu trò lừa đảo tuyển dụng cộng tác viên chốt đơn hàng online trên các sàn thương mại điện tử. Ban đầu đối tượng trả hoa hồng đầy đủ, sau đó yêu cầu nạp số tiền lớn hơn để làm nhiệm vụ rồi khóa tài khoản. Nạn nhân nên trình báo cơ quan công an gần nhất.",1,spam
"Chắc chắn, nếu tôi nhận được một sự thừa nhận từ bạn rằng điều đó thật đáng kinh ngạc và nói chung là không thích",0,ham
"Vì vậy, ì_ trả trước lần cuối cùng ... thì khi nào là cổ phiếu ...",0,ham
Bạn thân mến đã được mời đến xchat.,1,spam
"Cảm ơn đơn đặt hàng nhạc chuông của bạn, số tham chiếu x29.",1,spam
Không. Bạn đã nhắn tin cho họ hay e-mail?,0,ham
"[CẢNH BÁO LỪA ĐẢO] Thủ đoạn lừa đảo mua bán hàng trả góp, xe máy thanh lý giá rẻ trên MXH. Đối tượng yêu cầu đặt cọc trước từ 2 đến 5 triệu để giữ xe rồi chặn liên lạc ngay khi nhận được tiền cọc. Cần hết sức cảnh giác để tránh mất tiền.",1,spam
Bạn cũng không nhận được bạn xin chào hi hi hi,0,ham
"[CẢNH BÁO LỪA ĐẢO] Bẫy lừa đảo đầu tư tài chính, chứng khoán quốc tế và sàn tiền ảo cam kết lợi nhuận khủng 30% mỗi tháng. Khi số tiền đầu tư lên cao, sàn báo lỗi sập hệ thống và chiếm đoạt toàn bộ tiền. Hãy chia sẻ cho người thân cùng biết.",1,spam
"Hai mươi năm qua, anh ấy nói rằng chuyến tàu này đã đến Durham hoặc không vì tôi đang ngồi ở một chỗ ngồi dành riêng",0,ham
"Thân gởi các bạn yêu quý! tôi nghĩ các bạn nên bỏ ra vài phút để đọc bài này, có thể lúc nào đó ta cần đến nó cho chính mình, bạn bè hoặc người thân,

Tôi có người bạn một người mắc chứng bệnh nan y: ung thư Gan và di căn Phổi. Bác sĩ nói về nhà ăn uống chờ chết, không thể chữa trị vì đã di căn,

Tôi những tưởng số phận đã an bày cho anh ấy.Trong cơn tuyệt vọng và suy sụp tinh thần ấy, anh lại được một đứa em đang theo học y khoa bên Úc và các nhà nghiên cứu của tập đoàn Unicity đã đông viên anh, chia sẻ tài liệu chữa trị bệnh ung thư bằng phương pháp dưới đây:

- Không ăn đường, không ăn thịt, cá, cơm, chỉ uống nước xay bằng rau, củ như củ cà rốt, của cải, củ dền, cam, táo ...Bên cạnh dùng thêm các sản phẩm dinh dưỡng hổ trợ khác.

Sau ba tháng uống liên tục Bây giờ anh thấy mình khoẻ mạnh làm việc và ăn uống bình thường, không còn đau đớn và vật vả như trước. Anh cũng từng hóa trị và xạ trị nha các bạn.

- Bốn người ban cùng chứng bệnh ung thư như anh chữa bằng phương pháp.Tây y đã lần lượt ra đi...

Thực tế, khi tế bào ung thư đã không được nuôi dưỡng bằng thịt bò, đường, sữa,... thì nó không thể tồn tại được. Vì thế chúng ta đừng tạo cơ hội nó sống trong cơ thể mình.

Một tài liệu nói về bịnh Ung thư của Bệnh viện Johns Hopkins, trường đại học Baltimore, Maryland ở Hoa Kỳ.

Bài viết rất ngắn này có giá trị nên ta đọc đi đọc lại và chia sẻ cho nhiều người cùng tham khảo nhé!

- Tài liệu thảo luận của CFQ (Cercle Francophone à Quinhon) ngày 21/3/2013

Một trong những bệnh viện nổi tiếng nhất trên thế giới đã thay đổi quan điểm của mình về bệnh ung thư. Bệnh viện Johns Hopkins thuộc trường đại học Baltimore, Maryland ở Hoa Kỳ. Được thành lập nhờ tài trợ từ John Hopkins, ngày hôm nay nó là một trong những bệnh viện nổi tiếng nhất trên thế giới và năm thứ 17 liên tiếp được phân loại ở vị trí đầu tiên trong bảng xếp hạng của các bệnh viện tốt nhất tại Hoa Kỳ.

Sau nhiều năm, đối với mọi người hóa trị liệu là cách duy nhất để điều trị và loại bỏ ung thư, Thì nay Bệnh viện Johns Hopkins đã bắt đầu nói với mọi người rằng có những lựa chọn thay thế khác với hóa trị liệu một cách hiệu quả hơn để chống lại ung thư là:
+ ""Không nuôi các tế bào ung thư với các chất dinh dưỡng cần thiết cho nó để nó không phát triển được"".

THỨC ĂN CỦA TẾ BÀO UNG THƯ

A/- ĐƯỜNG là một loại thực phẩm của bệnh ung thư. Không tiêu thụ đường là cắt bỏ một trong những nguồn thực phẩm quan trọng nhất của các tế bào ung thư. Có sản phẩm thay thế đường như saccharin, nhưng chúng được làm từ Aspartame và rất có hại.

- Tốt hơn nên thay thế đường bằng mật ong Manuka hay mật đường nhưng với số lượng nhỏ. Muối có chứa một hóa chất phụ gia để xuất hiện màu trắng. Một lựa chọn tốt hơn cho muối trắng là muối biển hoặc các loại muối thực vật.

B/- SỮA làm cho cơ thể sản xuất chất nhầy, đặc biệt là trong đường ruột. Tế bào ung thư ăn chất nhầy.

- Loại bỏ sữa và thay thế bằng sữa làm từ các loại đậu như: đậu nành, đậu xanh,... các tế bào ung thư không có gì để ăn, vì vậy nó sẽ chết.

C/- Các tế bào ung thư thường trưởng thành trong môi trường axit. Một chế độ ăn uống tuyệt đối không nên dùng là THịT, CÁ ĐỎ có tính axit cao.

- Tốt nhất là ăn cá, và một chút thịt gà thay vì thịt bò hay thịt heo. Hơn nữa, thịt chứa kháng sinh, hormon và ký sinh trùng, rất có hại, đặc biệt đối với những người mắc bệnh ung thư. Protein thịt khó tiêu hóa và đòi hỏi nhiều enzym. Thịt không tiêu hóa ở lại và hư hỏng trong cơ thể dẫn tới tạo ra các độc tố nhiều hơn.

GÓP PHẦN GIẢI QUYẾT VẤN ĐỀ

a) Một chế độ ăn uống gồm 80% rau quả tươi và nước ép, ngũ cốc, hạt, các loại hạt quả, quả hạnh nhân và một ít loại trái cây. Đặt cơ thể chúng ta trong môi trường kiềm. Chúng ta chỉ nên tiêu thụ 20% thực phẩm nấu chín, bao gồm cả đậu. Nước ép rau tươi cung cấp cho cơ thể co-enzyme có thể dễ dàng hấp thu và ngấm vào các tế bào 15 phút sau khi được tiêu thụ để nuôi dưỡng và giúp định hình các tế bào khỏe mạnh. Để có được các enzyme sống, giúp xây dựng các tế bào khỏe mạnh, chúng ta phải cố gắng uống nước ép rau (tất cả, bao gồm cỏ linh thảo) và ăn nhiều rau quả tươi 2 hoặc 3 lần mỗi ngày.

b) Không nên dùng CÀ PHÊ, TRÀ và SÔ CÔ LA có chứa nhiều caffeine. TRÀ XANH là một lựa chọn tốt hơn vì có chất chống ung thư. Tốt nhất là uống nước có pha Diệp lục hay tinh khiết hoặc nước lọc để tránh các chất độc và kim loại nặng trong nước thường. Không uống nước cất vì nước này có chứa axit.

c) Các thành tế bào ung thư được bao phủ bởi một loại protein rất cứng. Khi không ăn thịt, những thành tế bào sẽ phóng thích nhiều enzim hơn, tấn công các protein của các tế bào ung thư và cho phép hệ thống miễn dịch tiêu diệt các tế bào ung thư.

d) Một số chất bổ sung giúp xây dựng lại hệ thống miễn dịch: Floressence, Essiac, chất chống oxy hóa, vitamin, khoáng chất, EPA, dầu cá … giúp các tế bào để chiến đấu và tiêu diệt các tế bào ung thư. Các chất bổ sung khác như vitamin E được biết đến bởi vì nó gây ra apoptose, cách bình thường của cơ thể để loại bỏ các tế bào vô dụng hoặc bị lỗi.

e) Ung thư là một căn bệnh của cơ thể, tâm trí và tinh thần. Một thái độ sinh hoat và hoạt động tích cực hơn sẽ giúp các bệnh nhân ung thư chiến đấu và sống còn.

- ""Giận dữ và không hiểu biết, không tha thứ sẽ đặt cơ thể mình vào tình trạng căng thẳng và một môi trường axit"".
- Học cách ""Tha thứ và cho đi"" để có tâm hồn khả ái và yêu thường với một thái độ sống tích cực là rất có lợi cho sức khỏe. Học thư giãn và tận hưởng cuộc sống.

f) Các tế bào ung thư không thể sống trong một môi trường dưỡng khí đầy đủ/ Luyện tập thể dục hàng ngày, hít thở sâu giúp lấy thêm nhiều oxy vào các tế bào. Liệu pháp oxy là một yếu tố giúp tiêu diệt các tế bào ung thư.

g) Các hoá chất như dioxin gây ung thư, đặc biệt là ung thư vú. Dioxin rất có hại, đặc biệt là đối với các tế bào cơ thể.
Đừng để trong tủ lạnh hay lò vi sóng chai nước nhựa, đồ nhựa bởi vì nhựa sẽ ""đổ mồ hôi"" dioxin và làm nhiễm độc nước uống, thức ăn,...

Gần đây, Tiến sĩ Edward Fujimoto, Giám đốc chương trình Wellness ở bệnh viện Castle, xuất hiện trong một chương trình truyền hình giải thích sự nguy hiểm của dioxin.

Ông nói rằng ""Chúng ta không nên đặt hộp nhựa trong microwave, đặc biệt là các loại thực phẩm có chứa chất béo. Ông nói rằng do sự kết hợp của chất béo và nhiệt lượng cao, nhựa sẽ truyền dioxin vào thực phẩm và do đó vào cơ thể chúng ta. Thay vào đó, bạn có thể sử dụng thủy tinh như Pyrex hoặc gốm sứ để đun nấu"".

Các thành phần bổ sung dinh dưỡng có ích trên được các nhà nghiên cứu của Tập đoàn Unicity (Hoa Kỳ) liên tục nghiên cứu đưa vào các sản phẩm mình một cách an toàn tốt nhất. Nhằm phục vụ một cách hoàn hảo cho nhân loại.

""Hãy vui lòng chia sẻ bài viết này với tất cả bạn bè của bạn.""

Tôi & Bạn st
Nguồn st",1,spam
"Dụ em gái cosplay mới quen gửi ảnh trong bồn tắm, chàng trai sốc tận não khi nàng trút bỏ xiêm y
Lúc cosplay thì rõ xinh xắn vậy mà lúc sau nàng lại biến thành một người hoàn toàn khác khiến thanh niên chỉ còn biết câm nín khô lời.
Mê mẩn thiếu nữ cosplay dễ thương, anh chàng xin số làm quen…
…để rồi nhận cái kết đắng khi nhìn thấy bức ảnh sau khi tắm gội của “nàng”.
Có ai thích con gái tóc dài không?
Chiếc túi “Hơi-mệt” gây xôn xao cộng đồng mạng những ngày qua.
Ông bố nhọ nhất năm đây rồi!
Thanh niên yêu thích màu “hường” mơ mộng giữa phố.
Anh em giải thích xem cái vòi xuất hiện trong thiết kế quần “chip” này để làm gì vậy?
Nhà em không có gì ngoài điều kiện các bác ạ!
Chỉ là một bức tranh để troll nhau thôi mà.
Xem thêm: Xoắn quẩy vì soái ca sơ mi trắng, triệu thiếu nữ vỡ tim khi nhìn xuống phát hiện điểm xấu hổ ngay ‘hạ bộ’ của chàng
Nhà sách ế ẩm, nhân viên nghĩ ra trò chơi thú vị này đây.
Hôm nay hơi vội nên ông già Noel xỏ nhầm giày của vợ!",1,spam
"Gấu pic nick, và Tom, Pete và ... Dick.",1,spam
Thx.,0,ham
"Tố giác chiêu trò: Thủ đoạn lừa đảo cho vay tiền online qua app với lãi suất siêu thấp, không cần thế chấp. Tuy nhiên đối tượng bắt đóng nhiều khoản phí hồ sơ, phí bảo hiểm khoản vay rồi ôm tiền mất tích. Mọi người tuyệt đối không làm theo!",1,spam
"Ngày 21/6, Cơ quan An ninh điều tra Công an TP HCM đã bắt tạm giam Fan HaiMing, Cao JiaLiang và Nguyễn Hồng Thảo Nhi (34 tuổi) để điều tra về tội Tổ chức cho người khác ở lại Việt Nam trái phép. Trước đó, ngày 17/6, dưới sự chỉ đạo trực tiếp của Giám đốc Công an TP HCM, 22 tổ công tác do Phòng Quản lý xuất nhập cảnh chủ trì, phối hợp các đơn vị nghiệp vụ và công an địa phương đồng loạt kiểm tra các cơ sở lưu trú. Tại căn nhà ở phường Hiệp Bình, cảnh sát phát hiện 42 người quốc tịch Trung Quốc lưu trú sai quy định. Nhà chức trách thu giữ 132 điện thoại di động, 77 máy tính bảng, 7 máy tính xách tay cùng nhiều thiết bị mạng, viễn thông phục vụ hoạt động lừa đảo trực tuyến. Cơ quan điều tra xác định đây là nơi nhóm người nước ngoài tập kết nhân sự, ăn ở tập trung theo mô hình khép kín. Những người này thuê nguyên căn nhà, lắp đặt internet tốc độ cao, trang bị giường tầng nhằm vận hành đường dây lừa đảo nhắm đến công dân Trung Quốc. Fan HaiMing được giao quản lý nhân sự, theo dõi và duy trì kỷ luật nội bộ; Cao JiaLiang phụ trách hậu cần, quản lý việc ra vào. Nhi được thuê tìm địa điểm, cải tạo không gian sinh hoạt tập trung. Theo cơ quan điều tra, những người được đưa đến đây bị kiểm soát đi lại chặt chẽ, mọi hoạt động đều chịu sự điều hành từ nước ngoài. Tội phạm dời 'căn cứ' từ Campuchia sang Việt Nam Cơ quan điều tra nhận định thời gian qua, khi Campuchia tăng cường trấn áp, nhiều băng nhóm tội phạm do người Trung Quốc cầm đầu có xu hướng dịch chuyển địa bàn hoạt động sang Việt Nam. Hơn một tháng trước, Công an TP HCM phối hợp Công an phường Thuận Giao kiểm tra Nhà nghỉ Bảo Ly, phát hiện 85 công dân Trung Quốc lưu trú không khai báo. Cảnh sát thu giữ khoảng 200 máy tính, laptop, hơn 550 điện thoại di động cùng nhiều thiết bị điện tử khác. Kết quả điều tra xác định Dai Fei (còn gọi Lei Long), Hu Guoyu và Zhou Wendong được chỉ đạo sang Việt Nam khảo sát địa điểm, thuê cơ sở lưu trú, lắp đặt hệ thống mạng, chuẩn bị cơ sở vật chất, máy móc và tổ chức đưa người từ Trung Quốc sang. Theo cơ quan điều tra, mục đích của nhóm này là hình thành một trung tâm hoạt động lừa đảo trên không gian mạng. Quá trình kiểm tra dữ liệu điện tử, cơ quan điều tra phát hiện nhiều tài liệu, kịch bản lừa đảo chiếm đoạt tài sản trên không gian mạng dưới các hình thức giả danh thương mại điện tử, đầu tư tài chính, đầu tư chứng khoán và nhiều thủ đoạn khác. Hay hôm 8/6, công an tiếp tục phát hiện 83 người Trung Quốc, phần lớn nhập cảnh trái phép từ Campuchia, tụ tập tại khách sạn Emerald Gold ở phường Bình Dương. Liên quan vụ án này, cơ quan điều tra đã khởi tố Dai Fei, Hu Guoyu, Zhou Wendong, Quách Thị Huế, Phạm Thanh Sơn và Phạm Thị Huỳnh Như về hành vi Tổ chức cho người khác ở lại Việt Nam trái phép. Trong đợt cao điểm 45 ngày đêm rà soát, làm sạch địa bàn, Công an TP HCM đã kiểm tra 1.616 cơ sở lưu trú, phát hiện 160 nơi vi phạm quy định khai báo lưu trú và gần 311 trường hợp người nước ngoài vi phạm quy định về xuất nhập cảnh, lao động trái phép hoặc đánh bạc. Cơ quan điều tra đã khởi tố 8 vụ án với 26 bị can gồm 9 người nước ngoài, 6 chủ hoặc quản lý cơ sở lưu trú và 7 người môi giới. Theo Công an TP HCM, việc rà soát sẽ được duy trì thường xuyên nhằm ngăn chặn các băng nhóm lừa đảo xuyên quốc gia lợi dụng chính sách hội nhập, du lịch để hoạt động trên địa bàn thành phố. Quốc Thắng",1,spam
Có thể gọi cho tôi lúc 10:10 để đảm bảo rằng tôi đã thức dậy ...,0,ham
"Cán bộ công an cảnh báo: Đối tượng lừa đảo giả danh công an phường hướng dẫn cài đặt ứng dụng Dịch vụ công trực tuyến giả mạo (file .apk). Khi cài đặt, ứng dụng chứa mã độc tự động chiếm quyền điều khiển điện thoại và rút sạch tiền ngân hàng. Hãy chia sẻ cho người thân cùng biết.",1,spam
"Xin chào, đây là cuộc gọi của Mandy Sullivan từ Hotmix FM ... bạn được chọn để nhận Å £ 5000.00 trong lần rút giải thưởng Phục sinh của chúng tôi ..... vui lòng gọi điện thoại 09041940223 để yêu cầu trước ngày 29/03/05 hoặc giải thưởng của bạn sẽ được chuyển cho ai đó",1,spam
I.ll cho cô ấy một khi tôi có nó.,0,ham
Bạn trong thị trấn một mình?,0,ham
theo đó.,1,spam
Bạn đã giành được một giải thưởng £ 200 được đảm bảo hoặc thậm chí Å £ 1000 Cash để nhận Giải thưởng UR Gọi miễn phí theo số 08000407165 (18+) 2 Stop GetStop trên 88222 PHP.,1,spam
"Thật tuyệt vời: Nếu bạn sắp xếp lại những chữ cái này, nó mang lại cùng một ý nghĩa ... Dormitory = Phòng thiên văn phòng bẩn = Moon Starer The Eyes = Họ thấy kết quả bầu cử = Lies cho phép kể lại mẹ chồng = Woman Hitler Eleven cộng với hai = mười hai cộng với một người của nó",0,ham
"Ngày 16/9, Công an tỉnh Cao Bằng cho biết đã khởi tố 39 người để điều tra về tội Sử dụng mạng máy tính, mạng viễn thông, phương tiện điện tử để thực hiện hành vi chiếm đoạt tài sản. Từ tháng 2/2025, nhóm này làm việc gần cửa khẩu Bavet - Mộc Bài với nhiệm vụ giả danh công an, hướng dẫn cài đặt ứng dụng VNeID giả mạo có chứa mã độc để chiếm quyền điều khiển điện thoại, rút tiền trong tài khoản ngân hàng và chứng khoán của nạn nhân. Vân Anh - Phạm Dự",1,spam
"Free2day sexy St George's Day Pic of jordan! Txt pic to 89080 đừng bỏ lỡ, sau đó mỗi wk a daicy celeb! 4 bức ảnh nữa",1,spam
Số dư của bạn bây giờ là £ 600.,1,spam
Lol không.,0,ham
5p 4 con của Alfie Moon đang cần bài hát trên mob của bạn.,1,spam
Tôi biết bạn đang phục vụ.,0,ham
"Không, tôi không lái xe ... Tôi không phát triển ảnh da lei ...",0,ham
"Khiếp sợ với chiếc mũi biến dạng kinh dị, người đàn ông khiến cả phòng phẫu thuật ám ảnh khi vừa chạm kéo là cảnh tượng…
Sau nhiều năm bị dè bỉu vì chiếc mũi “khủng” kinh dị, người đàn ông khiến nhiều người phải sửng sốt sau khi phẫu thuật xong.
Tibor, 52 tuổi một người đàn ông Slovakia, với chiếc mũi “khủng” có thể là to nhất thế giới khiến nhiều người nhìn thấy không khỏi kinh hãi. Chiếc mũi của ông biến dạng và nổi to bất thường suốt nhiều năm, làm cho cuộc sống, công việc gặp nhiều khó khăn.
Chiếc mũi to bất thường và biến dạng khiến khuôn mặt trở lên kì dị, nỗi sợ hãi với người đối diện.
Bất kì ai nhìn thấy “chiếc mũi khổng lồ”, biến dạng kinh dị này của ông đều rất sợ hãi và e ngại khi phải đối diện hay tiếp xúc. Chính vì vậy, ông đã phải sống thiếu tự tin suốt nhiều năm với khuôn mặt bị khuyết điểm này.
Chiếc mũi biến dạng kì dị khiến cuộc sống của ông gặp nhiều khó khăn.
Làm nghề sửa ống nước, hầu hết các khách hàng của ông đều rất sợ mỗi khi nhìn thấy chiếc mũi to bất thường này. Thực tế, để phẫu thuật chiếc mũi trở về với hình dáng bình thường là điều không khó, tuy nhiên Tibor lại là một người rất sợ dao kéo.
Tuy vậy, những thuyết phục của người thân và những sự mặc cảm thiếu tự tin trong cuộc sống bao nhiêu năm đã giúp ông đưa ra quyết định. Ca phẫu thuật được tiến hành, nhiều người mong chờ kết quả sẽ có nhiều thuận lợi và như ý muốn.
Tibor đã rất khó khăn khi đứa ra quyết đinh phãu thuật chiếc mũi dị dạng của mình.
Mọi người luôn mong đợi kết quả phẫu thuật sẽ khiến ông tự tin hơn về ngoại hình.
Chứng bệnh kì lạ mà Tibor gặp phải có tên là mũi sư tử, căn bệnh này thường sẽ xuất hiện ở những người bị viêm da đỏ mặt trong nhiều năm. Chúng không chỉ ảnh hưởng đến ngoại hình của người bệnh, thậm chí còn gây ra chứng giảm thị giác, có thể dẫn đến mù lòa.
Sau phẫu thuật, chiếc mũi dị dạng được cắt bỏ, ông có thể hoàn toàn tự tin hơn về ngoài hình, và làm tốt công việc của mình.",1,spam
"Tôi đã bị bắt vì sở hữu, tôi không biết bạn, & lt; Time & gt;",0,ham
Có 10 MTH di động của bạn không?,1,spam
"Sốc với những loại “bùa ngải” có thật dấu hiệu khi bị dính và đây là cách phòng tránh !
Bùa ngải luôn là một phạm trù bí ẩn đối với con người. Trên thế giới, có rất nhiều lời đồn đại về bùa ngải, thậm chí có người từng chứng kiến tận mắt. Vậy làm sao để nhận biết khi bị dính bùa ngải và cách nào để phòng tránh?
Trên thực tế, đã có một số công trình nghiên cứu khoa học chứng minh bùa ngải là có thật. Bùa ngải trước đây chủ yếu được dùng để thể hiện khát khao đạt được những điều tốt lành: bùa cầu bình an, ngải chữa bệnh…
Tuy nhiên, cuộc sống quá nhiều bon chen, cám dỗ, ghen ghét, đố kỵ khiến ý nghĩa tốt đẹp ban đầu bị bóp méo, giờ đây nhắc tới bùa ngải, thứ hiện lên trong đầu mọi người chỉ là những thứ rất đáng sợ, những cơn đau dữ dội, tâm thần bấn loạn, mất trí,…
1. Đề phòng bị dính bùa ngải
Dù không hề mong muốn điều này xảy ra, nhưng các bạn cũng nên đề cao cảnh giác, có những biện pháp phòng ngừa cho bản thân, tránh những điều không may xảy ra với mình.
Khi bạn phải đi vào những nơi nhạy cảm, đi lên vùng núi, miền sâu…nếu sợ bị chuốc ngải, bạn nên mang theo một vật rất âm bên mình, ví dụ như mang tỏi hoặc lấy một ít phân ngỗng phơi khô, mang theo bên cạnh. Vì theo nguyên lý âm dương thì âm sẽ chống lại âm, ngỗng và tỏi là những loài sinh vật mang nhiều tính âm.
Cần cảnh giác khi tiếp xúc với người lạ, khi uống trà nếu tách trà bằng sứ nghi ngút khói mà tách lại lạnh toát thì tuyệt đối không được uống.
Khi được mời uống trà, uống nước, liếc xuống xem, nếu ly trà không thấy đáy hoặc không phản ánh hình ảnh của mình thì có thể đã bị chuốc ngải.
Đừng để người lạ biết được ngày sinh tháng đẻ của mình bởi yếu tố tiên quyết để chuốc bùa ngải một người chính là biết được họ tên và ngày sinh tháng đẻ.
Khi đi ngoài đường, nếu có đối tượng lạ bắt chuyện, nếu cảm thấy nghi ngờ, đừng bao giờ trả lời, cũng đừng để người lạ chạm vào mình.
2. Dấu hiệu bị trúng bùa ngải
Nếu bị người khác hại, người bị dính bùa ngải thường đau nhức dữ dội, mệt mỏi, bần thần, hốt hoảng, sợ hãi, tâm thần bấn loạn…
Chúng ta có thể thử xem bản thân có bị trúng bùa ngải hay không bằng cách nhiều cách:
Dùng một quả trứng gà luộc chín, đem lăn trên người, sau một lúc, tách quả trứng ra quan sát, nếu lòng đỏ trứng chuyển thành màu đen, tức là đã bị nhiễm, nếu lòng đỏ trứng có màu đỏ tươi, tức là đã bị nhiễm rất nặng.
Lấy một nắm đậu nành hoặc đậu đen nhai, nếu có mùi tanh, tức là đã dính ngải.
Nếu ngậm cam thảo, mà bị nôn ra nước cam thảo, tức là đã trúng độc bùa ngải.
3. Phải làm gì khi bị dính bùa ngải?
Trong trường hợp đã chắc chắn bị dính phải bùa ngải, hãy bình tĩnh và thực hiện những biện pháp sau:
– Khi bị dính bùa ngải, tức là não đang bị chi phối và xâm hại, cần tăng cường vitamin B2 để kích thích hoạt động của tế bào não, hoá giải sự khống chế bằng tâm linh.
– Ngồi thiền, luyện tập dưỡng sinh để có sức khỏe và tinh thần thoải mái nhất.
– Dùng trứng gà luộc bóc vỏ và lăn trên toàn bộ cơ thể để hút hết tà khí trong cơ thể ra bên ngoài, lăn liên tục và nhiều ngày. Sau đó kiểm tra bằng cách bẻ đôi quả trứng, nếu lòng đỏ trứng không đổi màu, có nghĩa là đã hoá giải thành công. Trứng gà sau khi lăn phải bỏ đi, không được cho người hay động vật ăn vào.
– Khi ai bị trúng trùng độc, có thể dùng hùng hoàng, tỏi và cây thạch xương bồ – Calamus, cho ba vị vào và uống với nước có thể làm cho đi cầu ra trùng độc.
– Thay đổi môi trường sống tốt hơn, sạch sẽ hơn, tránh xa những xô bồ, bon chen để tìm thấy sự thanh thản trong tâm hồn.
4. Đừng nhìn nhận vấn đề theo cách tiêu cực
Trong tâm lý học, có một hội chứng tâm lý với những biểu hiện như: stress, căng thẳng, sợ hãi dẫn đến cơ thể mệt mỏi, biểu hiện những bệnh lý. Đừng quá cực đoan mà vội quy chụp là đã bị dính bùa ngải, hãy đến tìm các chuyên gia y tế để tìm hiểu về bệnh tình xem sao đã.
Nếu bạn luôn gặp thất bại trong cuộc sống, làm ăn thua lỗ, phá sản, hãy nghĩ lại xem bạn đã sai ở đâu, đã vấp phải khúc mắc nào, đừng vội cho rằng đối thủ ghen ghét nên chơi bùa ngải với bạn.
Nếu tình cảm trục trặc, chia tay người yêu, đừng vội nghĩ rằng người yêu bạn bị chuốc bùa ngãi, hãy nghĩ lại xem 2 bạn có thực sự hợp nhau hay không? Có thật sự ở bên nhau thấy hạnh phúc không?
Nếu gia đình cãi vả, con cái hư hỏng, thay vì hoang mang vì nghĩ đã dính bùa ngải thì hãy bình tĩnh mà nhìn nhận xem ai đúng ai sai trong trận cãi vả đó, nghĩ xem bạn đã giáo dục con cái đúng cách chưa?
Nếu đã xem xét hết góc độ, loại trừ hết mọi khả năng, và xác định được mình đã bị dính bùa ngải, thì cũng đừng quá tuyệt vọng, vì vạn vật trên đời đều theo thuyết âm dương, theo những quy luật tự nhiên của cuộc sống và đều có thể giải quyết được.
Vượt lên trên tất cả những phương pháp phòng ngừa và chữa trị khi bị dính ngải nói trên, chính là việc bạn hãy xây dựng một đời sống trong sạch và lành mạnh, cầu sự thanh thản, bình yên trong tâm hồn, sống nhân ái, khoan dung và lương thiện, giúp người giúp đời, không gây thù chuốc oán, đừng ích kỷ chỉ biết nghĩ đến bản thân, bởi suy cho cùng từ ngàn đời xưa, vốn là: “Gieo nhân nào thì sẽ gặt quả đó”.",1,spam
"Khi một thuê bao đã đăng ký, năm, rút 4 £ £ 100 phiếu quà tặng sẽ được nhập khi nhận được một ANS chính xác.",1,spam
"Cảm ơn đơn đặt hàng nhạc chuông của bạn, số tham chiếu X49. di động của bạn sẽ được tính phí 4.50.",1,spam
"Ngày 26/8, Công an tỉnh Đăk Lăk cho biết đã triệt phá đường dây lừa đảo lợi dụng yếu tố tâm linh trên mạng xã hội. Hai người được xác định cầm đầu, 32 và 33 tuổi, cùng trú phường Gia Định, TP HCM, đã bị tạm giữ. Trước đó, cơ quan điều tra phát hiện một số tài khoản Facebook, TikTok thường xuyên đăng nội dung về tử vi, tướng số, tâm linh, thu hút đông người theo dõi. Trong các buổi livestream, nhóm này tự xưng được ""bề trên"" phù hộ, có khả năng biết trước kết quả xổ số để tạo lòng tin. Sau đó, họ chào bán các ""đơn hàng"" chứa thông tin về kết quả xổ số, gọi là ""lộc"", yêu cầu người có nhu cầu trả tiền để nhận. Để tăng độ tin cậy, nhóm này còn đến những địa điểm được cho là linh thiêng để cúng bái, sau đó thông báo được ""vong linh"" hoặc ""bề trên"" chỉ điểm những con số sẽ trúng thưởng. Theo công an, thực tế nhóm này không thể biết trước kết quả xổ số. Cơ quan điều tra xác định thủ đoạn trên nhằm tiếp cận những người cầu may, mong muốn trúng xổ số. Từ tháng 6/2025 đến nay, nhóm bị cáo buộc đã lừa hàng nghìn người trên cả nước, chiếm đoạt hơn 50 tỷ đồng, trong đó có nhiều nạn nhân ở Đăk Lăk. Cảnh sát đã thu giữ nhiều thiết bị điện tử, đồ vật và tài liệu liên quan, tiếp tục điều tra vai trò của những người trong đường dây. Công an tỉnh Đăk Lăk khuyến cáo người dân cảnh giác với các tài khoản mạng xã hội tự xưng có khả năng ""cho số"", ""báo số"", ""được bề trên chỉ điểm"" hoặc cam kết biết trước kết quả xổ số. Không có cơ sở để khẳng định một cá nhân có thể dự đoán chính xác kết quả xổ số thông qua yếu tố tâm linh. Người dân không nên chuyển tiền, cung cấp thông tin cá nhân hoặc tài khoản ngân hàng cho người không rõ lai lịch hay các tài khoản có dấu hiệu nghi vấn. Khi phát hiện dấu hiệu lừa đảo, cần lưu giữ tin nhắn, hình ảnh, số điện thoại, tài khoản mạng xã hội và thông tin giao dịch để trình báo công an. Bùi Toàn",1,spam
"Kinh hoàng bé gái bị chó nhà tấn công, cắn vào khắp người gây phẫn nộ
“Sẽ cấm tiệt, không cho mang chó vào phố đi bộ hồ Gươm”
“Chúng tôi đề nghị, phải cấm tiệt, không mang chó đến không gian đi bộ hồ Hoàn Kiếm. Nếu mang đến thì phải bị xử lý. Cái này chúng tôi sẽ thông tin khi có quy chế chính thức” – Phó Chủ tịch UBND quận Hoàn Kiếm nhấn mạnh
Nhiều tồn tại…
Chiều 11.9, tại buổi giao ban báo chí Thành ủy Hà Nội, trước phản ảnh của báo chí về thực trạng phố đi bộ xung quanh hồ Hoàn Kiếm vẫn xuất hiện chó không rọ mõm mặc dù theo quy định việc này bị cấm, Phó Chủ tịch UBND quận Hoàn Kiếm Đinh Hồng Phong thừa nhận tình trạng trên. “Chúng tôi rất nhọc với câu chuyện chó không rọ mõm khi đi vào phố đi bộ” – ông Phong nói.
Quận Hoàn Kiếm (Hà Nội) đề xuất cấm không cho mang chó vào không gian phố đi bộ quanh hồ Gươm. Ảnh: IT
Tuy nhiên, Phó Chủ tịch UBND quận Hoàn Kiếm cho rằng, thời điểm này, tại khu vực phố đi bộ hồ Gươm không còn xuất hiện những con chó lớn mà phần lớn chủ yếu những con chó nhỏ được người dân bế trên tay. “Nhiều khi qua cổng an ninh, chúng ta thấy người dân bế những con chó nhỏ nhỏ, xinh xinh trên tay thì thường không hay nhắc nhở… Mặc dù chúng ta quy định rõ chó không rọ mõm thì không được ra đường và các khu vực công cộng. Đây chính là mặt còn tồn tại” – ông Phong phân trần.
Theo Phó Chủ tịch UBND quận Hoàn Kiếm, để khắc phục việc này, UBND quận giao cho cơ quan thú y quận tham mưu cùng với công an để thành lập tổ công tác để xử lý. “Tuy nhiên có cái khó là trong trường hợp nếu bắt những con chó đó, dù nhốt ở đâu thì cũng chỉ được trong vòng 24 tiếng là phải xử lý về trạm. Nên rất khó”, ông Phong nói.
Mặc dù cho rằng việc xử phạt là khó nhưng ông Phong khẳng định: “Nếu xử phạt thì vẫn xử phạt được ngay. Chúng tôi đang kiến nghị với Chi cục Thú y để có những biện pháp tốt hơn”.
Bên cạnh đó, theo Phó Chủ tịch UBND quận Hoàn Kiếm cũng thẳng thắn chỉ ra một số tồn tại, hạn chế trong 2 năm thí điểm phố đi bộ xung quanh hồ Gươm. Điển hình như một số điểm giao thông tĩnh sát khu vực các chốt ra, vào khu vực không gian đi bộ luôn trong tình trạng quá tải, trong khi các điểm khác xa hơn thì ít người gửi, dẫn đến phát sinh một số hộ dân gần không gian đi bộ tận dụng vỉa hè trước ngõ hoặc trước nhà để tự ý trông xe trái phép, thu giá cao.
Ngoài ra, tình trạng bán hàng rong, trượt patanh, đi xe điện cân bằng, ô tô – xe máy điện (trẻ em) chưa được giải quyết triệt để; một số hoạt động văn hóa, nghệ thuật tự phát; các hoạt động dịch vụ, thương mại đang tổ chức thí điểm chưa đáp ứng nhu cầu khách tham quan; số gian hàng bán đồ lưu niệm sản phẩm chưa thực sự đặc trưng, số lượng còn ít; tình trạng vứt rác tùy tiện chưa được giải quyết triệt để…
Theo UBND quận Hoàn Kiếm, tình trạng bán hàng rong, trượt patanh, đi xe điện cân bằng, ô tô – xe máy điện (trẻ em) chưa được giải quyết triệt để. Ảnh: Thành An
Đặc biệt, một số chỉ đạo của UBND TP giao cho các đơn vị còn chậm triển khai như: thả chim bồ câu, Quy hoạch tổng thể các khu vực kinh doanh dịch vụ không gian đi bộ Hồ Hoàn Kiếm và phụ cận; Lắp đặt hệ thống camera giám sát xung quanh không gian đi bộ…
Dự kiến mở rộng phố đi bộ
Mặc dù vẫn còn nhiều hạn chế, tuy nhiên, phải thừa nhận sau hai năm thí điểm phố đi bộ xung quanh hồ Gươm đã đạt được rất nhiều kết quả khả quan, đáng ghi nhận.
Cụ thể, theo Phó Chủ tịch UBND quận Hoàn Kiếm, trong 2 năm qua, không gian đi bộ khu vực hồ Hoàn Kiếm và phụ cận đã tổ chức hàng trăm sự kiện, hoạt động giao lưu văn hóa, nghệ thuật phong phú, đa dạng, trong đó có 185 sự kiện văn hóa quy mô lớn, thu hút sự tham gia của 8 tỉnh, thành phố trong nước và 17 quốc gia, tiêu biểu như sự kiện Không gian văn hóa dân tộc Mông – Hà Giang tại Hà Nội; Quảng Bình trong lòng Hà Nội; đờn ca tài tử Bến Tre; hòa nhạc của dàn nhạc giao hưởng nổi tiếng thế giới London Symphony Orchestra; hoạt động giao lưu văn hóa Nhật Bản và triển lãm hoa Anh đào…
Phó Chủ tịch UBND quận Hoàn Kiếm cho rằng, việc xây dựng không gian đi bộ hồ Hoàn Kiếm và vùng phụ cận đã góp phần đảm bảo an ninh trật tự, dần hình thành thói quen đi bộ, từng bước hạn chế phương tiện giao thông cơ giới và hình thành nếp sống mới cho người dân Thủ đô; giúp phát huy hiệu quả các giá trị văn hóa, không gian cảnh quan mặt nước, cây xanh của hồ Hoàn Kiếm – Di tích Quốc gia đặc biệt.
Quận Hoàn Kiếm đề xuất mở rộng không gian đi bộ phía Nam khu phố cổ kết nối phía Bắc khu vực Hồ Hoàn Kiếm để giảm áp lực đông người. Ảnh: Thành An
Đáng chú ý, sau 2 năm triển khai không gian đi bộ hồ Hoàn Kiếm và vùng phụ cận đã thúc đẩy phát triển thương mại, du lịch, kinh tế của quận Hoàn Kiếm nói riêng và thành phố nói chung. Cụ thể, lượng khách trong và ngoài nước đến tham quan và tham gia rất đông, trung bình ban ngày khoảng 3.000 đến 5.000 người; buổi tối khoảng 1,5 vạn đến 2 vạn người, những buổi có sự kiện lớn có trên 3 vạn người tham dự.
Lượng khách du lịch lưu trú đến quận Hoàn Kiếm và TP tăng nhanh. Năm 2017 là trên 1,7 triệu lượt người, tăng 33% so với năm 2016; 9 tháng đầu năm 2018 là trên 1,4 triệu lượt người, tăng 18% so với cùng kỳ năm 2017. Số cửa hàng kinh doanh chuyển sang dịch vụ du lịch tăng gần 600 cơ sở. Tính đến nay, trên địa bàn quận có 585 khách sạn và cơ sở lưu trú, tăng 121 cơ sở so với năm 2017, trong đó có 225 khách sạn được xếp hạng, gắn sao.
“Những kết quả trên góp phần quan trọng tăng thu ngân sách Nhà nước cho quận Hoàn Kiếm. Năm 2016 quận thu trên 5,2 nghìn tỷ đồng; năm 2017 đạt trên 6 nghìn tỷ đồng; 8 tháng đầu năm 2018 đạt trên 5,7 nghìn tỷ đồng và ước cả năm 2018 đạt trên 7,5 nghìn tỷ đồng” – ông Phong cho hay.
Trước những tín hiệu đáng mừng trên, Phó chủ tịch UBND Quận Hoàn Kiếm cho biết, quận Hoàn Kiếm đề xuất mở rộng không gian đi bộ phía Nam khu phố cổ kết nối phía Bắc khu vực Hồ Hoàn Kiếm để giảm áp lực đông người, phù hợp thực tiễn và kết hợp 2 khu vực không gian đi bộ thành một chỉnh thể bổ trợ chức năng.
“Trước mắt đề xuất UBND TP.Hà Nội cho phép triển khai ngay tuyến phố đi bộ tại phố Đinh Liệt từ ngày 10.10 tới đây nhằm nâng cao hiệu quả hoạt động của không gian đi bộ, phù hợp với thực tế” – ông Phong nhấn mạnh.
Nguồn: http://danviet.vn/tin-tuc/se-cam-tiet-khong-cho-mang-cho-vao-pho-di-bo-ho-guom-911993.html",1,spam
Kinh khủng bf ... bây giờ tôi v đói ...,0,ham
Không. Cô ấy hiện đang ở Scotland vì điều đó.,0,ham
"Nhanh lên, tôi đã bị thiếu cỏ dại trong ba ngày",0,ham
Chiều cao của sự tự tin: Tất cả các giáo sư hàng không wer Calld & amp;,0,ham
Neva tâm trí nó ổn ..,0,ham
Tôi hy vọng sự thật là Missin tôi vì tôi thực sự nhớ anh ấy!,0,ham
"Đặc biệt là vì tôi nói về Boston tất cả trong tuyên bố cá nhân của tôi, lol!",0,ham
Né gấp thủ đoạn này: Cảnh báo chiêu trò giả danh nhân viên viễn thông thông báo khóa sim 2 chiều nếu không chuẩn hóa thông tin thuê bao. Đối tượng hướng dẫn làm theo cú pháp để chiếm quyền kiểm soát sim ngân hàng. Hãy chia sẻ cho người thân cùng biết.,1,spam
Bạn có 1 thư thoại mới.,1,spam
Bạn đang làm gì bây giờ?,0,ham
EW bạn có phải là một trong số họ không?,0,ham
Vậy thì tại sao bạn đến ký túc xá.,0,ham
Cán bộ công an cảnh báo: Cảnh báo chiêu trò giả danh nhân viên viễn thông thông báo khóa sim 2 chiều nếu không chuẩn hóa thông tin thuê bao. Đối tượng hướng dẫn làm theo cú pháp để chiếm quyền kiểm soát sim ngân hàng. Hãy chia sẻ cho người thân cùng biết.,1,spam
"Người cha thú tính mang bệnh HIV vẫn c.ưỡng h.iếp con gái
Dù mang trong mình căn bệnh HIV, y vẫn nổi máu dê và đòi làm “chuyện người lớn” với chính con gái mới 9 tuổi của mình.
Cha nghiện nặng và đã mang trong mình căn bệnh thế kỷ HIV, mẹ bỏ đi theo người đàn ông khác, bé N. vạ vật sống nương nhờ vào ông bà nội. Sinh ra và lớn lên trong môi trường giáo dục không lành mạnh, cộng với sự thờ ơ của người thân khiến cô bé 9 tuổi dạn dày và chai sạn tới bất ngờ. Cô bé coi việc mình bị chính cha đẻ và anh trai c.ưỡng h.iếp thường xuyên là chuyện hết sức bình thường.
Một ngày cuối tháng 8, phiên tòa xét xử công khai vụ án cha đẻ hiếp dâm con gái làm rúng động thành phố Cảng Hải Phòng. Bị cáo là Bùi Ngọc Thắng (SN 1977) ở 47B/145 Chợ Hàng, phường Dư Hàng Kênh, quận Lê Chân, là một con nghiện nhiễm HIV đang nằm trong “danh sách đen” của công an. Còn nạn nhân, đau lòng thay lại chính là con đẻ của Thắng, mới 9 tuổi. Một người cha tội lỗi và một người mẹ thờ ơ khiến mọi bi kịch đổ lên đầu đứa trẻ đáng thương
Thắng sinh ra trong một gia đình 8 anh em, là con út nên luôn được mọi người cưng chiều. Một phần vì lẽ đó, mà Thắng lao đầu vào con đường nghiện ngập ma túy. Dù nghiện nặng nhưng năm 2001, Thắng vẫn kết hôn và sinh được một cô con gái đặt tên là N. Mọi người vừa mừng, vừa lo, mừng vì Thắng đã có gia đình, lo vì Thắng vẫn không thoát được kiếp nô lệ cho ma túy.
Đúng như nhiều người dự đoán, không chịu đựng được cuộc sống thiếu thốn và thường xuyên bị đánh đập, đòi tiền của người chồng nghiện, vợ Thắng quyết định ly hôn, bỏ lại đứa con cho gia đình Thắng.
Nhưng con cũng chẳng bằng thuốc phiện, Thắng bỏ nhà lang chạ khắp nơi, bỏ mặc con gái bơ vơ. May sao, nhà bà nội ở ngay gần đó, con bé có chỗ vạ vật ăn uống cho qua bữa. Hàng xóm láng giềng thấy cảnh ấy, cũng đắng lòng, thi thoảng lại cho N. cái bánh, gói mì ăn tạm.
Bi kịch đâu chỉ dừng ở đó, vì N. thường xuyên ở nhà một mình nên đã bị Đoàn Văn Sức (SN 1979) ở thôn Hoàng Lâu, xã Hồng Phong, huyện An Dương, TP. Hải Phòng, là con nuôi của chị gái bố nhiều lần c.ưỡng h.iếp. Theo lời khai của Sức, đến nhà bà ngoại chơi, thấy N. cứ lủi thủi ở nhà một mình nên đã nảy sinh tà ý. Vì bị Sức ép nên cô bé 9 tuổi phải “chiều”. Sau mỗi lần như vậy, Sức lại cho N. một ít tiền lẻ để giữ bí mật.
Chân dung người cha vô nhân tính Bùi Ngọc Thắng.
Chuyện đến tai Thắng, người cha nghiện ngập không những không tìm Sức để răn đe hay tố cáo với công an mà bắt N “diễn” lại toàn bộ quá trình bị Sức hiếp dâm lại với… chính mình. Theo lời khai, Thắng hiếp dâm con gái 2 lần, với những hành vi man rợ và thú tính nhất. Y mở phim sex cho con gái xem để bắt chước “làm chuyện người lớn”. Không biết hành vi loạn luân vô nhân tính này còn tiếp diễn cho tới bao giờ nếu như không bị phát giác.
Trong một lần Sức “quen mui” tới giở trò đồi bại với N., nhưng do đau quá nên cô bé chống đối và la hét. Hàng xóm thấy tiếng kêu liền chạy sang xem, sững người trước hành vi bệnh hoạn của gã đàn ông. Mọi người báo cho mẹ bé N. rồi cùng cô đưa bé tới công an trình báo. Tại đây, N. mới khai ra toàn bộ mọi hành vi của Sức cũng như tiết lộ việc “bố cũng bắt em làm như thế”.
Dã man hơn, Thắng đang nghiện nặng và bị nhiễm HIV, không chỉ đơn thuần là việc hiếp dâm trẻ em hay hành vi loạn luân mà người cha vô lương tâm ấy có thể đã truyền cả căn bệnh quái ác sang cho con gái mình. Cô bé 9 tuổi ấy nào có tội tình gì mà phải sống cuộc sống phủ một màu đen kịt như thế.
Vị điều tra viên trực tiếp điều tra vụ án này nhớ lại: “Khi nhận được tin tố cáo, chúng tôi xác minh rất nhanh và ra lệnh bắt khẩn cấp Sức và Thắng. Hơn 30 năm trong nghề, tôi chưa bao giờ “va” phải vụ việc khủng khiếp đến như vậy. Sức, Thắng bị xử lý trước pháp luật là điều dĩ nhiên nhưng để con bị xâm hại đến mức như vậy thì mẹ của cháu N cũng đáng trách”.
Dư luận nghẹn lòng trước sự độc ác của người cha và sự thờ ơ của người mẹ, càng thương hơn cho cô bé 9 tuổi, không biết tương lai sẽ trôi dạt về đâu.",1,spam
Tố giác chiêu trò: Cảnh báo chiêu trò giả danh nhân viên viễn thông thông báo khóa sim 2 chiều nếu không chuẩn hóa thông tin thuê bao. Đối tượng hướng dẫn làm theo cú pháp để chiếm quyền kiểm soát sim ngân hàng. Mọi người tuyệt đối không làm theo!,1,spam
"GR8 Poly Tones 4 Tất cả các mob trực tiếp 2U rply với tiêu đề poly tới 8007 ví dụ: poly Breathe1 tiêu đề: Crazyin, ngủ, tốt nhất, YMCA:",1,spam
Hôm nay IZ Yellow Rose Day.,0,ham
Tôi đang trên đường về nhà.,0,ham
Paris lãng mạn.,1,spam
Ưa thích một cái xù xì?,1,spam
"Chào em bé, tôi đang đi Cruisin với bạn gái của tôi là gì bạn lên 2?",0,ham
Người đăng ký thân mến của bạn rút ra 4 £ 100 Voucher quà tặng sẽ được nhập khi nhận được một ANS chính xác.,1,spam
"Ba du khách tử vong ở Đà Nẵng trúng chất độc ảnh hưởng tim mạch
Giám định thuốc diệt côn trùng tại khách sạn có ba người chết
Ngày 4/12, ông Mai Xuân Ngọc - Giám đốc Trung tâm pháp y Đà Nẵng, cho biết đã nhận được các kết quả xét nghiệm liên quan đến ba người tử vong từ Viện pháp y Quốc gia.
""Hội đồng chuyên môn của Viện nghiêng về nhận định ban đầu là các nạn nhân trúng chất độc ảnh hưởng đến tế bào và hệ tim mạch, dẫn đến tình trạng suy hô hấp, truỵ tim mạch và tử vong"", ông Ngọc nói.
Anh Vạn cùng lúc mất đi vợ và con trong chuyến đi du lịch. Ảnh: Nguyễn Đông.
Theo ông Ngọc, các chuyên gia đầu ngành đã tham gia hội chẩn nhưng vẫn chưa đủ căn cứ để đưa ra kết luận cuối cùng, vì chưa xác định được chất độc cụ thể và đường xâm nhập dẫn đến cái chết của các nạn nhân.
""Hai mươi năm trong ngành, đây là lần đầu tiên tôi gặp trường hợp các nạn nhân tử vong với cơ chế nhiễm độc như thế này"", ông Ngọc nói.
Cơ quan chức năng sẽ lấy mẫu từ hệ thống điều hoà của khách sạn nơi các nạn nhân ở để giám định thêm. Ảnh: Nguyễn Đông.
Giám đốc Trung tâm pháp y Đà Nẵng cho hay các mẫu đưa đi phân tích được lấy sớm; một số mẫu như nước tiểu, dịch dạ dày, máu, chất nôn được thu thập ngay khi nạn nhân đang nguy kịch. Ngoài ra, lực lượng chức năng còn lấy nhiều mẫu giám định bổ sung ở khách sạn, bao gồm nước, không khí, dầu gội đầu, ấm nấu nước, vỏ bánh kẹo... ""Sau đó Viện Pháp y đã làm việc công tâm nhưng quá khó để đưa ra kết luận"", ông nói.
Hội đồng chuyên môn của Viện đang yêu cầu giám định thêm một số công đoạn khác, như thực nghiệm trên động vật, hệ thống điều hoà của khách sạn, kiểm tra lại sức khoẻ của các nạn nhân còn sống để tìm hiểu rõ nguyên nhân.
Công an thành phố Đà Nẵng cũng cho biết chưa đưa ra kết luận về sự việc; khi có nguyên nhân chính xác, nhà chức trách sẽ tổ chức họp báo để công khai.",0,ham
"Cảnh báo fanpage giả mạo thương hiệu nổi tiếng bán xe máy giá rẻ, chuyển cọc xong bị chặn số.",1,spam
"Đi vòng, nó.",0,ham
"Tôi đã nhận được nó trước năm mới, Cos Yetunde nói rằng cô ấy muốn làm bạn ngạc nhiên nhưng khi tôi không thấy tiền, tôi đã trả lại nó vào giữa tháng 1 trước & lt;#& gt;",0,ham
"Này, * nghi thức bạn đặt Åè10 mỗi tháng là tất cả?",0,ham
"Là một thuê bao Optin đã đăng ký, bạn rút ra 4 Å £ 100 phiếu quà tặng sẽ được nhập khi nhận được ANS chính xác cho 80062 Whats No1 trong bảng xếp hạng BBC",1,spam
Làm thế nào mà phải mất rất ít thời gian cho một đứa trẻ sợ bóng tối để trở thành một thiếu niên muốn ở lại suốt đêm?,1,spam
"Du lịch Việt Nam đón lượng khách quốc tế tăng trưởng kỷ lục trong quý I. Nhiều địa phương như Đà Nẵng, Phú Quốc, Nha Trang ghi nhận số lượng phòng khách sạn đạt công suất tối đa. Chi tiết xem tại cổng thông tin chính thức.",0,ham
K..K. :) Xin chúc mừng ..,0,ham
Tôi nóng n sừng và sẵn sàng tôi sống địa phương với bạn - nhắn tin trả lời để nghe lại từ tôi 150p mỗi msg netcollex ltdhelpdesk: 02085076972 Trả lời dừng lại để kết thúc,1,spam
"Ngày 22/7, Cơ quan Cảnh sát điều tra Công an tỉnh Hà Tĩnh cho biết đã bắt tạm giam Phương Anh, 38 tuổi, trú phường Thành Sen, về tội Lừa đảo chiếm đoạt tài sản, theo khoản 4 Điều 174 Bộ luật Hình sự. Theo điều tra, ngày 3/1/2024, Phương Anh bị TAND Cấp cao tại Hà Nội tuyên phạt 10 năm tù về tội trên. Do đang nuôi con dưới 36 tháng tuổi, người này được hoãn chấp hành án theo quy định. Đầu năm 2024, Phương Anh làm nhân viên tại một công ty đào tạo, tư vấn du học trên địa bàn phường Thành Sen. Dù không có khả năng thực hiện thủ tục đưa người đi du học, xuất khẩu lao động tại Hàn Quốc, bị can vẫn đưa ra thông tin gian dối, tổ chức cho người lao động học tiếng, hướng dẫn làm hồ sơ chứng minh tài chính, mua vé máy bay, chỉnh sửa hồ sơ visa điện tử, lập hợp đồng và cam kết dân sự nhằm tạo lòng tin để nhận tiền. Tin lời, trong năm 2025, ba người dân tại các xã Kỳ Xuân, Kỳ Văn và Thiên Cầm đã nhiều lần chuyển cho Phương Anh tổng cộng gần 700 triệu đồng. Sau khi nhận tiền, bị can không thực hiện cam kết mà sử dụng để trả nợ và chi tiêu cá nhân. Vụ án đang được điều tra, mở rộng. Đức Hùng",1,spam
"Theo đó, các đối tượng liên hệ người dân, khách hàng của các ngân hàng bằng nhiều hình thức như gọi điện, nhắn tin, kết bạn qua các mạng xã hội (Zalo, Facebook, Viber...) để giả hướng dẫn thu thập thông tin sinh trắc học. Sau đó, đối tượng yêu cầu khách hàng cung cấp thông tin cá nhân, tài khoản ngân hàng, hình ảnh căn cước công dân, hình ảnh khuôn mặt, hoặc yêu cầu cuộc gọi video để thu thập thêm giọng nói, cử chỉ, dáng điệu... Các đối tượng sẽ dẫn dắt người dân truy cập vào đường link lạ để tải và cài đặt ứng dụng lạ trên điện thoại. Những ứng dụng, phần mềm chứa mã độc này có giao diện, hình ảnh gần tương tự với ứng dụng chính thống của Bộ Công an, Cơ quan quản lý Nhà nước hay các tổ chức tín dụng. Khi lấy được thông tin, các đối tượng sẽ chiếm đoạt tiền trong tài khoản ngân hàng và sử dụng thông tin của người dân vào các mục đích xấu khác như vay tiền, ghi nợ, cá độ... Trước diễn biến phức tạp và hành động tinh vi của các đối tượng lừa đảo, SHB khuyến cáo tới khách hàng: Chỉ cập nhật dữ liệu sinh trắc học thông qua ứng dụng ngân hàng điện tử SHB Mobile, SHB SAHA hoặc trực tiếp tại các điểm giao dịch SHB trên toàn quốc; không cung cấp, cập nhật dữ liệu sinh trắc học qua bất kỳ trang web hoặc ứng dụng khác. Không cung cấp OTP, mật khẩu, số thẻ, thông tin cá nhân, hình ảnh căn cước công dân, dữ liệu sinh trắc học... cho bất kỳ ai, kể cả nhân viên ngân hàng. SHB không yêu cầu khách hàng cung cấp thông tin cá nhân qua các kênh như gọi điện, nhắn tin SMS, email, phần mềm chat (Zalo, Viber, Facebook...) Trong trường hợp gặp khó khăn khi thực hiện cập nhật thông tin sinh trắc học hay khi thực hiện xác thực với các giao dịch trực tuyến theo quy định, khách hàng có thể thực hiện theo hướng dẫn đăng tải trên website hoặc liên hệ trực tiếp tại các quầy giao dịch, chi nhánh SHB. Trường hợp nghi ngờ hoặc phát hiện bất cứ tin nhắn, cuộc gọi, email có dấu hiệu lừa đảo, khách hàng hãy liên lạc ngay với Trung tâm Hỗ trợ khách hàng 24/7 của SHB theo hotline *6688, các điểm giao dịch SHB gần nhất hoặc cơ quan công an để được hỗ trợ. Cần nâng cao ý thức cảnh giác, thường xuyên cập nhật thông tin về các vụ lừa đảo sử dụng công nghệ cao để có thông tin đầy đủ về phương thức thủ đoạn của tội phạm. Khách hàng cần chủ động bảo vệ thông tin cá nhân, đó là tài sản bảo mật hợp pháp, không khai báo thông tin cá nhân trong những trường hợp không cần thiết. Trước đó, SHB bắt đầu xác thực sinh trắc học từ 1/7, sau quá trình chuẩn hóa hệ thống, quy trình cũng như nâng cấp hạ tầng công nghệ phục vụ thu thập dữ liệu. Trong 3 năm gần đây, SHB tăng cường hoàn thiện hạ tầng công nghệ thông tin, chuẩn hóa các hệ thống cơ sở dữ liệu, tăng cường bảo mật dữ liệu để tạo nền tảng quan trọng cho các kế hoạch chuyển đổi tiếp theo. Ngân hàng cũng tập trung phát triển các sản phẩm và công cụ bán hàng trên kênh số, tự động hóa các quy trình nội bộ phục vụ công tác quản trị, số hóa hoạt động điều hành, quản lý rủi ro, ứng dụng trí tuệ nhân tạo, Big Data vào hoạt động kinh doanh. Đến nay, hơn 90% các nghiệp vụ ngân hàng trọng yếu có thể thực hiện hoàn toàn trên kênh số. (Nguồn: SHB)",1,spam
V tốt đẹp!,0,ham
"Cảm ơn da Thangam, tôi cảm thấy rất hạnh phúc thân yêu.",0,ham
Không nghĩ rằng nó ... | |,0,ham
Unni cảm ơn bạn thân yêu vì đã nạp tiền..rakhesh,0,ham
"Một phụ nữ bịt mặt bắt cóc cháu bé 5 tuổi bị người dân tóm gọn
Ngày 6.5, Công an thị xã Phước Long, tỉnh Bình Phước đã tạm giữ bà Lê Thị Xuyến (46 tuổi, ngụ phường Long Phước, thị xã Phước Long) để điều tra về việc bắt cóc trẻ em.
Theo đó, khoảng 7h30 cùng ngày, thấy cháu V.T. Đ (5 tuổi, phường Long Phước) đang chơi trước sân nhà nên bà Xuyến bịt khăn che kín mặt, chạy xe máy đảo qua rồi dừng lại dụ dỗ cháu lên xe.
Sau khi bà Xuyến chở cháu ra khỏi nhà thì bị người thân phát hiện và đuổi theo gần 1km mới tóm lại được.
Lực lượng chức năng đã có mặt tại hiện trường và đưa bà Xuyến về trụ sở để làm rõ động cơ bắt cóc cháu Đ.
Được biết, bà Xuyến thuê nhà ở trọ tại khu phố 9, phường Long Phước, cách nhà cháu Đ khoảng 2km để cư trú. Tiến hành khám xét, lực lượng phát hiện trong nhà bà Xuyến có 1 cháu bé dưới 10 tuổi bị khóa cửa nhốt trong nhà. Khi bị bắt, bà Xuyên tỏ ra rất bình tĩnh, không có phản ứng run sợ.
Trung tá Dương Thới – Trưởng Công an phường Long Phước cho biết: “Tại cơ quan Công an, bà Xuyên tỏ ra rất bình tĩnh, không có dấu hiệu gì sợ sệt. Các cán bộ Công an đang đấu tranh với đối tượng để làm rõ động cơ việc bắt cháu Đức. Đây là vụ việc đầu tiên diễn ra ở địa phương”.",1,spam
Lyricalladie (21/F) đang mời bạn làm bạn của cô ấy.,1,spam
Tài khoản 2004 của bạn cho 07xxxxxxxxx cho thấy 786 điểm chưa được nhận.,1,spam
Chào mừng!,1,spam
"Không có chăn của tôi là đủ, thx",0,ham
Detroit.,0,ham
"Khi bạn buồn, bất cứ khi nào bạn màu xám, hãy nhớ tôi ở đây 2 listn 2 bất cứ điều gì bạn muốn nói, jus đi bộ rộng rãi cho tôi một chút, & amp;",0,ham
Alrite Jod làm thế nào sửa đổi?,0,ham
"Chia sẻ thẳng thắn vụ việc 25000 USD và cải cách giáo dục, rốt cục là “sân si” hay là “ganh tị”
Những ngày qua, trên mạng xã hội các phụ huynh liên tục chia sẻ các clip con học tập đọc với phương pháp mới, đọc thơ qua các hình tam giác, ô vuông mà không đánh vần chữ và clip những hoa hậu á hậu , mc bán dâm…
Sự việc được nối tiếp nhau gây ra những làn sóng phẫn nộ chỉ trích cũng như mỉa mai của cộng đồng mạng đến những nhân vật chính của câu chuyện cải cách cũng như chuyện suy đồi đạo đức của hoa hậu á hậu bán dâm.
Xuất hiện video, hình ảnh clip chế
Trên mạng xã hội, các phụ huynh bức xúc liên tục chia sẻ các clip con họ tập đọc với phương pháp mới, đọc qua các hình tam giác, ô vuông mà không đánh vần chữ. Ngay lập tức những ký tự tam giác, ô vuông, trái tim trở thành chủ đề hot để cư dân mạng khai thác, điều chế thành những sản phẩm mang tính chất giải trí.
Tất cả những điều này đều gây ra những làn sóng dư luận, cộng đồng mạng Việt Nam luôn luôn có tính chất “vào hùa” theo phong trào , ném đá chỉ trích người khác, không biết những việc làm như thế có làm cuộc sống của mình tốt lên được không ????
Mới đây thì streamer nổi tiếng Pew Pew đã có những phát ngôn vô cùng thẳng thắn về vấn đề này và nhận được rất nhiều những phản hồi đồng tình với anh.",1,spam
Đã ở đâu đó trên Fredericksburg,0,ham
Cười.,0,ham
Rct 'thnq adrian cho u văn bản.,1,spam
"Đêm nào cũng thấy vợ biến mất, đặt camera ẩn chồng phát hiện hành động quá kinh hoàng
Hành động kinh khủng này của người vợ đã khiến ông chồng phải cảm thấy ớn lạnh khi tận mắt chứng kiến qua camera.
Camera là một trong những công cụ giám sát thuận lợi nhất cho nhà cửa hoặc nơi làm việc, nơi sản xuất của bạn.
Một ông chồng đã cũng đã thực hiện lắp camera trong căn phòng ngủ của mình vừa để tiện quan sát đứa con mới sinh của mình, vừa nhằm mục đích đề phòng nếu có kẻ trộm xâm nhập. Mặc dù chưa có tên trộm nào lẻn vào nhà, nhưng người đàn ông này lại được một phen rợn tóc gáy khi phát hiện ra hành động vô cùng đáng sợ này của vợ mình.
Người đàn ông này được một phen rợn tóc gáy khi phát hiện ra hành động vô cùng đáng sợ này của vợ mình.
Hình ảnh ghi lại lấy được từ camera cho thấy, trong căn phòng tối, người vợ của ông nằm trên sàn nhà, hai mắt sáng lóe lên. Cơ thể được kéo lê trên mặt đất như thể có ai đấy cầm hai chân kéo đi.
Người vợ của ông nằm trên sàn nhà, hai mắt sáng lóe lên.
Cơ thể được kéo lê trên mặt đất như thể có ai đấy cầm hai chân kéo đi.
Hành động kỳ quặc này của người vợ đã khiến ông chồng lạnh toát sống lưng khi chứng kiến tận mắt toàn bộ quá trình. Tuy nhiên, mọi chuyện vỡ lẽ sau khi ông trực tiếp hỏi bà vợ lý do đằng sau câu chuyện đáng sợ này.
Thì ra, hai mắt bà sáng lóe lên trong bóng tối là do hiệu ứng mắt đỏ khi nhìn vào camera. Còn hành động như bị kéo lê trên sàn nhà là do đứa con nhỏ mỗi lần thấy người mẹ ra khỏi phòng sẽ khóc thét lên, nên bà chỉ còn cách phải nằm bệt hẳn dưới sàn nhà để di chuyển, nhằm tránh cho đứa con không nhìn thấy.",1,spam
1ST WK miễn phí!,1,spam
Bạn có ướt ngay bây giờ không?,0,ham
"Lemme biết khi nào tôi có thể đi qua và đón, về cơ bản tôi miễn phí bất cứ lúc nào sau 1 tất cả học kỳ này",0,ham
Này .. một cái gì đó xuất hiện cuối cùng .. nghĩ rằng tôi sẽ đăng ký TMR .. hee,0,ham
"Đã mua một nhạc chuông và bây giờ nhận được tin nhắn có giá 3 pound cung cấp nhiều âm hơn, v.v.",1,spam
"Urgent Ur đã trao một chuyến đi miễn phí cho Eurodisinc Trav, ACO & Entry41 hoặc Å £ 1000.",1,spam
Tài khoản của bạn đã được ghi có 500 tin nhắn văn bản miễn phí.,1,spam
"Né gấp thủ đoạn này: Đối tượng lừa đảo giả danh công an phường hướng dẫn cài đặt ứng dụng Dịch vụ công trực tuyến giả mạo (file .apk). Khi cài đặt, ứng dụng chứa mã độc tự động chiếm quyền điều khiển điện thoại và rút sạch tiền ngân hàng. Cần hết sức cảnh giác để tránh mất tiền.",1,spam
Dịch vụ SMS cho các khoản tín dụng văn bản bao gồm của bạn PLS GOTTO www.comUK.NET Đăng nhập 3QXJ9 Hủy đăng ký không dừng không có phí trợ giúp 08702840625 comuk.220cm2 9ae,1,spam
Ở nơi tôi có thể nhận được phòng giá rẻ :-),0,ham
Bộ Giáo dục và Đào tạo dự kiến điều chỉnh lịch thi tốt nghiệp THPT năm nay sớm hơn nửa tháng.,0,ham
"[CẢNH BÁO LỪA ĐẢO] Thủ đoạn lừa đảo cho vay tiền online qua app với lãi suất siêu thấp, không cần thế chấp. Tuy nhiên đối tượng bắt đóng nhiều khoản phí hồ sơ, phí bảo hiểm khoản vay rồi ôm tiền mất tích. Mọi người tuyệt đối không làm theo!",1,spam
Ai đó đã liên hệ với dịch vụ hẹn hò của chúng tôi và nhập điện thoại của bạn vì bạn thích bạn!,1,spam
Tôi không có số của cô ấy thưa ông,0,ham
"Cảm ơn bạn, người chiến thắng được thông báo bởi SMS.",1,spam
"Theo các chuyên gia tâm lý, lừa đảo trực tuyến thực chất là một cuộc tấn công vào tâm trí. Một nghiên cứu của hai chuyên gia David Modic và Stephen E.G. Lea (ĐH Exeter, Anh) cho thấy 74% sinh viên đại học từng mắc bẫy lừa đảo ở các mức độ khác nhau. Dưới đây là những đặc điểm tâm lý khiến một người dễ trở thành ""con mồi"" của tội phạm mạng. Tâm lý nể sợ người có thẩm quyền Từ nhỏ, chúng ta được dạy phải tuân thủ quy tắc và nghe lời người có quyền lực. Kẻ lừa đảo lợi dụng triệt để điểm yếu này bằng cách mạo danh công an, nhân viên ngân hàng hoặc cán bộ thuế. Khi một ""người có thẩm quyền"" dọa nạt và yêu cầu cung cấp mật khẩu, cài đặt ứng dụng để ""phục vụ điều tra"", nỗi sợ sai phạm khiến lý trí của nạn nhân tạm thời bị lu mờ và ngoan ngoãn làm theo. Dễ bị áp lực đám đông chi phối Con người luôn có nhu cầu thuộc về một tập thể. Tội phạm thường lập ra các nhóm chat ""đầu tư tài chính"", ""việc nhẹ lương cao"" với hàng chục tài khoản ảo đóng vai người đã trúng quả đậm, liên tục tung hô chuyên gia. Thấy ""ai cũng kiếm được tiền"", nạn nhân dễ nảy sinh tâm lý sợ bỏ lỡ cơ hội (FOMO). Áp lực ngầm từ đám đông khiến họ chấp nhận rủi ro, chuyển tiền mà không hề kiểm chứng. Cố chấp và ngại thay đổi quyết định Trong tâm lý học, khi đã đồng ý với một điều gì đó, chúng ta thường có xu hướng bám sát kế hoạch để không tỏ ra là người thiếu nhất quán. Kẻ lừa đảo nắm rõ điều này nên ban đầu chỉ đưa ra những yêu cầu chuyển khoản rất nhỏ (vài chục nghìn đồng). Khi nạn nhân đã lỡ ""phóng lao"", dù sau đó nhận ra những dấu hiệu đáng ngờ, họ vẫn tự huyễn hoặc bản thân để tiếp tục chuyển những số tiền khổng lồ với hy vọng lấy lại được vốn. Dễ bị cảm xúc dẫn dắt Đây là ""tử huyệt"" lớn nhất. Kẻ lừa đảo không thi gan về trí tuệ, chúng nhắm thẳng vào cảm xúc: sự sợ hãi (tài khoản sắp bị khóa, dính dáng đến rửa tiền) hoặc lòng tham (trúng thưởng lớn). Những người có thói quen phản ứng nhanh theo cảm xúc, thiếu khả năng điềm tĩnh đánh giá tình hình, thường bấm vào đường link độc hại ngay lập tức. Sự tỉnh táo trước tội phạm mạng không đến từ việc bạn thông minh bao nhiêu, mà nằm ở khả năng làm chủ bản thân. Khi nhận được một cuộc gọi hay tin nhắn khiến bạn cảm thấy vô cùng lo sợ, cấp bách hoặc được tâng bốc, quy tắc vàng là: Hãy dừng lại ít nhất 60 giây trước khi đưa ra bất kỳ quyết định nào. Nhật Minh (Theo Psychology Today)",1,spam
"Ồ, tôi sẽ được trả tiền.",0,ham
Delhi và Chennai vẫn im lặng.,0,ham
Bạn ở đâu ?,0,ham
Crazy ar anh ấy đã kết hôn.,0,ham
"Ngày 22/4, Phòng Cảnh sát hình sự Công an TP Đà Nẵng khởi tố vụ án, khởi tố bị can và tạm giam Nguyễn Văn Dương (25 tuổi, quê Phú Thọ) và Đỗ Nguyễn Bích Trâm (24 tuổi, trú phường Thanh Khê, Đà Nẵng) về hành vi Rửa tiền. Theo điều tra, cuối tháng 3, một phụ nữ 37 tuổi ở phường Hòa Xuân (Đà Nẵng) trình báo bị một nhóm người lừa đảo chiếm đoạt gần 1,5 tỷ đồng qua mạng xã hội Facebook. Cơ quan công an xác định, nhóm lừa đảo lập các trang Facebook giả mạo thương hiệu thời trang ""Yody"", đăng tin ""tri ân khách hàng"", ""tặng quà kỷ niệm ngày thành lập"" để dụ dỗ nạn nhân tham gia các gói trúng thưởng. Nhóm dẫn dắt nữ nạn nhân chuyển tiền theo từng ""đơn hàng"" để nhận thưởng. Khi số tiền lớn, bị hại thực hiện rút tiền, các nghi phạm viện lý do sai thông tin để yêu cầu chuyển thêm tiền rồi chiếm đoạt. Sau khi chiếm đoạt tiền, kẻ gian đã luân chuyển qua nhiều tài khoản ngân hàng cá nhân và doanh nghiệp nhằm che giấu nguồn gốc, gây khó khăn cho công tác truy vết. Mở rộng truy vết dòng tiền, cảnh sát xác định Dương và Trâm là hai mắt xích trực tiếp liên quan. Khi bị triệu tập đến cơ quan công an làm việc, cả hai khai nhận từ ngày 26/2 đến 23/3 đã xuất cảnh sang khu vực Sihanoukville (Campuchia) làm việc cho một công ty không rõ lai lịch. Nhiệm vụ của Dương và Trâm là sử dụng các tài khoản ngân hàng cá nhân để nhận tiền lừa đảo, sau đó chuyển tiếp qua nhiều tài khoản khác hoặc mua tiền ảo USDT theo chỉ đạo. Để phục vụ việc này, Dương mở 8 tài khoản, Trâm mở 7 tài khoản ngân hàng. Mỗi tháng, các nghi phạm được trả công khoảng 30 triệu đồng. Dù biết rõ đây là tiền do phạm tội mà có, cả hai vẫn thực hiện để thu lợi bất chính hơn 410 triệu đồng. Cảnh sát đã thu giữ 5 điện thoại di động, một máy tính xách tay cùng nhiều tài liệu liên quan. Vụ án đang được điều tra mở rộng để làm rõ các cá nhân khác trong đường dây. Ngọc Trường",1,spam
1000 của các cô gái nhiều địa phương 2 u who r virgins 2 Điều này & r đã sẵn sàng 2 4fil ur mọi nhu cầu tình dục.,1,spam
Thk một số em tìm thấy wtc quá xa ... weiyi không đi ... e nghỉ ngơi tôi chưa ...,0,ham
"Ngày 29/3, Công an Đồng Nai bắt tạm giam 343 người về tội Sử dụng mạng máy tính, mạng viễn thông, phương tiện điện tử thực hiện hành vi chiếm đoạt tài sản. Trước đó, ngày 17/3, tại Cửa khẩu quốc tế Hoa Lư, Cục Cảnh sát hình sự (C02, Bộ Công an), Công an tỉnh Đồng Nai phối hợp Bộ đội Biên phòng tiếp nhận gần 400 người Việt Nam do lực lượng chức năng Campuchia bàn giao. Phần lớn trong số họ hoạt động trong các đường dây lừa đảo trực tuyến xuyên quốc gia vừa bị nước bạn triệt xóa. Sau khi tiếp nhận, Bộ đội Biên phòng đã xử phạt vi phạm hành chính 331 trường hợp; trong đó 328 trường hợp có hành vi qua lại biên giới không làm thủ tục xuất nhập cảnh; tổng số tiền phạt hơn 2,4 tỷ đồng. Qua điều tra, cảnh sát xác định nhóm này từng làm việc tại các cơ sở lừa đảo, sử dụng Whatssap, Zara, Gap, Instagram, Facebook... để chiếm đoạt tài sản của những nạn nhân Việt Nam qua Internet. Cơ quan chức năng khuyến cáo người dân cần nâng cao tinh thần cảnh giác, ""không nhẹ dạ cả tin""; không cung cấp thông tin cá nhân, mã OTP hoặc chuyển tiền cho người lạ. Người dân không truy cập đường link, cài đặt ứng dụng không rõ nguồn gốc và luôn kiểm tra, xác minh thông tin trước khi giao dịch trên mạng. Phước Tuấn",1,spam
"Bạn có thể giành được Å £ 100 của các phiếu quà tặng âm nhạc mỗi tuần bắt đầu từ bây giờ TXT từ rút tới 87066 tscs www.ldew.com skillgame, 1Winaweek, Age16.150ppermesssub",1,spam
"Emma Johnson, 48 tuổi, sống tại hạt Nottinghamshire, Anh, gần đây mua một thẻ quà tặng tại siêu thị Tesco để làm quà sinh nhật cho em trai. Bố và anh trai bà cũng mua hai thẻ quà tặng tương tự tại cùng siêu thị. Tuy nhiên, khi người em trai mang ba tấm thẻ quà tặng có tổng trị giá 120 bảng đi sử dụng, toàn bộ số tiền trong đó đã biến mất. Johnson cho rằng các thẻ quà tặng này đã bị can thiệp ngay trong siêu thị và tiền bị rút sạch ngay sau khi thẻ được kích hoạt. Tại Anh, thẻ quà tặng là một trong những hình thức tặng quà phổ biến nhất, đặc biệt là vào dịp Giáng sinh và sinh nhật. Loại thẻ phổ biến nhất là One4all, cho phép người dùng sử dụng để mua sắm tại hàng chục thương hiệu. Cơ quan Tiêu chuẩn Thương mại và Cơ quan Trình báo Lừa đảo (RF), hai tổ chức tại Anh về bảo vệ người tiêu dùng, tuần qua cảnh báo tội phạm mạng đang chuyển hướng nhiều hơn sang lừa đảo thẻ quà tặng để chiếm đoạt tài sản, giữa lúc các ngân hàng ngày càng siết chặt bảo mật. Theo đó, kẻ gian thường nhắm vào cả thẻ quà tặng trực tuyến lẫn thẻ giả tại cửa hàng, rút sạch tiền trong thẻ hoặc lừa người mua nạp tiền rồi rút sạch mà không để lại dấu vết. RF ước tính số vụ lừa đảo thẻ quà tặng đã tăng khoảng 25% trong hai năm qua. Trong giai đoạn 2023-2024, họ nhận được 9.386 đơn trình báo liên quan gian lận thẻ quà tặng, với tổng thiệt hại vượt 18,5 triệu bảng Anh (hơn 24 triệu USD). Đại diện Tesco khẳng định doanh nghiệp này có các biện pháp kỹ thuật và vận hành chặt chẽ nhằm ngăn chặn và xử lý tình trạng can thiệp vào thẻ quà tặng được bày bán. Siêu thị khuyến nghị khách hàng kiểm tra cẩn thận thẻ quà tặng trước khi mua và liên hệ bộ phận chăm sóc khách hàng nếu nghi ngờ mình là nạn nhân của gian lận. Giám đốc RF Amanda Wolf nói nhiều nạn nhân không trình báo sau khi mắc bẫy lừa đảo thẻ quà tặng, khiến giới chức Anh khó xác định mức độ phổ biến của loại hình tội phạm này. Phần lớn các vụ lừa đảo được ghi nhận vào tháng 1, sau mùa mua sắm lễ Giáng sinh. Những trường hợp phổ biến gồm mua phải thẻ quà tặng giả trên mạng, thẻ vật lý đã bị can thiệp hoặc bị lừa mua thẻ giả để đưa cho người khác. Louise Baxter, Trưởng nhóm Chống lừa đảo thuộc Cơ quan Tiêu chuẩn Thương mại Anh, cho biết việc gian lận thẻ quà tặng gia tăng ""không phải điều bất ngờ"", khi các ngân hàng đang siết kiểm soát chuyển tiền. Người tiêu dùng chưa lường trước nguy cơ bị lừa đảo thông qua thẻ quà tặng do đây là hình thức gian lận tương đối mới. Baxter cho rằng các cơ quan chức năng và doanh nghiệp cần chạy đua thích ứng với phương thức mới của tội phạm lừa đảo. ""Đôi khi tôi có cảm giác như đang chơi trò đập chuột, xử lý được chỗ này thì chỗ khác lại xuất hiện"", bà nói. Bộ Nội vụ Anh tuyên bố sẽ đưa mọi thủ phạm lừa đảo ra trước công lý, đồng thời cho biết sẽ công bố chiến lược chống gian lận thẻ quà tặng trong năm tới. ""Chúng tôi kêu gọi mọi người hãy dừng lại và suy nghĩ khi giao dịch. Không một tổ chức hợp pháp nào yêu cầu bạn thanh toán dịch vụ bằng thẻ quà tặng"", người phát ngôn Bộ Nội vụ Anh nhấn mạnh. Thanh Danh (Theo BBC, Independent)",1,spam
"Công cụ tốt, sẽ làm.",0,ham
Văn bản vượt qua 69669 để thu thập nhạc chuông đa âm của bạn.,1,spam
"44 7732584351, bạn có muốn một chiếc điện thoại màu Nokia 3510i mới được phân phối không?",1,spam
Sis của tôi đang bắt gặp chương trình E vào buổi chiều nên tôi không xem cô ấy.,0,ham
Miễn sử miễn phí: Jamster! Nhận âm thanh ếch điên ngay bây giờ!,1,spam
Cập nhật mới nhất: Bộ Giáo dục và Đào tạo vừa công bố phương án thi tốt nghiệp THPT với nhiều điểm mới về cấu trúc đề thi và hình thức xét tuyển đại học. Học sinh cần nắm rõ lịch trình để chuẩn bị tốt nhất. Chi tiết xem tại cổng thông tin chính thức.,0,ham
Pandy đã tham gia 4W Technologies hôm nay. Anh ấy có công việc ..,0,ham
Tôi có thể hiểu ý kiến của bạn về một cái gì đó đầu tiên không?,0,ham
Đây là chúc bạn một ngày tuyệt vời.,0,ham
"Ngày 10/8, Quân và Bùi Bảo Long, 21 tuổi, bị Công an phường Đồng Thuận điều tra về hành vi giả cảnh sát, trấn lột tiền người dân. Theo điều tra, tối hôm qua, Quân (làm nghề shipper) chạy xe máy đã sửa biển số chở Long (nhân viên bảo vệ) đi uống nước. Tại đây, hai người bàn bạc về việc giả cảnh sát đi bắt các xe lạng lách, vi phạm. Tiếp đó, Quân và Long chở nhau qua nhiều tuyến đường, thấy hai thanh niên chạy phía trước liền bám theo. Đến trước căn nhà trên đường Lý Thánh Tông, phường Đồng Thuận, Quân chạy vượt lên ép xe họ, yêu cầu dừng lại. Quân sau đó lấy điện thoại có ảnh mình mặc trang phục Cảnh sát cơ động đưa cho 2 thanh niên xem, yêu cầu kiểm tra giấy tờ. Quân đe dọa về hành vi chạy nhanh, xe không gương và thay đổi kết cấu. Hai cảnh sát giả yêu cầu họ chạy thêm một đoạn, bỏ 300.000 đồng vào cốp xe đã mở sẵn ""sẽ được tha"". Lấy được tiền, Quân và Long đã tiêu xài chung. Tại cơ quan công an, hai người thừa nhận hành vi phạm tội. Đắc Thành",1,spam
Hard Live 121 Trò chuyện chỉ 60p/phút.,1,spam
Freemsg: TXT: Gọi đến số: 86888 và yêu cầu phần thưởng của bạn trong 3 giờ nói chuyện thời gian sử dụng từ điện thoại của bạn ngay bây giờ!,1,spam
"Vào hè, giá vé máy bay và phòng khách sạn thường ghi nhận mức tăng phổ biến từ 15% đến 40% so với ngày thường. Tại nhiều điểm đến nổi tiếng, tình trạng kín phòng thường xuyên diễn ra vào các dịp cuối tuần. Do đó, việc chủ động lên kế hoạch từ sớm được xem là giải pháp hiệu quả để kiểm soát chi phí. Theo ghi nhận từ công ty lữ hành Lavia Travel, phần lớn khách hàng hiện nay có xu hướng chốt dịch vụ trước ngày khởi hành từ 4 đến 6 tuần nhằm đảm bảo quỹ phòng và có mức giá vé tốt nhất. Bên cạnh đó, trong bối cảnh nhu cầu du lịch tăng cao vào mùa hè, thị trường cũng xuất hiện tình trạng một số đối tượng giả mạo đơn vị du lịch để tư vấn và yêu cầu khách chuyển khoản đặt cọc. Đại diện Lavia Travel cho biết. doanh nghiệp từng tiếp nhận các trường hợp khách hàng liên hệ xác minh thông tin khi gặp phải các fanpage hoặc tài khoản sử dụng tên gọi, hình ảnh tương tự các thương hiệu du lịch uy tín. ""Việc khách hàng chủ động kiểm tra thông tin trước khi giao dịch là rất cần thiết, đặc biệt trong mùa cao điểm"", đại diện doanh nghiệp khuyến nghị. Ông Trần Xuân Trọng, người sáng lập Lavia Travel, cho biết dịp hè là giai đoạn khách tăng mạnh nhất, trong đó tệp khách gia đình chiếm tới gần 60% tổng lượng đặt dịch vụ tại đơn vị. ""Nhóm khách này thường ưu tiên các điểm nghỉ dưỡng, yêu cầu lịch trình nhẹ nhàng, dịch vụ trọn gói nhằm tối ưu thời gian thư giãn. Nắm bắt tâm lý này, chúng tôi đang đẩy mạnh hệ sinh thái sản phẩm từ các tuyến trong nước, quốc tế cho đến các hành trình thiết kế riêng"", ông Trọng nói. Để đón đầu nhu cầu thị trường, Lavia Travel lên phương án giữ quỹ phòng, vé máy bay từ sớm. Việc hợp tác chặt chẽ với đối tác cung ứng giúp doanh nghiệp duy trì mức giá cạnh tranh. Thay vì rập khuôn, các sản phẩm được mở rộng dưới dạng combo vé và khách sạn, tour nghỉ dưỡng cao cấp hoặc lịch trình linh hoạt cho từng nhóm khách như cặp đôi, hội nhóm hay đoàn doanh nghiệp. ""Thị trường ghi nhận sự lên ngôi của các xu hướng xê dịch mới, điển hình là du lịch chậm, nghỉ dưỡng kết hợp chăm sóc sức khỏe và du lịch xanh"", đại diện Lavia Travel cho biết thêm. Đại diện Lavia Travel cũng khuyến nghị du khách nên dành thời gian tìm hiểu thông tin điểm đến, thời tiết và văn hóa bản địa. đồng thời ưu tiên lựa chọn đơn vị uy tín, có quy trình rõ ràng. Du khách nên kiểm tra kỹ thông tin trước khi thực hiện giao dịch đặt cọc để tránh rủi ro không đáng có, đảm bảo một kỳ nghỉ trọn vẹn trong mùa cao điểm. Thanh Thư",1,spam
"15 năm trước, ngày 1/6/2011, C03 khởi tố, ra lệnh bắt bị can để tạm giam với Phạm Thanh Hải, sinh năm 1977, kế toán viên Cục Điện ảnh Hà Nội, để điều tra tội Lừa đảo chiếm đoạt tài sản theo điều 139 Bộ luật Hình sự năm 1999. Hải bỏ trốn khỏi nơi cư trú nên công an phát lệnh truy nã từ năm 2012. Từ ngày 19/6, vụ án được phục hồi điều tra. C03 yêu cầu bị can Hải tự giác ra đầu thú, nếu không thì coi như từ bỏ quyền tự bào chữa và sẽ bị điều tra, truy tố, xét xử theo quy định. Công an xác định, trong 3 năm 2008 đến 2011, Hải lợi dụng sơ hở để lập khống hồ sơ ủy nhiệm chi, lập khống chứng từ, giả chữ ký của lãnh đạo. Sau đó, Hải chuyển tiền từ tài khoản của Cục Điện ảnh về tài khoản của Trung tâm Điện ảnh chiều thứ 7. Tiếp đến, Hải lập séc, ủy nhiệm chi có chữ ký của lãnh đạo để chuyển khoản đi nhiều nơi hoặc trực tiếp rút tiền mặt, chiếm đoạt hơn 36 tỷ đồng rồi bỏ trốn. Hồi năm 2012, Cơ quan Cảnh sát điều tra Bộ Công an đã kết thúc điều tra vụ án liên quan đến Hải. Trong đó, ông Lê Ngọc Minh, nguyên Cục phó Điện ảnh kiêm Giám đốc Trung tâm Điện ảnh chiều thứ 7; bà Trần Thị Kim Phụng, cựu kế toán, phó phòng Kinh tế kỹ thuật Cục Điện ảnh; bà Nguyễn Thị Kim Chi và Nguyễn Thu Hiền, cựu kế toán viên Kho bạc Nhà nước Ba Đình, bị cáo buộc về tội Thiếu trách nhiệm gây hậu quả nghiêm trọng.",1,spam
Thủ đoạn mạo danh nhân viên ngân hàng gọi điện hỗ trợ nâng hạn mức tín dụng hoặc mở thẻ tín dụng online. Đối tượng gửi đường link giả mạo yêu cầu nhập mã OTP và thông tin tài khoản để chiếm đoạt tiền. Cần hết sức cảnh giác để tránh mất tiền.,1,spam
7 lor ... thay đổi 2 suntec ... thời gian bạn đến?,0,ham
Bây giờ tôi nhưng phải đợi đến 2 chiếc xe buýt để chọn tôi.,0,ham
Sáu cơ hội để giành được tiền mặt!,1,spam
Không. Tôi đoán là Nosy.,0,ham
Tôi có giấc ngủ tệ hại.,0,ham
"Bạn có thể quyên góp £ 2,50 cho Quỹ hỗ trợ thảm họa Áo châu Á của UNICEF bằng cách nhắn tin quyên góp cho 864233. £ 2,50 sẽ được thêm vào hóa đơn tiếp theo của bạn",1,spam
Đây là lần thứ 2 chúng tôi đã cố gắng liên hệ với u.,1,spam
"XXXMOBILEMOVIECLUB: Để sử dụng tín dụng của bạn, nhấp vào liên kết WAP trong thông báo TXT tiếp theo hoặc nhấp vào đây >> http: // wap.",1,spam
Themob> yo yo yo-here đến một lựa chọn mới về tải xuống nóng cho các thành viên của chúng tôi để nhận miễn phí!,1,spam
"""Đây là nhóm người nước ngoài có dấu hiệu hoạt động lừa đảo công nghệ cao xuyên quốc gia, âm mưu xây dựng địa bàn hoạt động lâu dài tại Việt Nam"", Công an tỉnh Phú Thọ cho biết ngày 11/6. Hiện, Cơ quan An ninh điều tra tỉnh đã ra lệnh giữ người trong trường hợp khẩn cấp với Zhao Wei Zhong (A Châu, quốc tịch Trung Quốc), Nguyễn Thành Long, Trần Thị Thu Hường và Phạm Đình Nam. >> Bên trong trung tâm lừa đảo bị cảnh sát đột kích Đưa người từ Campuchia sang Việt Nam Tài liệu điều tra ban đầu xác định nhóm nghi phạm có nguồn gốc từ các tổ chức lừa đảo trực tuyến hoạt động tại Campuchia. Trước đây, họ từng làm việc trong các đường dây được tổ chức khép kín, từ tiếp cận khách hàng, tư vấn đầu tư đến hướng dẫn chuyển tiền và quản lý dòng tiền chiếm đoạt được. Gần đây, khi nhà chức trách Campuchia tăng cường truy quét các trung tâm lừa đảo trực tuyến, nhóm này tìm cách chuyển địa bàn hoạt động sang quốc gia khác. Theo công an, Việt Nam được chúng lựa chọn do có nhiều khu nghỉ dưỡng, farmstay và villa biệt lập, xa khu dân cư; thuận lợi cho việc tập trung số lượng lớn người nước ngoài và lắp đặt hệ thống thiết bị điện tử phục vụ hoạt động trên không gian mạng. Từ kế hoạch này, Zhao Wei Zhong được giao nhập cảnh vào Việt Nam để khảo sát địa điểm, điều phối hoạt động và tiếp nhận các thành viên từ Campuchia sang. Hồi tháng 5, nhóm nghi phạm đã đưa hàng chục công dân Trung Quốc đến lưu trú tại nhiều địa điểm ở Hà Nội, Lào Cai và Phú Thọ. Trong số này có 16 người không có giấy tờ nhập cảnh hợp pháp. Để tránh bị phát hiện, họ liên tục thay đổi nơi ở và ưu tiên thuê các địa điểm có diện tích lớn, hạn chế tiếp xúc với người dân địa phương. Chuẩn bị hàng trăm thiết bị để vận hành Công an xác định nhóm này không chỉ đưa người sang Việt Nam mà còn chuẩn bị cơ sở vật chất để xây dựng một trung tâm lừa đảo trực tuyến quy mô lớn. Tại các địa điểm thuê, họ lắp đặt hệ thống máy tính, điện thoại, thiết bị phát sóng Internet, bàn ghế làm việc, giường tầng và nhiều vật dụng phục vụ sinh hoạt tập trung. Khám xét đầu tháng 6, lực lượng chức năng thu giữ 73 bộ máy vi tính, 134 điện thoại di động, 34 USB lưu trữ dữ liệu, 20 bộ thiết bị phát sóng wifi, 3 thẻ SIM, 5 máy tính xách tay, 2 máy tính bảng cùng hàng trăm bộ bàn ghế, giường tầng, đệm ngủ. Theo công an, số lượng lớn thiết bị điện tử và cơ sở vật chất cho thấy nhóm nghi phạm đã chuẩn bị điều kiện để vận hành một trung tâm lừa đảo tập trung. Nhà chức trách cho rằng việc phát hiện, thu giữ toàn bộ số thiết bị trên đã kịp thời ngăn chặn đường dây đưa hệ thống vào hoạt động. Phạm Dự",1,spam
Khi nào tôi nên đến?,0,ham
Gọi cho Đức chỉ với 1 pence mỗi phút!,1,spam
"Silvia, một nha sĩ người Tây Ban Nha, tin rằng đã tìm được tình yêu sau các cuộc trò chuyện trên ứng dụng Tinder với Brian - người tự nhận là lính Mỹ đang làm nhiệm vụ ở Syria. Brian liên tục gửi lời yêu thương và hứa sớm sang Tây Ban Nha gặp mặt. Silvia mua hai chiếc nhẫn cưới để chờ đợi. Sau đó, kẻ mạo danh kể rằng đã phát hiện những thỏi vàng trong lúc làm nhiệm vụ và cần giúp đỡ tài chính để vận chuyển chúng ra khỏi vùng chiến sự. Con trai Silvia, nhà báo Carlos Barragán, nghi ngờ đây là màn kịch để lừa tiền. Khi dùng công cụ truy vết địa chỉ IP của email, anh phát hiện tin nhắn không xuất phát từ Trung Đông mà từ Lagos, Nigeria. Ám ảnh bởi câu hỏi vì sao mẹ mình lại mắc bẫy, Barragán quyết định sang Nigeria điều tra. Dù không tìm được danh tính kẻ lừa đảo, anh vẫn thâm nhập vào thế giới của ""Yahoo Boys"" - biệt danh của các nhóm lừa đảo trực tuyến tại đây. Ban đầu Barragán hình dung sẽ đối mặt với một mạng lưới tội phạm công nghệ cao được tổ chức chặt chẽ. Nhưng thực tế hoàn toàn khác. Phần lớn ""Yahoo Boys"" là những thanh niên thất nghiệp, làm việc một mình trong phòng trọ và thức trắng đêm để tránh sự chú ý của cha mẹ. Ước tính có khoảng 45-80% thanh niên tại Lagos tham gia hoạt động này. Kịch bản lừa đảo thường qua hai bước. Chúng lấy cắp hình ảnh từ các tài khoản mạng xã hội ""bị bỏ rơi"" (tài khoản bị chủ nhân bỏ quên hoặc đã lâu không hoạt động), sau đó gửi tin nhắn hàng loạt trên Facebook, Instagram hay Tinder. Bisola, một nữ lừa đảo ngoài 20 tuổi thường mạo danh phụ nữ Mỹ, cho biết tỷ lệ thành công là 1/50. ""Hầu hết mọi người trên mạng đều cô đơn. Khi họ sẵn sàng trả tiền để không bị buồn chán, việc đưa vào bẫy khá dễ dàng"", Bisola kể. Ben, một thanh niên bỏ nghề sửa máy phát điện để đi lừa đảo, cho biết bí quyết là xây dựng lòng tin bằng cách nhắn tin hỏi han từ sáng đến tối. Yêu cầu chuyển tiền chỉ xuất hiện sau nhiều tháng, với các lý do như đóng viện phí, tai nạn hoặc tranh chấp thừa kế. Với nhiều thanh niên Nigeria, lừa đảo là cách sinh tồn giữa bối cảnh thất nghiệp và lạm phát. Tunde, ngoài 20 tuổi, cho biết những tháng thuận lợi có thể kiếm được 600-1.200 USD, cao hơn nhiều so với mức lương tối thiểu 38 USD của công chức. Với Azeez, thợ may học việc 14 tuổi, một chiếc thẻ quà tặng 10 USD lừa được từ một nạn nhân người Anh đủ để trả tiền thuê nhà cả tháng cho gia đình. Để giảm cảm giác tội lỗi, nhóm này gọi nạn nhân là ""khách hàng"" và coi đây là dịch vụ đổi tiền lấy sự bầu bạn. Trong suốt hành trình điều tra, Barragán hy vọng mình sẽ khám phá ra một chiêu trò đủ tinh vi để lý giải vì sao mẹ mình bị lừa. Cuối cùng anh nhận ra những kẻ lừa đảo thành công không phải vì chúng quá thông minh, mà vì chúng dành thời gian lắng nghe, hỏi han và khiến người đối diện cảm thấy được yêu thương. Khi niềm tin đủ lớn, yêu cầu chuyển tiền mới xuất hiện. Theo Ủy ban Thương mại Liên bang Mỹ (FTC), lừa đảo tình cảm khiến người Mỹ mất gần 1,5 tỷ USD trong năm 2025. Tại Anh, số vụ báo cáo cũng tăng gần 30% trong năm qua. Trong cuốn sách The Yahoo Boys mới xuất bản, Barragán cảnh báo trí tuệ nhân tạo (AI) sẽ giúp tội phạm tạo ra các cuộc trò chuyện tự nhiên và tiếp cận lượng nạn nhân lớn hơn mà không cần nhiều nhân lực. Ủy ban Tội phạm Kinh tế và Tài chính Nigeria (EFCC) coi nhóm lừa đảo này là ""nỗi nhục quốc gia"". Cơ quan này đang mở các chiến dịch truy quét, cảnh báo tội phạm mạng ngày càng gắn chặt với các hoạt động rửa tiền xuyên quốc gia. Bảo Nhiên (Theo Economist, Le Monde)",1,spam
<Được chuyển tiếp từ 88877> Nhập miễn phí vào Å £ 250 của chúng tôi comp chỉ cần gửi từ nhập tới 88877 ngay bây giờ.,1,spam
O không thành FPS sau đó.,0,ham
Đừng quên bạn có thể đặt nhiều yêu cầu miễn phí với 1stchoice.co.uk như bạn muốn.,1,spam
Rất nhiều điều bệnh tật này đi vòng quanh.,0,ham
Bạn vẫn đang nhận được hàng hóa.,0,ham
"Rùa biển sa lưới ‘vươn cổ cúi lạy’, ông chủ bèn mua rồi phóng sinh, 16 năm sau chú rùa quay lại trả ơn
Tại Cơ Long, Đài Loan có một cửa hàng mang tên “Ngộ Duyên Hào”. Ông chủ Lâm vốn là một người tốt bụng, thường làm việc thiện, khu vực ông sống có nhiều những cư dân đánh cá kiếm sống quanh đó.
 
 Một ngày, ngư dân dùng lưới bắt được một con rùa lớn, đúng lúc khi họ chuẩn bị đem đi giết thịt bán thì ông Lâm đi ngang qua, nhìn thấy cảnh tượng con rùa không ngừng vươn cổ cúi đầu như lạy người xung quanh, nước mắt chảy dòng, dường như cầu cứu mọi người. Ông Lâm đã xuất tâm từ bi, không tiếc bỏ ra một số tiền lớn để mua con rùa, đồng thời nhờ mọi người giúp đưa nó trở lại biển để phóng sinh.
 
 Do lo lắng rằng ai đó sẽ lại bắt lấy nó và giết, vì vậy ông đã viết lên mai của rùa 5 chữ là “Gặp duyên số phóng sinh”, với hy vọng người sau sẽ từ bi, khai ân cho nó được sống tự do, đừng tùy ý giết hại nó. Sau khi viết xong họ liền đưa chú rùa ra biển phóng sinh, rất nhiều người dân tại bãi biển khi ấy đều nhìn thấy con rùa khổng lồ nổi lên, không ngừng vươn cổ hướng về phía ông Lâm như khấu đầu tạ ơn.
 
 Mọi người chứng kiến cảnh tượng đều cảm thấy rất cảm động. Bởi vậy, họ cũng tự hứa với nhau, nếu sau này gặp phải một con rùa lớn như vậy, họ sẽ không bắt, không giết và cũng không ăn. Vậy nên, cho đến ngày hôm nay nó vẫn còn tồn tại ở khu vực này.
 
 Sự việc trôi qua 16 năm, cậu con trai thứ hai của ông Lâm giờ đây đang theo học ở một trường thương nghiệp tại Đài Bắc, trong dịp nghỉ lễ cậu tranh thủ về thăm nhà. Lần đó, trên chuyến hành trình trở về, do thuyền đi ngược dòng nước biển cùng thời tiết xấu, thật không may con tàu bị sóng đánh và chìm. Hơn 100 hành khách trên tàu, thì có đến 90 người bị dòng nước nhấn chìm.
 
 Con trai ông Lâm mặc dù biết bơi, nhưng sóng biển quá lớn, anh gần như bị nhấn chìm, kiệt sức vật lộn giữa sóng dữ. Đột nhiên anh cảm thấy cơ thể mình như được đẩy lên bởi một vật giống như chiếc bàn tròn lớn, nhìn kỹ, hóa ra anh đang nằm trên lưng một con rùa, sau đó nhìn kĩ hơn, anh thấy miệng của nó to như một chậu rửa mặt. Anh hoảng sợ và thầm nghĩ chẳng lẽ mình phải chôn thân trong bụng con rùa này. Định quay người nhảy xuống dòng nước, nhưng khi đó anh đã quá đuối sức, không còn sức lực để tranh đấu tiếp nữa.
 
 Mệt nhoài nằm trên lưng rùa một thời gian rất lâu, khi tỉnh táo nhìn xuống, đột nhiên anh thấy trên lưng con rùa viết 5 chữ “gặp duyên số phóng sinh”. Anh mới chợt nhớ, con rùa biển này chính là con rùa mà cha anh đã từng cứu mạng. Trong lòng anh chuyển từ sợ hãi thành niềm vui, hóa ra chú rùa chính là đến cứu mình. Vì vậy, anh đã ôm chú rùa biển, để chú rùa mang mình đi, trong miệng liên tụng niệm Phật và đội ơn trời đất.
 
 Con rùa bơi trên biển, cố gắng để đưa anh vào bờ, khi sắp cập bờ, anh vui mừng nhảy xuống vùng nước nông. Con trai ông Lâm liền chắp tay cảm tạ ơn cứu mạng của con rùa. Con rùa cũng vươn cổ lên, hơn nữa còn mở miệng phát ra âm thanh, tỏ vẻ rất vui, một lúc mới quay đầu và bơi đi. Người dân trên bờ nhìn thấy từ xa vội chạy đến chúc mừng.
 
 Những người dân địa phương khi biết về sự việc đều rất xúc động, đồng thời từ đó họ luôn vui vẻ hành thiện. Ban đầu đã có một nhà chiêm tinh xem mệnh cho ông Lâm và nói rằng ông chỉ có thể sống tới năm 70 tuổi, nhưng ông Lâm đã sống đến 88 tuổi, hơn nữa không hề có bệnh nào và có được một kết thúc có hậu.
 
 Trong thế giới rộng lớn này, làm sao chú rùa biển có thể biết được sắp có tai nạn trên biển? Và cũng làm thế nào nó biết được người con trai thứ hai của ân nhân mình ngày hôm nay sẽ gặp nạn? Họ đều chưa bao giờ gặp nhau, vậy làm thế nào con rùa có thể tìm thấy anh ấy trên biển cả, và lại còn có thể chở anh ta trên lưng? Chúng ta chỉ có thể nói rằng quan hệ nhân quả thật không sai chệch chút nào. Chú rùa biết đền ơn đáp nghĩa, không ngại sóng to gió lớn mà đưa con trai của ân nhân an toàn trở về nhà, đây quả thực giống như một câu chuyện cổ tích giữa đời thường.
 
 
 Tuệ Minh",1,spam
Tessy..pls giúp tôi một việc.,0,ham
Huh nhưng tôi có bài học ở 4 lei n Tôi đã nghĩ đến việc đi học trước đó n i tot của bãi đậu xe tại Kent Vale ...,0,ham
"Goodmorning, hôm nay tôi đến muộn & lt; thập phân & gt;",0,ham
"""Được gọi là bố oredi ...",0,ham
Đã có một chàng trai yêu bạn:-.,0,ham
"Ngày 10/3, Công an tỉnh Bắc Ninh cho biết đang tiếp tục điều tra hành vi của nhóm này. Đường dây do Phòng quản lý Xuất nhập cảnh Công an Bắc Ninh phối hợp với Cục Quản lý Xuất nhập cảnh Bộ Công an và các đơn vị liên quan triệt phá. Theo công an, nghi phạm cầm đầu Son ChanHyun, 42 tuổi, khai cả nhóm được người tên Da Hu (quốc tịch Trung Quốc, cư trú ở Campuchia) tuyển dụng để gọi điện thoại lừa đảo. Do gần đây các tổ chức lừa đảo bị truy quét mạnh ở Campuchia, ông chủ yêu cầu nhóm này sang Việt Nam. Ngày 13/1, nhóm của Son ChaHyun từ Campuchia nhập cảnh Việt Nam qua sân bay quốc tế Nội Bài theo diện đơn phương miễn thị thực. Đầu tháng 2, cả nhóm thuê nhà tại phường Hạp Lĩnh, Bắc Ninh, làm đại bản doanh. Son ChaHyun lập nhóm trên Telegram để giao việc cho 7 người đồng hương và quản lý chế độ thưởng, phạt, trả lương. Kịch bản lừa đảo sẽ do Son ChaHyun xây dựng và yêu cầu những người còn lại cùng nghiên cứu, ""dựa vào kinh nghiệm lừa đảo lâu năm"" để đổi mới phương thức lừa. Sau khi thống nhất được kịch bản, họ bắt đầu nhắm đến các cửa hàng, đại lý bán hàng đặt trụ sở ở Hàn Quốc. Khi đã tìm được loại mặt hàng kinh doanh, số điện thoại, địa điểm kinh doanh, chúng gọi điện giả danh là cơ quan ngoại giao đặt hàng ""số lượng lớn trong thời gian gấp"". Thấy lợi nhuận tốt, các chủ cửa hàng sẽ tìm nguồn cung cấp. Lúc này, Son ChaHyu đóng vai là đầu mối, gọi điện chào hàng với mức giá thấp. Nếu chủ cửa hàng đồng ý mua, Son ChaHyu sẽ yêu cầu đặt cọc trước 50% hoặc thanh toán toàn bộ tiền hàng. Tiền lừa được, nhóm này chặn toàn bộ cuộc gọi, tin nhắn với bị hại nhằm xóa dấu vết. Tiền được chuyển hết vào tài khoản cho Da Hu chỉ định. Hàng tháng, nhóm Son ChaHyu được ông chủ người Trung Quốc trả lương bằng bằng đồng tiền ảo (đồng tiền USDT), từ 2.000 đến 7.000 USDT. Công an tỉnh Bắc Ninh xác định, từ khi ở Campuchia và vào Việt Nam đến nay, nhóm này đã lừa đảo được khoảng 1,2 tỷ Won (tương đương 21 tỷ đồng). Trong đó, thời gian tại Việt Nam, nhóm lừa được khoảng 20 vụ, bị hại đều là người Hàn Quốc đang sinh sống tại nước họ, khoảng 622 triệu Won (khoảng 11 tỷ đồng).",1,spam
Ok ... tôi đã nhận được tin nhắn của bạn ...,0,ham
Bạn chỉ ghét tôi.,0,ham
"Tố giác chiêu trò: Chiêu trò lừa đảo tuyển dụng cộng tác viên chốt đơn hàng online trên các sàn thương mại điện tử. Ban đầu đối tượng trả hoa hồng đầy đủ, sau đó yêu cầu nạp số tiền lớn hơn để làm nhiệm vụ rồi khóa tài khoản. Nạn nhân nên trình báo cơ quan công an gần nhất.",1,spam
Xin chúc mừng bạn đã trao 500 phiếu chứng từ CD hoặc 125Gift Đảm bảo & Nhập miễn phí 2 100 WKLY Vẽ nhạc TXT tới 87066,1,spam
LOL thật tuyệt khi tôi đang đói.,0,ham
Bạn có muốn một chiếc điện thoại video mới?,1,spam
Okie nhưng tôi sợ bạn nói tôi béo ... rồi bạn không muốn tôi ...,0,ham
"Chào em yêu của nó Jordan, bạn thế nào?",1,spam
Số Voda Today kết thúc với 7634 được chọn để nhận phần thưởng Å £ 350.,1,spam
Làm ơn giúp tôi nói với Ashley rằng tôi không thể tìm thấy số của cô ấy oh,0,ham
"LookatMe !: Cảm ơn bạn đã mua một video clip từ LookatMe !, Bạn đã bị tính phí 35p.",1,spam
Người hâm mộ thể thao - Nhận Tin tức Thể thao mới nhất STR* 2 UR Mobile 1 WK miễn phí cộng với Tone Sport miễn phí trên 8007 www.getzed.co.uk 0870141701216+ Norm 4txt/120p,1,spam
Tôi sẽ ở đó trên & lt;#& gt;,0,ham
Xin chào tình yêu của tôi.,0,ham
Có hệ điều hành được gọi là Ubandu sẽ chạy mà không cần cài đặt trong đĩa cứng ... bạn có thể sử dụng hệ điều hành đó để sao chép các tệp quan trọng trong hệ thống và cung cấp cho cửa hàng sửa chữa ..,0,ham
Đừng b floppy ... B Snappy & Happy!,1,spam
"Yang Lei, 40 tuổi, làm hướng dẫn viên du lịch tại thành phố Tam Á, tỉnh Hải Nam. Ngày 6/3, anh tham gia ""tour hoang dã"" ngắm cảnh ở biên giới Thái Lan - Myanmar. Anh tin khu vực biên giới Thái Lan - Myanmar an toàn do thông tin về các chiến dịch truy quét tội phạm của chính quyền. Tuy nhiên, người dẫn đường địa phương đưa đoàn lách qua trạm kiểm soát và đụng độ một nhóm môi giới buôn người. 11 thành viên trong đoàn bị bắt sang khu vực hẻo lánh ở biên giới Myanmar và bị bán với giá 20.000 USDT (một loại tiền điện tử neo giá theo USD) mỗi người. Yang bị đưa đến một trại lừa đảo ở thị trấn Payathonzu, gần đèo Ba Chùa (Three Pagodas Pass). Anh cho biết khu trại này giam giữ hơn 300 người, được bao quanh bởi tường cao 6 m, rào thép gai và lính tuần tra có vũ trang. Quản lý tại đây sử dụng đòn roi để kiểm soát người lao động. Từng nhập ngũ năm 2002 và được huấn luyện trong lực lượng bộ binh, Yang tìm cách thích nghi. Tối đầu tiên, anh đánh người dẫn đường lừa đảo để gây ấn tượng với quản lý. Việc này giúp Yang được sạc điện thoại và gọi về nhà. Thời gian này, anh ghi nhớ sơ đồ, quy luật tuần tra để tìm lỗ hổng an ninh. Đêm 17/3, lợi dụng lính gác lơ là, Yang đi ra sau ký túc xá. Vận dụng kỹ năng từ đường vượt chướng ngại vật trong quân đội, anh gom bao cát và ván gỗ làm điểm tựa để nhảy qua bức tường. ""Tôi móc tay vào mép tường, dùng sức đu người sang bên kia"", Yang kể. Tổ chức lừa đảo phát hiện sự việc và thả chó nghiệp vụ lên núi truy tìm. Yang chạy vào rừng nguyên sinh, trát phân bò lên người để che giấu mùi cơ thể. Anh dùng kỹ năng sinh tồn tìm nguồn nước, băng qua các bụi gai và hướng về phía đường biên giới cách đó 3 km. Đến 1h sáng, Yang chạm trán lính gác vũ trang gần ranh giới. Anh ẩn nấp đến 3h sáng, dùng dây thừng khống chế lính gác rồi vượt biên. Trên đường đi, anh liên lạc với đồng đội cũ và cảnh sát qua tin nhắn để nhờ trợ giúp. Rạng sáng 19/3, Yang sang tới lãnh thổ Thái Lan. Anh ẩn nấp vào ban ngày và di chuyển vào ban đêm. Khi điện thoại còn 17% pin, anh gặp một người dân địa phương và liên hệ với Đại sứ quán Trung Quốc. Nửa tháng sau, Yang được cấp lại hộ chiếu và về nước. Kể lại câu chuyện trên mạng xã hội hồi cuối tháng 4, Yang cho biết khu trại anh từng ở giam giữ hơn 300 người. Xung quanh đó có khoảng hơn chục khu tương tự. Anh chứng kiến nhiều thanh niên kẹt lại 5 năm, bị bóc lột sức lao động tàn nhẫn. ""Đến giờ tôi. vẫn mơ thấy mình chạy trong núi, tỉnh dậy mồ hôi ướt đẫm"", Yang kể. Báo cáo của Văn phòng Cao ủy Nhân quyền Liên Hợp Quốc (OHCHR) xác nhận có ít nhất 120.000 ở Myanmar và 100.000 ở Campuchia đang bị ép buộc làm việc trong các trung tâm lừa đảo trực tuyến. Cựu quân nhân cảnh báo du khách không tham gia các chương trình du lịch tự phát tại các vùng biên giới, đồng thời tuân thủ biên giới quốc gia để đảm bảo an toàn. Minh Phương (Theo SCMP, HK01)",1,spam
"Tố giác chiêu trò: Chiêu trò lừa đảo tuyển dụng cộng tác viên chốt đơn hàng online trên các sàn thương mại điện tử. Ban đầu đối tượng trả hoa hồng đầy đủ, sau đó yêu cầu nạp số tiền lớn hơn để làm nhiệm vụ rồi khóa tài khoản. Hãy chia sẻ cho người thân cùng biết.",1,spam
Bạn có công việc trong wipro :) Bạn sẽ có được mọi thứ trong cuộc sống trong 2 hoặc 3 năm.,0,ham
Tin nhắn miễn phí: Nhạc chuông! Từ: http: // tms.,1,spam
Này ... Mấy giờ lái xe của bạn trên Fri?,0,ham
Anh bạn đã cắt tóc.,0,ham
"Trong một tin tức khác sau khi làm phiền tôi để lấy cỏ dại anh ta trong một tuần, Andres không có tiền.",0,ham
"Vì sao Toyota Vios tăng giá trong khi xe hãng khác giảm?
Toyota Vios mới lắp 7 túi khí, giá cao nhất 606 triệu tại Việt Nam
Hôm qua Vios ra mắt, đúng như đồn đoán giá xe tăng 40 triệu. Đọc trên báo chí, tôi thấy lý do đưa ra cho việc tăng giá khá quen thuộc, gần như hãng nào cũng dùng khi nói về vấn đề này. Đó là ""giá xe ảnh hưởng bởi nhiều yếu tố, trong đó thuế phí chỉ là một yếu tố"", đồng thời xe thêm trang bị nên phải tăng giá. Trong khi đó, Vios sản xuất nhiều nên sẽ được hưởng thuế linh kiện 0%.
Hyundai Accent mới cũng nhiều trang bị nhưng giảm giá, Honda City mới cũng đã giảm, nhưng Vios lại tăng. Nên nhớ, hàm lượng công nghệ mà Vios thêm vào mới đây cũng chỉ suýt soát hai đối thủ chứ chưa lấn lướt, còn thua kém về đèn LED hay Cruise Control. Thứ mà Vios hơn là giá. Vậy do đâu giá Vios lại cao hơn.
Đây là việc định giá riêng của mỗi hãng với bài toán về tối ưu hóa lợn nhuận. City và Accent cũng lắp ráp, các chính sách thuế phí 3 mẫu xe nhận được phải nói là ngang nhau. Nhưng Vios là cái tên đứng đầu thị trường về doanh số. Nên Toyota có cơ sở để nắm bắt tâm lý khách Việt, thêm một chút giá nhưng không thiệt vì lo khách chuyển sang hãng khác. Tôi thấy Toyota đã cực kỳ khôn ngoan và có kinh nghiệm vì sau bao năm, họ vẫn tăng giá phiên bản mới mà đâu có bị hao mòn lượng bán?
Công bằng mà nói, Vios mới với nhiều công nghệ không thể gọi là ""thùng tôn"" như cách chúng ta hay gọi nữa. Ba mẫu xe mạnh nhất phân khúc giờ đây ngang ngửa về tiện nghi, chỉ có cảm giác lái là khác. City thể thao, Accent năng động và Vios thì vẫn hiền lành trong khi kiểu dáng ngày càng trẻ.
Vậy với cách định vị sản phẩm như vậy, Vios sẽ tiếp tục đứng đầu phân khúc, hay có cuộc soán ngôi nào đó của Accent hay City?
Độc giả Nguyên Khoa",0,ham
"Thời buổi giờ xinh quá cũng là cái tội, như cô gái này chẳng hạn!
Nét mặt xinh xắn siêu dễ thương của cô gái trong loạt hình 4 biểu cảm đã khiến các nam nhân mạng xã hội sốt sắng không yên, và đây chính là thông tin của cô ấy!
Xinh nên bị để ý, câu nói ấy không chỉ đúng ở mọi lúc mọi nơi mọi hoàn cảnh mà đúng với bất cứ cô gái xinh đẹp nào. Đôi khi chỉ một bức hình xinh đẹp trên mạng xã hội, nhân vật trai xinh gái đẹp đó đã khiến cư dân mạng dậy sóng. Như cô gái có khuôn miệng biết cười này là một ví dụ.
Bức ảnh của thiếu nữ xinh đẹp khiến dân tình phát sốt
XEM THÊM: Choáng váng với dụng cụ tra tấn phụ nữ thời trung cổ, chỉ cần nhìn cũng tự khắc cắn lưỡi tự tử
Sau khi một bức hình của cô “lạc trôi” trên mạng xã hội, rất nhiều người đã xốn xang lên vì vẻ đẹp ngây thơ trong sáng của thiếu nữ này, tất nhiên chuyện săn lùng tên tuổi, địa chỉ facebook cũng không nằm ngoại lệ. Nhanh như một cơn gió, chỉ vài tiếng sau khi hình ảnh được lan truyền, cư dân mạng đã xác nhận được cô gái trong hình là Lê Nguyễn Bảo Quỳnh, một người mẫu teen tự do tại thành phố Hồ Chí Minh.
Cô gái sinh 9x này cuốn hút người đối diện bằng một đôi mắt ướt át, to tròn đầy ngơ ngác, khuôn mặt ngây thơ khiến chàng trai nào cũng muốn che chở.
Được biết, cô gái đến từ Gia Lai, từng học trường Đại học Sân khấu Điện ảnh và đang thử sức trong lĩnh vực người mẫu chuyên nghiệp. Trên trang cá nhân của cô sở hữu 13.000 người theo dõi và con số này vẫn đang tiếp tục tăng lên.",1,spam
85233 miễn phí> Nhạc chuông! Trả lời thật,1,spam
S S.. Thời gian trước..Dhoni Rocks ...,0,ham
Phụ thuộc vào người thay đổi tóc lor e cá nhân nói đẹp nhưng bố mẹ tôi nói cồng chiêng.,0,ham
Cảm thấy như thử Kadeem một lần nữa?,0,ham
"Vâng chắc chắn, hãy cho tôi một vài phút để theo dõi ví của tôi",0,ham
"Số điện thoại di động của chúng tôi đã giành được 5000 bảng Anh, để yêu cầu gọi lại cho chúng tôi hoặc gọi đường dây nóng yêu cầu theo số 09050005321.",1,spam
Các khoản vay cho bất kỳ mục đích ngay cả khi bạn có tín dụng xấu!,1,spam
"Bộ trưởng Thông tin Campuchia Neth Pheaktra cho biết dự thảo luật trấn áp các trung tâm lừa đảo trực tuyến được phê duyệt trong cuộc họp nội các ngày 13/3 do Thủ tướng Hun Manet chủ trì. Dự luật sẽ được trình quốc hội phê chuẩn, sau đó đệ trình lên Quốc vương Norodom Sihamoni để ban hành. Do đảng Nhân dân Campuchia (CPP) chiếm đa số ở hai viện quốc hội, dự luật có thể được thông qua dễ dàng. Văn bản này được kỳ vọng trở thành công cụ pháp lý quan trọng nhất của Campuchia trong cuộc chiến chống tội phạm lừa đảo trực tuyến và rửa tiền, đồng thời nhằm gửi thông điệp mạnh mẽ rằng Campuchia không phải ""thiên đường"" cho tội phạm mạng. Theo dự luật, những người tổ chức hoặc điều hành các trại lừa đảo trực tuyến sẽ đối mặt mức án 5-10 năm tù cùng khoản tiền phạt lên tới khoảng 1 tỷ riel (khoảng 250.000 USD). Nếu các hoạt động này liên quan đến bạo lực, tra tấn, giam giữ trái phép, buôn người hoặc lao động cưỡng bức, mức án sẽ tăng lên 10-20 năm tù và tiền phạt có thể lên tới 2 tỷ riel (khoảng 500.000 USD). Trong trường hợp hoạt động của các trại lừa đảo dẫn đến một hoặc nhiều người thiệt mạng, những kẻ cầm đầu có thể bị kết án 15-30 năm tù hoặc chung thân. Đối với những người trực tiếp tham gia lừa đảo nhưng ở cấp thấp hơn, mức án có thể vào khoảng 2-5 năm tù cùng tiền phạt khoảng 500 triệu riel. Theo Văn phòng Liên Hợp Quốc về Ma túy và Tội phạm, hoạt động lừa đảo mạng toàn cầu khiến các nạn nhân thiệt hại khoảng 64 tỷ USD mỗi năm. Trong khu vực Đông Nam Á, hàng trăm nghìn người tham gia vào các đường dây lừa đảo này. Một số bị buôn bán và buộc phải làm việc trái ý muốn, trong khi những người khác tham gia tự nguyện. Chính phủ Campuchia gần đây đã mở chiến dịch truy quét trên toàn quốc nhằm triệt phá các trung tâm lừa đảo trực tuyến. Theo giới chức nước này, kể từ khi chiến dịch bắt đầu từ giữa năm ngoái, giới chức đã đóng cửa khoảng 200 trại lừa đảo. Nhà chức trách cũng đã khởi tố 79 vụ án liên quan tới 697 nghi phạm là những kẻ cầm đầu và đồng phạm. Gần 10.000 lao động tại các trung tâm lừa đảo đến từ 23 quốc gia đã được hồi hương, trong khi nhiều người khác tự rời Campuchia sau khi các chiến dịch truy quét được tăng cường. Bộ trưởng Neth Pheaktra cho biết chính phủ đang nỗ lực mạnh mẽ nhằm xóa bỏ hoàn toàn các trung tâm lừa đảo trực tuyến khỏi lãnh thổ Campuchia, đồng thời khẳng định nước này không thu lợi từ các hoạt động tội phạm đó. Thanh Danh (Theo Xinhua, RTKH, AP)",1,spam
-Pls dừng chiến lợi phẩm (32/f) đang mời bạn làm bạn của cô ấy.,1,spam
Thân mến,1,spam
Để lại nó.,0,ham
"Là một thuê bao SIM, bạn được chọn để nhận tiền thưởng!",1,spam
"Đài truyền hình trung ương Trung Quốc CCTV hôm 22/5 cho biết Ngụy Hoài Nhân, người đứng đầu ""gia tộc họ Ngụy"", bị cáo buộc các tội lừa đảo, giết người, tống tiền và tổ chức vượt biên trái phép trong phiên tòa diễn ra tại Tòa án Nhân dân Trung cấp Tuyền Châu, tỉnh Phúc Kiến ngày 19-22/5. Các thành viên trong băng của Ngụy cũng hầu tòa. Đây là một trong ""tứ đại gia tộc lừa đảo"" từng hoành hành tại các thị trấn biên giới Myanmar. Các công tố viên cho biết kể từ năm 2019, ""gia tộc họ Ngụy"" đã lợi dụng ảnh hưởng với các nhóm vũ trang tại vùng Kokang ở Myanmar để vận hành nhiều khu phức hợp lừa đảo, chiếm đoạt hơn 24 tỷ nhân dân tệ (khoảng 3,5 tỷ USD) của các nạn nhân ở Trung Quốc. Hai công dân Trung Quốc được cho là đã bị các thành viên trong gia tộc họ Ngụy sát hại tại các khu phức hợp này. Băng nhóm trên cũng được cho là đã cử lực lượng vũ trang bảo vệ cho các ""nhà đầu tư"", những người điều hành hoạt động lừa đảo viễn thông tại các tổ hợp. Các công tố viên còn cáo buộc Trần Đại Vĩ, cháu trai của Ngụy, tham gia vào hai vụ giết người, bên cạnh các tội danh khác. Ba nghi phạm còn lại trong phiên tòa cũng bị cáo buộc nhiều tội danh khác nhau. Phiên tòa đang trong giai đoạn chờ nghị án. Chưa rõ khi nào thẩm phán sẽ ra phán quyết với Ngụy Hoài Nhân và đồng phạm. ""Tứ đại gia tộc"", gồm họ Ngụy, họ Bạch, họ Lưu và họ Minh từng kiểm soát nền kinh tế Kokang, khu vực bán tự trị ở miền bắc Myanmar và giáp với tỉnh Vân Nam của Trung Quốc. Các gia tộc này còn điều hành hoạt động trên nhiều lĩnh vực như khai thác mỏ, sòng bạc và bất động sản, trong đó đem lại lợi nhuận lớn nhất là lừa đảo viễn thông. Chúng đã hoạt động tự do trong nhiều năm, sử dụng các lực lượng vũ trang tư nhân và mối quan hệ chính trị để điều hành các khu phức hợp lừa đảo, nơi nạn nhân buôn người bị ép buộc phải tham gia hoạt động lừa đảo trực tuyến. Những ai không đạt chỉ tiêu hoặc cố gắng chạy trốn sẽ bị đánh đập, tra tấn và thậm chí là sát hại. Chính phủ Trung Quốc hồi cuối năm 2023 phối hợp với chính quyền địa phương ở Myanmar phát động chiến dịch nhằm dẫn độ những cái tên chủ chốt của các gia tộc. Cho tới nay, hơn 57.000 công dân Trung Quốc đã bị bắt trong chiến dịch trấn áp do nghi ngờ có liên quan đến hoạt động lừa đảo. Hồi tháng 3, giới chức Trung Quốc cho biết 16 người đã bị tuyên án tử hình, 39 người bị phạt tù chung thân hoặc nhận án tử hình treo trong chiến dịch đối phó ""tứ đại gia tộc"". Trong đó, 11 thành viên ""gia tộc họ Minh"" đã bị xử tử vào tháng 1 vì các tội danh như lừa đảo, buôn ma túy và giết người. 5 người khác bị tuyên án tử hình treo. Tòa án Nhân dân Trung cấp Thâm Quyến, tỉnh Quảng Đông, ngày 2/2 công bố hoàn tất thi hành án tử hình đối với 4 người liên quan ""gia tộc họ Bạch"". Phạm Giang (Theo SCMP, Xinhua)",1,spam
"Cặp đôi chụp 1000 kiểu ảnh chỉ một tư thế trong 3 năm, ai cũng sốc khi biết sự thật
Đôi khi, tình yêu có thể được nhìn thấy từ những điều bình dị, dễ thương như thế này.
Thế giới có 7 tỷ người đồng nghĩa với việc có hàng tỷ cặp đôi. Do đó, tình yêu cũng được thể hiện theo muôn vàn cách khác nhau, chẳng ai giống ai. Và cặp đôi người Hàn Quốc dưới đây đã chọn cách đặc biệt nhất để khiến tình yêu của riêng họ được nhiều người ca ngợi, ngưỡng mộ.
Cặp đôi đang khiến dân mạng Hàn Quốc phát sốt những ngày qua
Kể từ khi yêu nhau, Yuri và bạn trai (nay đã là chồng) đã gặp phải muôn vàn khó khăn vì khoảng cách địa lý. Trong khi Yuri là 1 nhiếp ảnh gia nghiệp dư và yêu thích cuộc sống yên ả trong thị trấn nhỏ thì một nửa của cô lại phục vụ trong quân ngũ. Vì tính chất công việc nên cả 2 rất ít khi gặp gỡ nhưng may mắn thay tình yêu của họ không vì thế mà phai nhòa theo năm tháng.
Chồng của Yuri là 1 quân nhân phục vụ tại ngũ, thời gian ở bên vợ chỉ đếm trên đầu ngón tay
Mối tình 4 năm kết thúc bằng 1 đám cưới đơn giản với sự hiện diện của gia đình và một vài người bạn thân thiết. Sau đó, họ lại trở về tiếp tục công việc của mình, nỗi nhớ nhung giờ đây cũng tăng lên gấp bội. Thế nhưng, vượt qua tất cả khó khăn đó, họ đã kết hôn được 3 năm.
Trong những ngày hẹn hò hiếm hoi, họ thường lui tới đường tàu ven thị trấn. Đây cũng là nơi lưu giữ nhiều kỷ niệm từ lúc mới yêu cho tới khi về chung 1 nhà của cặp đôi. Và cũng chính tại đó, cặp đôi đã chụp rất nhiều ảnh mỗi lần ghé qua.
Xuân…
… hạ…
… thu…
… và đông, dù thời gian có thay đổi nhưng nụ cười của họ vẫn tràn ngập hạnh phúc như lúc ban đầu
Điều đặc biệt là dù đã chụp hàng trăm bức ảnh tại đó nhưng Yuri và chồng chỉ luôn tạo dáng 1 tư thế duy nhất. Không ôm hôn nồng nhiệt cũng chẳng kề má, họ chỉ nắm chặt tay nhau và cười thật hạnh phúc. Thế nhưng, chỉ dựa vào những cử chỉ nho nhỏ ấy người xung quanh cũng có thể cảm nhận được tình cảm chân thành của cả 2.
Yuri mãi là một cô gái bé nhỏ bên cạnh người đàn ông luôn che chở và bảo vệ cô trong suốt phần đời còn lại
Chia sẻ về ý tưởng độc đáo này, Yuri cho hay: “Thực ra đây là ý kiến của chồng tôi. Anh ấy nói khi nào nhìn tôi cũng có cảm giác như lần đầu gặp gỡ năm 18 tuổi. Vì thế, bao năm qua chúng tôi chỉ chụp ảnh với duy nhất 1 tư thế này thôi”. Yuri chia sẻ thêm rằng cô đã khóc khi nghe chồng nói ra những lời đó. Với cô, nó không chỉ có ý nghĩa đơn thuần là lời yêu thương mà còn tương tự như câu “Anh yêu em mãi mãi”. Đây chẳng phải là “liều thuốc” xoa dịu nỗi nhớ thương khi yêu xa hay sao?
Thứ thay đổi có thể là quần áo, hay khung cảnh đằng sau nhưng tình cảm của họ vẫn như lúc ban đầu
Một cái nắm tay rất nhẹ nhưng tình cảm vẫn luôn đong đầy
Có đôi khi họ cũng thay đổi tư thế chụp ảnh
Nhưng chẳng được bao lâu, tất cả lại đâu vào đấy",1,spam
Máy tính Uhhhhhhh được chuyển ra với địa chỉ đến San Diego và Tarantella Lane.,0,ham
Đó không phải là mô hình gần đây những ngày cuối tuần tào lao sao?,0,ham
U được đăng ký vào dịch vụ nội dung di động tốt nhất ở Anh với giá £ 3 mỗi 10 ngày cho đến khi bạn gửi điểm dừng đến 82324.,1,spam
* Tôi đang trên một chuyến tàu trở về từ Northampton nên tôi không sợ!,0,ham
U được đăng ký vào dịch vụ nội dung di động tốt nhất ở Anh với giá £ 3 mỗi mười ngày cho đến khi bạn gửi điểm dừng đến 83435. Helpline 08706091795.,1,spam
Nếu bạn cười rất to .. nếu bạn nói một cách tự nhiên .. nếu bạn không quan tâm đến những gì người khác cảm thấy .. bạn có lẽ với bạn thân yêu của bạn;,0,ham
Tôi có nên nói với bạn tôi đừng đến vòng cho đến khi & lt;#& gt;,0,ham
"Vâng, như nếu nó diễn ra như nó đã làm với bạn bè của tôi Imma lật cái chết tiệt của tôi trong nửa giờ",0,ham
Anh ấy không nói gì cả.,0,ham
"[CẢNH BÁO LỪA ĐẢO] Cảnh báo bẫy lừa đảo làm dịch vụ xóa nợ xấu ngân hàng, nợ xấu CIC. Kẻ gian yêu cầu chuyển chi phí dịch vụ trước rồi gửi hóa đơn/xác nhận giả mạo nhằm chiếm đoạt tiền. Mọi người tuyệt đối không làm theo!",1,spam
\ Thật may mắn khi yêu ai đó.,0,ham
Cha của Joy là John.,0,ham
Ha ... sau đó chúng ta phải đi bộ đến khắp mọi nơi ... không thể đi xe điện.,0,ham
Mấy giờ.,0,ham
"Đại diện hai công ty ký thỏa thuận hợp tác chiến lược tại Hà Nội đầu tháng 2 năm nay, với mục tiêu tạo ra không gian liên lạc an toàn và văn minh, thiết kế riêng cho môi trường kết nối gia đình - học đường. Theo đó, hai bên sẽ đưa ứng dụng cảnh báo cuộc gọi lừa đảo đến các khách hàng của Junsport. Trong hợp tác, iCallme đóng vai trò là trợ lý thông minh với dữ liệu thời gian thực và khả năng chặn cuộc gọi linh hoạt, Junsport trở thành cầu nối dịch vụ đáng tin cậy, giúp lan tỏa giá trị và đơn giản hóa việc tiếp cận công nghệ bảo mật cao cấp (iCallme Premium) cho mọi người. Cụ thể, iCallme tổng hợp chuỗi số giả mạo từ hàng triệu tương tác thực tế từ người dùng và cập nhật theo thời gian thực. Người đại diện lý giải khi có cuộc gọi đến, ứng dụng sẽ tự động phân tích, hiển thị cảnh báo ngay trên màn hình nếu phát hiện dấu hiệu nghi ngờ lừa đảo hoặc spam (thư rác). Để tối ưu trải nghiệm, ứng dụng hợp tính năng chặn tự động linh hoạt theo đầu số hoặc tên tùy chỉnh, qua đó có thể loại bỏ hoàn toàn cuộc gọi rác trước khi chúng kịp làm phiền người dùng. Bên cạnh đó, iCallme hỗ trợ OCR danh thiếp - công nghệ chuyển đổi hình ảnh danh thiếp giấy thành dữ liệu văn bản số hóa, giúp lưu thông tin liên hệ nhanh chóng mà không cần nhập liệu thủ công. ""Loạt cải tiến này vừa tăng sự minh bạch, giúp người dùng chủ động phòng tránh các bẫy tài chính, vừa là trợ lý quản lý kết nối hiệu quả"", đại diện doanh nghiệp cho hay. Theo thỏa thuận hợp tác, khách hàng tại Junsport sẽ được trải nghiệm Gói Premium độc quyền của iCallme giúp nhận diện cuộc gọi không mong muốn. Thay vì các thao tác kỹ thuật phức tạp, người dùng có thể theo dõi ngay trên Fanpage của Junsport để nhận mã kích hoạt độc quyền gói Premium từ iCallme. Mỗi khi cuộc gọi lừa đảo đổ chuông, màn hình sẽ hiện cảnh báo lừa đảo kèm dòng khuyến cáo ""Nhận diện bởi Junsport"". ""Đây là cách chúng tôi đồng hành người tiêu dùng mọi lúc, mọi nơi trên không gian số"", người đại diện nói. Junsport thành lập năm 2014, là một trong những đơn vị khởi nguồn cho phong trào bóng rổ tại Hà Nội. iCallme là ứng dụng nhận diện số điện thoại, cảnh báo cuộc gọi lừa đảo do đội ngũ kỹ sư Việt phát triển. Nền tảng hỗ trợ người dùng tra cứu số lạ, phát hiện spam, chặn cuộc gọi không mong muốn và cập nhật dữ liệu cảnh báo từ cộng đồng người dùng. Phú Cát",1,spam
Tham gia dịch vụ dogging horn nhất của Vương quốc Anh và bạn có thể quan hệ tình dục 2nite !.,1,spam
"Xin chào Shanil, Rakhesh ở đây. Cảm ơn, tôi đã trao đổi những thứ kim cương chưa cắt.",0,ham
"Carlos đang dành thời gian ngọt ngào của anh ấy như thường lệ, vì vậy hãy cho tôi biết khi nào bạn và Patty đã hoàn thành/muốn hút thuốc và tôi sẽ bảo anh ấy chuyên chở mông",0,ham
Muốn funk up fone của bạn với một giai điệu mới hàng tuần trả lời tones2u 2 văn bản này.,1,spam
Nhưng tôi có đủ không gian có 4 MB ...,0,ham
"Né gấp thủ đoạn này: Cảnh báo bẫy lừa đảo nạp tiền làm nhiệm vụ xem video Youtube, TikTok nhận tiền công. Sau khi nạn nhân nạp tiền tỷ vào hệ thống, các đối tượng viện lý do lỗi hệ thống để không cho rút tiền. Hãy chia sẻ cho người thân cùng biết.",1,spam
Có di động của bạn 11 tháng trở lên?,1,spam
Anh v Macedonia - Đừng bỏ lỡ các mục tiêu/tin tức của đội.,1,spam
UPDED_NOW - 12 triệu giá Half Orange Line Cho thuê: 400mins ... Gọi MobileUpd8 theo số 08000839402 hoặc Call2Optout = J5Q,1,spam
Tôi đã trở lại của bạn!,0,ham
Oh im lặng.,0,ham
Tố giác chiêu trò: Cảnh báo thủ đoạn giả danh công an gọi điện thông báo phạt nguội hoặc dọa liên quan đến đường dây ma túy. Đối tượng yêu cầu nạn nhân chuyển toàn bộ tiền vào tài khoản chỉ định để xác minh rồi chiếm đoạt. Mọi người tuyệt đối không làm theo!,1,spam
74355 XMAS đang đến và bạn được trao tặng £ 500 CD và mục nhập miễn phí,1,spam
Chúng tôi có bất kỳ nguồn cung cấp năng lượng dự phòng nào không,0,ham
Gọi từ 08702490080 - Nói với U 2 Gọi 09066358152 để nhận giải thưởng £ 5000.,1,spam
WIF Gói tham quan đặt phòng gia đình của tôi.,0,ham
Bạn sẽ gặp đối tác mơ ước của bạn sớm?,1,spam
Tôi đi bộ một giờ 2 c u!,0,ham
"Giới chức tỉnh Battambang, Campuchia sáng 1/6 đột kích vào biệt thự số 336, thôn Romchek 5, xã Ratanak, thành phố Battambang, bắt nhóm người liên quan các vụ lừa đảo trực tuyến. Cảnh sát Battambang cho hay căn biệt thự này thuộc sở hữu của một tướng quân đội, nhưng không công bố danh tính. Chiến dịch đột kích được thực hiện dưới sự chỉ đạo trực tiếp của ông Sok Loo, người đứng đầu Bộ Chỉ huy Thống nhất tỉnh Battambang, cơ quan chịu trách nhiệm điều hành an ninh và hành chính tại địa phương. Cảnh sát cho biết các nghi phạm gồm 23 người Philippines, hai người Myanmar, một người Nigeria, một người Sierra Leone và 7 người Campuchia. Nhóm người này chuyển tới căn biệt thự từ hôm 11/5, sau khi tháo chạy khỏi một ổ lừa đảo bị truy quét khác. Biệt thự trên đã bị niêm phong và bàn giao cho Bộ Chỉ huy Thống nhất tỉnh Battambang. Trong một chiến dịch trấn áp các mạng lưới lừa đảo trước đó, thẩm phán Chhe Vivathanak của tòa án thành phố Phnom Penh ngày 22/5 phát lệnh bắt đối với thiếu tá Nuon Ninaro, cựu chỉ huy quân cảnh tại thành phố Poipet, với cáo buộc đồng lõa trong vụ lừa đảo trực tuyến và rửa tiền. Giới chức đã tịch thu 9 biệt thự hạng sang thuộc sở hữu của cựu thiếu tá này. Nếu bị kết tội theo Bộ luật Hình sự và luật chống rửa tiền, Ninaro có thể phải đối mặt với án tù lên đến 10 năm và khoản tiền phạt ít nhất 125.000 USD. Quyền Quốc trưởng Campuchia Hun Sen hôm 24/5 nói nạn lừa đảo trực tuyến đã gây tổn hại danh tiếng đất nước, yêu cầu giới chức hành động quyết liệt để xóa bỏ tình trạng này. Ngọc Ánh (Theo Khmer Times, AKP)",1,spam
Những người bạn mà bạn có thể ở lại trên FB trò chuyện với,0,ham
Long Beach lor.,0,ham
"Tố giác chiêu trò: Đối tượng giả danh cán bộ Bộ Công an, Viện kiểm sát gọi điện thông báo tài khoản ngân hàng bị rò rỉ thông tin bảo mật, yêu cầu cung cấp tên đăng nhập và mã OTP để bảo vệ tài khoản. Nạn nhân nên trình báo cơ quan công an gần nhất.",1,spam
Phải đến sau .. Tôi thường tắm cho anh ấy vào buổi chiều mah ..,0,ham
"Bản án công bố chiều 16/8 của TAND tỉnh Quảng Nam tuyên bị cáo Low Boon Leng, 33 tuổi, quốc tịch Malaysia, phạm tội Sử dụng mạng máy tính, mạng viễn thông, phương tiện điện tử thực hiện hành vi chiếm đoạt tài sản và tội Tàng trữ trái phép chất ma túy. Đồng hương Lim Kean How, 28 tuổi, phạm tội Sử dụng mạng máy tính, mạng viễn thông, phương tiện điện tử thực hiện hành vi chiếm đoạt tài sản. 10 người Việt bị tuyên phạm tội Sử dụng mạng máy tính, mạng viễn thông, phương tiện điện tử thực hiện hành vi chiếm đoạt tài sản và Lừa đảo chiếm đoạt tài sản, án 7-9 năm tù. 12 bị cáo phải trả lại số tiền chiếm đoạt cho 22 bị hại. Liên quan vụ án, Du Sheng Teacher bị xác định cầm đầu nhóm lừa đảo và đồng phạm với Jackson Liew song cơ quan điều chưa xác định lai lịch người này. Vụ án được nhà chức trách tách ra để tiếp tục điều tra. Theo cáo trạng, năm 2019 một nhóm người Đài Loan do Du Sheng Teacher cầm đầu đã tạo app giả sử dụng ""tên và huy hiệu của Bộ Công an"" chạy trên hệ điều hành Android. Du Sheng Teacher chỉ đạo mua thông tin nhiều cá nhân ở Việt Nam. Nhóm tội phạm ở nước ngoài dùng số điện thoại ảo giống đường dây nóng Bộ Công an, mạo danh công an gọi điện thoại thông báo người nghe bị điều tra liên quan hành vi rửa tiền hoặc vụ án hình sự nghiêm trọng. Để chứng minh không liên quan, chúng yêu cầu nạn nhân mở tài khoản ngân hàng và chuyển toàn tiền vào. Một số người khác bị chúng mạo danh nhân viên bưu điện thông báo đang nợ hàng chục triệu đồng. Người nghe nếu không thanh toán sẽ bị phong tỏa mọi tài khoản và bị khởi kiện ra tòa... Sập bẫy mánh lừa này, nhiều người làm theo hướng dẫn cài app vào điện thoại rồi nhập thông tin tài khoản ngân hàng. Khi thực hiện xong, họ bị nhóm Du Sheng Teacher chiếm quyền kiểm soát điện thoại. Tất cả thông tin cuộc gọi, tài khoản ngân hàng đăng ký Internet Banking, mã OTP chúng nắm nên nạn nhân bị rút tiền trong tài khoản mà không hay biết. Hoặc do bị chúng hù dọa, nạn nhân đã chuyển tiền vào tài khoản ngân hàng theo chỉ dẫn. Tháng 7/2019, Low Boon Leng, Lim Kean How và một đồng phạm được cử đến Việt Nam mua tài khoản ngân hàng phục vụ việc chuyển cho Du Sheng Teacher. Ba người này được 10 người Việt Nam giúp sức mở tài khoản, thuê người mở tài khoản, rút tiền, chuyển tiền để chiếm đoạt từ tài khoản ngân hàng của người bị hại. Với mỗi tài khoản, nhóm nghi can người Việt được hưởng 2-8 triệu đồng. Nhà chức trách cáo buộc từ tháng 7/2019 đến đầu năm 2020, các bị cáo đã giúp Du Sheng Teache lừa 22 người ở nhiều tỉnh thành chiếm đoạt gần 20 tỷ đồng. Các bị hại bị lừa từ 50 triệu đồng đến gần 4 tỷ đồng. Số tiền chiếm đoạt được đều chuyển cho Du Sheng Teacher ở nước ngoài. Low Boon Leng bị cáo buộc hưởng lợi gần 22 triệu đồng, Lim Kean How được hơn 31 đồng nhưng chưa nhận thì bị bắt. 10 người Việt Nam giúp sức hưởng lợi từ 14 đến 34 triệu đồng mỗi người.",1,spam
"Né gấp thủ đoạn này: Thủ đoạn lừa đảo mua bán hàng trả góp, xe máy thanh lý giá rẻ trên MXH. Đối tượng yêu cầu đặt cọc trước từ 2 đến 5 triệu để giữ xe rồi chặn liên lạc ngay khi nhận được tiền cọc. Mọi người tuyệt đối không làm theo!",1,spam
"Xin lỗi, đã ở trong phòng tắm, SUP",0,ham
"Thông tin đời sống: Thời tiết khu vực Bắc Bộ có sự chuyển biến rõ rệt, không khí lạnh tăng cường khiến nhiệt độ giảm sâu về đêm và sáng sớm. Người dân cần chủ động giữ ấm sức khỏe. Chi tiết xem tại cổng thông tin chính thức.",0,ham
"Né gấp thủ đoạn này: Cảnh báo thủ đoạn hack tài khoản Facebook của người thân, sau đó nhắn tin mượn tiền gấp hoặc nhờ chuyển khoản thanh toán hóa đơn. Nhiều người thiếu cảnh giác đã chuyển tiền cho kẻ gian. Hãy chia sẻ cho người thân cùng biết.",1,spam
"Cảm ơn bạn đã đăng ký với Ringtone UK, điện thoại di động của bạn sẽ được tính phí £ 5/tháng, vui lòng xác nhận bằng cách trả lời có hoặc không.",1,spam
Giải thưởng Xmas!,1,spam
"Bé Nhật Lan báo mộng cho người nhà về nghi phạm trước khi bị bắt
Như Báo Gia đình & Xã hội đã thông tin, sáng qua (14/4), phía cảnh sát nước Nhật Bản đã bắt giữ nghi phạm Shibuya Yasumasa (46 tuổi) liên quan đến cái chết thương tâm của cháu Lê Thị Nhật Linh (9 tuổi), trú tại thôn Bãi Sậy 3, xã Tân Dân, huyện Khoái Châu (Hưng Yên).
Khi có thông từ nước sở tại, vợ chồng chị Nguyễn Thị Nguyên (SN 1986) cùng anh Lê Anh Hào (SN 1982) là bố mẹ bé Linh đã từ nhà ngoại tại thôn Trà My, xã Thuỵ Hương, huyện Kiến Thuỵ, TP. Hải Phòng về quê nội Hưng Yên để đón Đại sứ Nhật Bản tại Việt Nam đến thăm, chia buồn.
Trao đổi với PV, chị Nguyên cho hay, từ khi xảy ra sự việc với bé Linh, ai trong gia đình cũng buồn tủi, hụt hẫng. Cứ mỗi khi đêm xuống thấy trẻ nhỏ hàng xóm quây quần cùng bố mẹ chị lại khóc.
“Hàng đêm, hai vợ chồng tôi không thể nào ngủ được, cứ nhắm mắt lại là thấy con gái hiện về, có những đêm anh Hào ngồi dậy khóc rưng rức vì nhớ con. Có lẽ, không biết đến bao giờ nỗi đau này sẽ được nguôi ngoai”, mẹ bé Linh tâm sự.
Trước thông tin về nghi phạm Shibuya Yasumasa, chị Nguyên cho hay, vào khoảng 5 giờ 30 phút sáng qua, vợ chồng chị có nhận được thông báo từ phía Nhật Bản thông tin đã bắt được nghi phạm sát hại bé Linh và nghi phạm này cách nhà ở của vợ chồng chị khoảng 300m. Tuy nhiên, lúc đó không có ảnh nên không biết nghi phạm như thế nào.
Nghi phạm liên quan sát hại bé Nhật Linh bị cảnh sát Nhật Bản đưa đi vào sáng 14/4. Ảnh: Asahi
“Khi tôi nhìn thấy ảnh báo chí đăng tải, tôi đã oà khóc và giật mình vì ở ngoài đời tôi có biết và một vài lần gặp nghi phạm này. Tôi không bao giờ nghĩ người này lại có thể lại sát hại cháu Linh, bởi lẽ nghi phạm làm Hội trưởng hội phụ huynh nơi cháu Linh học và làm tình nguyện viên đưa đón, đứng tại ngã ba, ngã tư hướng dẫn học sinh tới trường”, chị Nguyên cho biết.
Theo mẹ nạn nhân, cách đây ít hôm khi làm tuần đầu cho con gái xong, hai vợ chồng chị và con nhỏ sang quê ngoại ở TP. Hải Phòng nghỉ ngơi. Không biết có phải linh tính cháu Linh mách bảo hay không mà bác ruột cháu (anh trai chị Nguyên) có mơ thấy cháu về.
“Khi cháu Linh về, cháu đứng ở phía đầu giường ngủ và cười với bác, sau đó cháu nói với bác kẻ giết mình là người đàn ông ở gần nhà, năm nay 47 tuổi. Lúc nói xong thì bác không nhìn thấy Nhật Linh đâu nữa”, mẹ bé Linh kể.
Hôm sau, anh trai chị Nguyên có nói với gia đình về giấc mơ lạ tối hôm trước, có người thì cho rằng cháu chết oan nên về báo mộng. Có người lại nghĩ, vì bác thương cháu quá nên mộng mị, nhưng đến sáng hôm qua khi nghe thông tin về nghi phạm sát hại cháu Linh thì ai trong gia đình cũng giật mình và tin về giấc mơ đó.
Ngôi nhà bên quê nội Nhật Linh đã yên bình sau những ngày đau thương. Ảnh: Đ.Tuỳ
Chị Nguyên cho biết: “Tôi biết, khi nói ra sự việc này có thể nhiều người không tin, nhưng bản thân tôi thì thấy điều đó là sự thần giao cách cảm và linh tính mách bảo của cháu Linh với người thân trong gia đình”.
Mẹ nạn nhân chia sẻ, tại Nhật Bản khi đi học thì Hội trưởng hội phụ huynh sẽ thay đổi theo từng năm học, không cố định, thậm chí cả lớp trưởng lớp học đó.
Còn theo luật pháp nước sở tại, nếu cơ quan chức năng xác định là hung thủ thì phải có bằng chứng xác thực hay phải bắt được quả tang. Cho nên, đối với sự việc bé Nhật Linh bị sát hại thì cả hai yếu tố đó không có. Mặc dù vậy, phía cơ quan chức năng phía Nhật Bản đã dựa vào nhiều yếu tố khác nhau để tìm ra nghi phạm.
Anh Hào thắp hương bên phần mộ con gái xấu số. Ảnh: Đ.Tuỳ
Được biết, nghi phạm sát hại ở khu trung cư và có hai con nhỏ đang theo học cùng trường với bé Nhật Linh. Vào ngày mai (16/4), gia đình chị Nguyên sẽ quay lại Nhật Bản để cùng với cơ quan chức năng phối hợp điều tra về nghi phạm.
Trước đó, vào ngày 24/3, trên đường đi học từ nhà tới trường, cháu Lê Thị Nhật Linh (9 tuổi), trú quán tại thôn Bãi Sậy 3, xã Tân Dân, huyện Khoái Châu (Hưng Yên) đang sinh sống cùng bố mẹ tại Nhật Bản bị mất tích.
Đến ngày 26/3, cơ quan chức năng đã tìm thấy thi thể bé Linh trong tình trạng tử vong, trên người không mặc quần áo. Sau đó 1 tuần, thi thể Nhật Linh được đưa về quê nội an táng tại thôn Bãi Sậy 3, xã Tân Dân.",1,spam
Vui lòng gọi cho đại diện dịch vụ khách hàng của chúng tôi trên FreePhone 0808 145 4742 trong khoảng thời gian từ 9 giờ sáng đến 11 giờ tối vì bạn đã giành được một khoản tiền mặt £ 1000 hoặc giải thưởng £ 5000!,1,spam
Am New 2 Club & don fink chúng tôi đã gặp nhưng sẽ b gr8 2 c bạn xin vui lòng để lại msg 2day wiv khu vực ur 09099726553 Trả lời Carlie x Call,1,spam
"Tòa án Seoul hôm 20/8 đã tuyên mức án trên với Chun, 40 tuổi, công dân Trung Quốc, về tội lừa đảo và vi phạm luật mạng thông tin. Tòa đánh giá Chun đã nhắm vào người giàu có và đánh cắp tài sản của họ, song không hề tỏ ra hối hận. Số tiền các nạn nhân bị chiếm đoạt lên tới 38 tỷ won, khoảng 717 tỷ đồng. Chun được xác định cầm đầu một tổ chức hacker, chuyên xâm nhập nhiều trang web và đánh cắp tiền từ tài khoản tài chính và tài khoản tiền ảo của các nạn nhân tại Hàn Quốc. Chun lập tổ chức tội phạm mạng tại Thái Lan và nhiều nơi khác nhằm hack các trang web của cơ quan chính phủ và tổ chức công phục vụ việc đánh cắp dữ liệu cá nhân. Họ sau đó đăng ký sim điện thoại giá rẻ dưới tên nạn nhân nhằm vượt qua bước xác minh danh tính. Trong số nạn nhân có chủ tịch các tập đoàn lớn và giới nghệ sĩ, Jungkook của nhóm nhạc BTS. Tài khoản chứng khoán mang tên nam ca sĩ đã bị giả mạo và số cổ phiếu HYBE trị giá khoảng 8,4 tỷ won bị đánh cắp. Tuy nhiên, nhờ áp dụng ngay biện pháp đóng băng giao dịch nên vụ việc không dẫn tới thiệt hại tài chính thực tế. Chun bị dẫn độ từ Thái Lan về Hàn Quốc ngày 13/5. Hải Thư (Theo Yonhap, Korea Times)",1,spam
4mths Half Price Orange Line Cho thuê & điện thoại camera mới nhất 4 miễn phí.,1,spam
OMG nó có thể tuyết ở đây tonite!,0,ham
Cấp bách!,1,spam
Xin chúc mừng bạn đã giành được.,1,spam
Okmail: Dear Dave Đây là thông báo cuối cùng của bạn để thu thập kỳ nghỉ 4* Tenerife của bạn hoặc Giải thưởng tiền mặt #5000!,1,spam
Quay lại 2 làm việc 2Morro Half Half Hales!,1,spam
"Freemsg hey u, tôi vừa nhận được 1 trong số các video/pic fones này, trả lời hoang dã cho txt này & tôi gửi cho bạn các bức ảnh của tôi",1,spam
"Cân bằng tiền mặt của bạn hiện là 500 pounds-để tối đa hóa tiền mặt của bạn, hãy gửi tới 86688 chỉ 150p/msg.",1,spam
Hôm nay hệ thống của tôi đã sẵn sàng. Tất cả đều tốt và tôi cũng ở trong sâu,0,ham
Eh bạn nhớ làm thế nào 2 đánh vần tên của anh ấy ... vâng tôi đã làm.,0,ham
"Tin tức Việt Nam
FastGo quyết khô máu với Grab! 0 0 Ngày 13 tháng 11 năm 2018, Đại diện ứng dụng gọi xe FastGo đã gửi công văn đến Hội đồng xét xử vụ kiện giữa Công ty Cổ Phần Ánh Dương (Vinasun) và Công ty...
Trải nghiệm những giải đấu thể thao quốc tế trên VTVcab ON 0 0 Nếu muốn thưởng thức Ngoại hạng Anh, Bóng đá Đức, Tennis WTA, Glanslam, bóng rổ NBA, VBA, Golf, V.League cùng những giải đấu thể thao tầm cỡ quốc tế một cách...
Giá vàng hôm nay 9/5: Tiếp tục giảm sâu sau 1 tuần tồi tệ 0 0 Giá vàng hôm nay 9/5 tiếp tục gặp rất nhiều khó khăn và chưa thể phục hồi cho dù vừa trải qua một tuần tồi tệ nhất kể từ đầu năm. Tuy nhiên, nhiều yếu...
 Cập nhật tin về việc Cristiano Ronaldo đang ở đà nẵng khiến Fan Việt Nam phát sốt 0 0 Những hình ảnh mới nhất của Cristiano Ronaldo gắn liền với một thương hiệu tổ hợp du lịch giải trí tại Đà Nẵng, khiến cho người hâm mộ ở Việt Nam cảm...
United Airlines bồi thường cho bác sĩ gốc Việt 0 0 Hãng hàng không United Airlines (Mỹ) đã đạt thỏa thuận bồi thường với bác sĩ gốc Việt David Dao sau vụ tai tiếng hành khách này bị lôi khỏi máy bay của hãng. Hãng...
Giám đốc TH Vĩnh Long: Không bị phản ứng Trấn Thành chưa chắc nhận sai 0 0 Trả lời Zing.vn, ông Lê Quang Nguyên, giám đốc Đài truyền hình Vĩnh Long, phủ nhận việc cấm sóng hoàn toàn Trấn Thành nhưng cho rằng danh hài cần nhìn lại mình. Sau...
Từ 1/7/2017: Lương cơ sở chính thức tăng, tin vui cho nhiều người 0 0 Chính phủ vừa ban hành Nghị định 47/2017/NĐ-CP, theo đó sẽ có 9 nhóm đối tượng được tăng lương kể từ ngày 1/7/2017. Hình minh họa Đây là nghị định quy định...
 Bữa cơm rơi nước mắt của người mẹ có ước vọng cuối đời cùng 6 con… uống thuốc độc tự vẫn 0 0 Nhìn những đứa con đang chơi đùa ngoài sân và ngẫm lại hoàn cảnh của mình, bà Lực nghĩ rất nhiều về lời chồng dặn dò, đó là cho các con uống thuốc ngủ...
Vietcombank lên tiếng về vụ cướp ngân hàng ở Trà Vinh 0 0 Vietcombank sáng 27/4 lên tiếng về vụ cướp ngân hàng hơn 1,6 tỷ đồng chiều 26/4. Vietcombank lên tiếng về vụ cướp ngân hàng ở Trà Vinh. Ảnh: CTV Vietcombank cho hay,...
 Ủy ban kiểm tra Trung ương đề nghị kỷ luật ông Đinh La Thăng 0 0 Sau 3 ngày họp, Ủy ban Kiểm tra Trung ương ra thông báo đề nghị xem xét kỷ luật ông Đinh La Thăng và 4 lãnh đạo Tập đoàn Dầu khí Việt Nam vì những vi phạm trong...
Cô gái nhảy từ tầng 27 xuống đất quyên sinh tại CC Linh Đàm: Là người rất giỏi, gia đình gia giáo, điều kiện tốt 0 0 Đến 21h tối qua (26/4), thi thể của chị Minh H. đã được đưa về quê nhà thuộc Xóm 2, thuộc địa bàn xã Thụy Liên (Thái Thụy, Thái Bình). Thông tin vụ việc cô...
 Vụ Trấn Thành bị “cấm cửa”, cuối cùng Trường Giang – Thu Trang đã lên tiếng! 0 0 Là một trong những bạn diễn ăn ý và hợp rơ nhất với Trấn Thành, Trường Giang – Thu Trang cũng lên tiếng về vấn đề đồng nghiệp bị “cấm sóng”. Lý...
Mẹ vợ tương lai có thai với con rể 0 0 Đúng ngày Huấn đưa người yêu đi bỏ cái thai 8 tuần tuổi thì anh nhận được tin nhắn mẹ cô bé cũng đang mang trong mình giọt máu của anh. 32 tuổi, Huấn chuyển...
Giám đốc Đài Vĩnh Long: ‘Tôi không cấm sóng Trấn Thành’ 0 0 “Họ nói đài truyền hình Vĩnh Long cấm sóng Trấn Thành là do ồn ào đời tư và hài nhảm là sự suy diễn”, ông Lê Quang Nguyên, giám đốc Đài truyền hình...
Bị ngăn cấm vẫn quyết lấy gái làng chơi đã có 2 con, đêm tân hôn choáng váng khi em thú nhận sự thật 0 0 Đêm ấy Hưng và đám bạn cùng công ty uống khá say sau bữa liên hoan liền rủ nhau đi ca 3. Thằng bạn trong nhóm đã đặt sẵn nhà nghỉ cũng như các em phục vụ nên...",1,spam
22 ngày để khởi động!,1,spam
"Vác bừa hòn đá về kê bếp, người đàn ông sốc nặng khi được trả 400 triệu chỉ vì bí mật này bên trong
Thật không thể tin được chỉ vì bí mật này mà hòn đá tưởng chừng như chả có gì lại được trả 400 triệu.
Câu chuyện vô cùng lạ này diễn ra ở một ngôi làng có tên là Xiangjiaba. Đây là một ngôi làng nhỏ nằm ven sông Dương Tử xinh đẹp. Theo dọc bờ sông Dương Tử có rất nhiều loại đá với các kích cỡ và màu sắc lạ khác nhau.
Theo dọc bờ sông Dương Tử có rất nhiều loại đá với các kích cỡ và màu sắc lạ khác nhau.
Hầu như trong sân của tất cả các hộ gia đình sống dọc bờ sông này đều chất đầy các loại đá lớn, nhỏ. Nhiều du khách tham quan nơi đây đều thắc mắc tại sao người dân trong làng lại thích “sưu tập” hàng trăm viên đá như thế này?
Cư dân làng đang nhặt đá ở bờ sông Dương Tử.
Hầu như trong sân của tất cả các hộ gia đình sống dọc bờ sông này đều chất đầy các loại đá lớn, nhỏ.
Thì ra, những viên đá tưởng chừng như vô dụng này lại ẩn chứa đằng trong một bí mật vô cùng đặc biệt.
Đây không chỉ là những hòn đá bình thường, mà trên bề mặt mỗi hòn đá đều có những hình thù vô cùng đặc biệt và lạ mắt. Người dân trong làng rất tỉ mỉ và công phu khi chọn từng viên đá. Thậm chí, tùy theo hình dạng hoa văn trên viên đá, họ còn đặt tên cho chúng.
Trên bề mặt mỗi hòn đá đều có những hình thù vô cùng đặc biệt và lạ mắt.
Tùy theo hình dạng hoa văn trên viên đá, họ còn đặt tên cho chúng.
Nhiều năm qua, nhờ vào việc nhặt đá ở bờ sông, dân làng Xiangjiaba thu nhập được hàng trăm triệu đồng mỗi năm.
Nhờ vào việc nhặt đá ở bờ sông, dân làng Xiangjiaba thu nhập được hàng trăm triệu đồng mỗi năm.",1,spam
Gửi số của anh ấy và trả lời vào sáng mai về lý do tại sao bạn nói điều đó với anh ấy như thế ok,0,ham
Nhận nhạc chuông đầu tiên của bạn ngay bây giờ!,1,spam
"Wn u r bị tổn thương bởi d prsn người gần 2 u, không chiến đấu với dem dem.",0,ham
"Cảm ơn đơn đặt hàng nhạc chuông của bạn, T91 tham khảo.",1,spam
Đừng do dự.,0,ham
"Năm 2016, Stephen Ira Adams, chủ công ty bảo hiểm tại bang Louisiana (Mỹ), nhận cuộc gọi yêu cầu mua thẻ quà tặng từ Prince Anderson, 25 tuổi. Dù biết rõ đầu dây bên kia là một kẻ lừa đảo, Adams không cúp máy mà tiếp tục lắng nghe. ""Tôi nhận thấy qua giọng nói cậu ấy đang bế tắc"", Adams kể. Anderson khi đó là lao động chính trong một gia đình nghèo ở Ghana, phải làm việc cho một đường dây lừa đảo qua điện thoại để có tiền chữa bệnh cho mẹ và nuôi em trai. Cuối cuộc gọi, Adams giải thích cho Anderson hiểu việc lừa đảo người cao tuổi tại Mỹ là sai trái. Ông nói với thanh niên người châu Phi: ""Khi nào nghỉ việc, hãy gọi cho tôi"". Sau cuộc trò chuyện, Anderson quyết định nghỉ việc. Khi liên lạc lại với doanh nhân người Mỹ, anh không xin tiền mà hỏi cách mua màn chống muỗi, thuốc trị sốt rét và cách tìm kiếm cơ hội đi học. Năm năm tiếp theo, hai người duy trì liên lạc qua FaceTime. Adams hỗ trợ tiền bạc, thuốc men giúp gia đình Anderson ổn định cuộc sống. ""Ông Steve là ân nhân của gia đình. Ông đã gửi màn chống muỗi và thuốc cho mẹ tôi"", chàng trai người Ghana nói. Anderson sau đó xin làm nhân viên lau cửa kính tại sân bay, rồi chuyển sang làm bảo vệ cho Đại sứ quán Mỹ tại thủ đô Accra, Ghana. Sự hỗ trợ của Adams cũng mở ra cơ hội cho Isaac, em trai Anderson. Tháng 10/2021, Isaac nhập học ngành Hóa sinh tại Đại học Howard ở Washington D.C. Dịp nghỉ đông khi ký túc xá đóng cửa, Adams đón Isaac về Louisiana đón Giáng sinh cùng hai con trai của ông. Adams cho biết quyết định giúp đỡ Anderson xuất phát từ tuổi thơ khó khăn. Ông sinh ra trong gia đình cha mẹ còn trẻ, lớn lên trong cảnh bị ngược đãi, bỏ rơi và nghèo đói. Sau thời gian ngắn sống tại trại trẻ mồ côi, cậu bé được ông bà ngoại đón về nuôi dưỡng. Thời thơ ấu, ông nhận được sự giúp đỡ từ những người xa lạ, từ hàng xóm, người đi đường lúc ông đạp xe, đến nhân viên lao công ở trường trung học hay người phục vụ căng tin cho thêm thức ăn mang về nhà. Chính những trải nghiệm đó khiến ông hình thành quan niệm phải trở thành người có thể tin cậy với người khác, như cách ông từng được giúp đỡ. ""Nếu mỗi người quan tâm đến gia đình và hàng xóm của mình, cuộc sống sẽ tốt hơn"", Adams nói. Ngọc Ngân (Theo CBS News)",1,spam
Phiếu chứng từ B4U của bạn với 27/03 là Marsms.,1,spam
"Cán bộ công an cảnh báo: Cảnh báo bẫy lừa đảo làm dịch vụ xóa nợ xấu ngân hàng, nợ xấu CIC. Kẻ gian yêu cầu chuyển chi phí dịch vụ trước rồi gửi hóa đơn/xác nhận giả mạo nhằm chiếm đoạt tiền. Hãy chia sẻ cho người thân cùng biết.",1,spam
Lolnice.,0,ham
Thực sự không biết tôi leh ... bạn cũng ngủ sớm.,0,ham
Thực tế là bạn đang dọn dẹp cho thấy bạn biết tại sao tôi khó chịu.,0,ham
"Nhóm nghi phạm bị cáo buộc cắt khóa, đột nhập một sòng bạc ở khu vực biên giới Prek Chak, lấy trộm một số tang vật đang được lưu giữ tại hiện trường sau một chiến dịch trấn áp lừa đảo trực tuyến trước đó, theo thông cáo ngày 27/5 của cảnh sát tỉnh Kampot. Giới chức địa phương cho biết trong số hơn 30 người bị bắt có nhiều sĩ quan cấp cao và cấp trung thuộc các đơn vị khác nhau, trong đó có một phó giám đốc cảnh sát tỉnh phụ trách hoạt động biên giới, thanh tra và phó thanh tra cảnh sát cấp huyện, chỉ huy đơn vị bảo vệ biên giới, cùng các nhân viên cảnh sát và quân cảnh. Cảnh sát tỉnh Kampot xác nhận toàn bộ quan chức liên quan đã bị bắt, nhưng chưa công bố danh tính những người liên quan vì các thủ tục pháp lý đang được tiến hành. Theo số liệu từ Ban thư ký Ủy ban Quốc gia về Chống lừa đảo trực tuyến Campuchia, từ tháng 1/2025 đến ngày 24/5, Campuchia đã trục xuất 18.864 người nước ngoài thuộc 33 quốc gia liên quan hoạt động lừa đảo trực tuyến. Trong 11 tháng qua, cơ quan hành pháp Campuchia đã chuyển 143 vụ án liên quan gian lận viễn thông và trực tuyến ra tòa, với 1.458 nghi phạm đến từ 19 quốc gia. Từ tháng 7/2025 đến ngày 20/5 năm nay, cơ quan chức năng Campuchia đã điều tra hơn 400 vụ lừa đảo viễn thông và trực tuyến, thu hồi hoặc đình chỉ giấy phép kinh doanh của 25 sòng bạc bị nghi liên quan lừa đảo trực tuyến. Luật Chống lừa đảo viễn thông và trực tuyến Campuchia, có hiệu lực từ tháng 4, đã tăng mạnh mức xử phạt đối với các tội danh liên quan. Người phạm tội nghiêm trọng có thể đối mặt án tù chung thân và bị tịch thu tài sản theo quy định pháp luật. Thanh Danh (Theo Khmer Times)",1,spam
Xin chào Di là Yijue Chúng tôi sẽ họp lúc 7 giờ tối tại Esaplanade tối nay.,0,ham
Yo anh bạn đoán xem ai vừa bị bắt vào một ngày khác,0,ham
Cảnh báo chiêu trò giả danh nhân viên viễn thông thông báo khóa sim 2 chiều nếu không chuẩn hóa thông tin thuê bao. Đối tượng hướng dẫn làm theo cú pháp để chiếm quyền kiểm soát sim ngân hàng. Cần hết sức cảnh giác để tránh mất tiền.,1,spam
"Chào mừng bạn đến chọn, một dịch vụ O2 với các lợi ích bổ sung.",1,spam
"Không sao đâu., Tôi chỉ hỏi bạn có biết điều đó không?",0,ham
"Những món ăn ""thần kỳ"" giúp sĩ tử ""thi đâu đậu đó""
Ăn đậu để thi đâu đậu đó hay ăn bắp để bài làm được chắc như bắp... là những món mà mỗi khi kỳ thi đến là bạn có dịp thưởng thức.
 
 Các sĩ tử hiện đang trong giai đoạn vật lộn với kỳ thi cực kỳ quan trọng của đời mình chính là kỳ thi tốt nghiệp THPT .
 
 Để sống tốt qua mùa thi này, các sĩ tử của chúng ta không nên bỏ qua những thực phẩm này nhé! Nó không chỉ giúp các sĩ tử nâng cao được sức khỏe của mình mà còn giúp tăng cường hệ thống miễn dịch, giúp thoải mái, tăng khả năng tập trung và giúp các sĩ tử đạt kết quả cao trong kỳ thi sắp tới.
 
 
 1. Các món đậu
 
 Các loại đậu là một trong những thực phẩm tốt nhất giúp tăng cường sự tập trung. Vì chúng có thể giúp điều chỉnh năng lượng bằng cách ổn định mức đường huyết của cơ thể. Bên cạnh đó, ông bà ta thường căn dặn con cháu là trước khi đi thi thì nên ăn đậu để có thể thi đâu đậu đó.
 
 Ăn chè đậu để thi đậu nha!
 
 
 2. Hột vịt lộn
 
 Nếu hôm nay, bài làm của bạn không được suôn sẻ như ý muốn của mình thì hãy nghe lời dân gian, ăn hột vịt lộn để lộn ngược tình thế nhé! Hột vịt lộn còn có khả năng trị đau đầu và chứa hàm lượng dinh dưỡng khá cao, rất phù hợp cho bạn bồi bổ bản thân để có sức chiến với kỳ thi cam go này. Tuy nhiên, đừng ăn vào buổi tối vì hột vịt có tính hàn sẽ không tốt cho cơ thể.
 
 
 3. Sô-cô-la đen
 
 
 Sô-cô-la đen là thực phẩm được đánh giá mang lại nhiều lợi ích cho não bộ . Chất cafein được tìm thấy trong sô-cô-la đóng vai trò quan trọng trong việc bảo vệ não trước nguy cơ bị oxy hóa. Ăn sô-cô-la còn giúp bạn chống lại cơn buồn ngủ nữa đó.
 
 
 4. Quả óc chó
 
 Nhìn bề ngoài, quả óc chó trông giống như một bộ não được thu nhỏ. Bên cạnh đó, quả óc chó còn là nguồn giàu chất chống oxy hóa, có chức năng chống lại các gốc tự do, bảo vệ các tế bào não nên rất có ích cho não cũng như sự tăng cường tập trung.
 
 
 5. Quả việt quất
 
 Các dưỡng chất chứa trong quả việt quất có tác dụng bảo vệ não trước chứng căng thẳng do oxy hóa, đồng thời cải thiện khả năng học tập cũng như kỹ năng vận động. Ăn một quả việt quất trước khi ôn bài rồi đi ngủ còn giúp bạn nhớ bài lâu hơn.
 
 
 6. Cải bó xôi
 
 Cải bó xôi có chứa vitamin E nên rất có ích trong việc cải thiện chức năng nhận thức cũng như làm gia tăng các mô não, giúp tăng cường trí nhớ và giúp bạn học bài mau thuộc. Bên cạnh đó, ăn canh bó xôi còn giúp hệ tiêu hoá hoạt động tốt hơn.
 
 Cá, đặc biệt là các loại cá dầu, là nguồn giàu axít béo omega-3, có công dụng tăng cường chức năng não bộ. Nghiên cứu chỉ ra rằng, các loại axít béo thiết yếu được tìm thấy trong cá có thể giúp tăng độ sắc bén của trí não. Trong các kỳ thi quan trọng, nhất định đừng bỏ qua món ăn giàu dinh dưỡng này.
 
 
 8. Cà rốt
 
 Cà rốt không chỉ tốt cho thị giác mà còn tốt cho não. Thường xuyên tiêu thụ cà rốt sẽ giúp giảm chứng viêm và phục hồi trí nhờ. Các thành phần chứa trong cà rốt như luteolin có tác dụng giảm triệu chứng quên và tăng cường sức khỏe tổng thể của não bộ.
 
 
 9. Ngũ cốc nguyên cám
 
 Thường xuyên ăn điểm tâm bằng món ăn được chế biến từ các loại ngũ cốc nguyên cám có thể giúp bạn tập trung suốt ngày, đặc biệt tốt cho các sĩ tử trong mùa thi. Đặc biệt, trong các loại ngũ cốc, bạn nên quan tâm đến bắp để lúc đi thi xem bài làm của mình có được chắc như bắp đúng theo lời ông bà ta truyền lại không nhé!
 
 
 10. Hạt hướng dương
 
 Hạt hướng dương chứa nhiều dopamine – một loại hóa chất tốt cho não – có tác dụng giúp tăng cường chức năng vận động và khả năng tập trung trong khi thi cử.
 
 
 11. Chuối
 
 Chuối chứa vitamin B6 và kali, rất hiệu quả trong việc kích thích cơ thể sản xuất ra serotonin, norepinephrine và dopamine, có tác dụng giúp tăng cường khả năng tập trung.
 
 
 12. Cà phê
 
 Uống nhiều cà phê không tốt cho sức khỏe, nhưng với một tách cà phê nóng vào mỗi buổi sáng có thể giúp các sĩ tử tăng cường năng lượng cho cơ thể, cũng như sự tập trung cao trong thi cử.
 
 
 13. Trà xanh
 
 Nếu bạn muốn tăng cường sự tập trung, trà xanh là một trong những sự chọn lựa tốt nhất để bổ sung vào chế độ ăn uống hàng ngày vì chất flavonoid chứa trong trà xanh được chứng minh có thể giúp cải thiện sự chú ý và trí nhớ.
 
 (Ảnh: Internet)",1,spam
Thanx.,0,ham
Ôi em yêu của ngôi nhà.,0,ham
Shb b ok lor ... thanx ...,0,ham
Tones Boltblue cho 150p Trả lời poly# hoặc mono# eg poly3 1. Cha Cha trượt 2. Yeah 3. Slow Jamz 6. Độc tính 8. Hãy đến với tôi hoặc dừng thêm 4 âm,1,spam
Tôi đang ở trong lớp.,0,ham
"5 Ton Polyphonic hàng đầu miễn phí Gọi 087018728737, Tỷ lệ quốc gia.",1,spam
Né gấp thủ đoạn này: Chiêu trò lừa đảo trúng thưởng chương trình quay số may mắn của các tập đoàn lớn. Đối tượng yêu cầu người trúng nạp tiền thẻ cào hoặc chuyển khoản để làm thủ tục đóng thuế trước khi nhận thưởng. Nạn nhân nên trình báo cơ quan công an gần nhất.,1,spam
Good đang ngủ Ga.,0,ham
"Bạn đã đi vào cuộc sống của tôi và đưa mặt trời .. sáng xuống tôi, làm ấm lòng tôi.",0,ham
Ồ!,1,spam
"Tones mới trong tuần này bao gồm: 1) McFly-all ab .., 2) Sara Jorge-Shock .. 3) Will Smith-Switch .. Để đặt hàng theo hướng dẫn theo hướng dẫn tiếp theo",1,spam
"Né gấp thủ đoạn này: Cảnh báo bẫy lừa đảo nạp tiền làm nhiệm vụ xem video Youtube, TikTok nhận tiền công. Sau khi nạn nhân nạp tiền tỷ vào hệ thống, các đối tượng viện lý do lỗi hệ thống để không cho rút tiền. Cần hết sức cảnh giác để tránh mất tiền.",1,spam
Chúc mừng năm mới người đàn ông số 1 của tôi,0,ham
"Người giữ phiếu mua hàng thân mến 2 Yêu cầu phòng chờ sân bay hạng nhất của bạn khi sử dụng phiếu mua hàng kỳ nghỉ của bạn, hãy gọi 08704439680. Khi đặt trước Trích dẫn Lớp 1 X 2",1,spam
Nginh đến năm mới hạnh phúc.,0,ham
"Công an phường Móng Cái 3 đã phối hợp với các lực lượng chức năng đưa hai công dân Trung Quốc làm thủ tục xuất cảnh qua Cửa khẩu quốc tế Móng Cái và đưa 31 công dân Philippines và một công dân Malaysia ra sân bay quốc tế Nội Bài làm thủ tục về nước. Trước đó, Công an phường Móng Cái 3 phối hợp Trạm Quản lý xuất nhập cảnh Móng Cái kiểm tra hành chính căn nhà số 539 đường Hùng Vương, khu phố Hải Yên 7. Tại đây, lực lượng chức năng phát hiện 34 người nước ngoài trên cư trú bất hợp pháp. Công an thu giữ 75 điện thoại di động, 31 máy tính xách tay, 7 máy tính để bàn, một máy tính bảng cùng nhiều thiết bị mạng, dây cáp và bộ sạc. Nhóm người này cho biết toàn bộ thiết bị đã được người tuyển dụng lắp đặt sẵn từ trước. 34 người khai nhận nhập cảnh Việt Nam với mục đích ban đầu là du lịch và tìm kiếm việc làm. Thông qua các mạng xã hội như Telegram, WeChat, Viber, họ được một số người Trung Quốc không quen biết hứa hẹn tuyển dụng làm công việc bán hàng, chăm sóc khách hàng trực tuyến với mức lương cao. Theo hướng dẫn từ xa, nhóm người này tự di chuyển đến địa điểm tại Móng Cái để làm việc. Tuy nhiên, khi chưa kịp vận hành hệ thống để thực hiện hành vi lừa đảo chiếm đoạt tài sản thì bị công an phát hiện. Sau khi được cơ quan chức năng giải thích, tất cả đã tự nguyện phối hợp xác minh, làm rõ đường dây tội phạm. Lê Tân",1,spam
K :) k..its tốt :) khi nào bạn đi?,0,ham
"Ôtô ở Sài Gòn cuốn hàng loạt người, xe máy vào gầm
Hiện trường tai nạn. Ảnh: Quế Biên.
Tối 5/12, nam tài xế lái ôtô 7 chỗ trên đường Phan Văn Hớn, hướng từ quận 12 đi huyện Hóc Môn, TP HCM. Đến gần chợ Bà Điểm (huyện Hóc Môn), ôtô tông người phụ nữ chạy xe máy phía trước khiến nạn nhân văng xuống đường.
Xe gây tai nạn không dừng lại mà đi lùi, tiếp tục húc 4 xe máy khác, cuốn tất cả vào gầm. Ôtô chỉ dừng lại khi nằm vắt vẻo trên một loạt xe máy. 4 người, trong đó có trẻ em bị thương, kẹt dưới gầm ôtô kêu cứu.
Tài xế xuống xe, lấy quần áo che biển số rồi bỏ đi. Nhiều người dân quanh khu vực hô hào nhau nâng ôtô, giải cứu những người bị kẹt dưới gầm. Các nạn nhân được đưa đến bệnh viện trong tình trạng thương tích nhẹ.
Ôtô nằm chênh vênh trên một loạt xe máy. Ảnh: Sơn Hoà.
Công an huyện Hóc Môn đang phong toả hiện trường, giao thông qua khu vực ùn ứ kéo dài.
Sơn Hoà",0,ham
Hoặc tôi sẽ gần hơn một chút như ở trạm xe buýt trên cùng một con phố,0,ham
"Mẹ già báo mộng “nó ăn hết rồi”, con cháu cải mộ sau 3 năm khóc ngất khi thấy cảnh này
Cải mộ 3 năm cho mẹ già, đám con cháu khóc thét, bỏ chạy gần hết khi quan tài vừa hé trên mặt đất đã thấy tiếng động rầm rầm bên trong.
Ngày 14-4-2016, gia đình dòng họ Lưu trong vùng đã quyết định cải mộ của cụ bà cố, người phụ nữ có quyền nhất trong dòng họ. Vì hàng đêm họ thường mơ thấy cụ bà cô chống gậy về than khóc chỉ một câu duy nhất “Nó ăn hết rồi! Nó ăn hết rồi!”.
Khi đám con cháu hì hục đào phần đất bên trên, họ cảm nhận được điều gì đó không lành. Đất trong mộ không được nèn chặt, nó xập xình như có ai đang thở mạnh bên dưới. Đến khi quan tài lộ trên mặt đất, nắp quan tài run lên bần bật, nổ rầm rập. Lật lung nắp quan tài lên thì phát hiện một con trăng khủng cuộn tròn trong lớp quần áo bùng nhùng của cụ cố. Đám con cháu khóc thét, kinh hoàng vì những gì xảy ra.
Nhiều người đã vào tận nơi, bắt con trăn ra bên ngoài và quyết định thả nó về rừng, thay vì bắn chết nó. Họ nghĩ rằng, ít nhiều linh hồn của cụ cố sẽ được siêu thoát, việc bắn chết con trăn có thể làm ảnh hưởng đến tâm linh.
Dép tổ ong là có thật trong truyền thuyết
Tự trừng phạt khi làm người yêu buồn?
Ông chồng của năm đây rồi!
Cảm động thanh niên giúp bạn gái qua cơn say nắng
Mổ lợn để cưới vợ thôi
May vẫn còn nguyên bộ nhá
Hận đời vì quả tivi thật như trong truyền thuyết
Mình anh trên con đường này, ôi sao cô đơn quá!",1,spam
Bạn đã được chọn để ở trong 1 trong số 250 khách sạn hàng đầu của Anh - không có gì!,1,spam
Đã gửi cho tôi de Webadres để nhận được phiếu lương,0,ham
"Xin lỗi, tôi sẽ gọi sau",0,ham
Bạn muốn gì cho xmas?,1,spam
Lol làm ơn làm.,0,ham
Taka lor.,0,ham
"Cân bằng tiền mặt của bạn hiện là 500 pounds-để tối đa hóa tiền mặt của bạn, bây giờ hãy gửi tiền mặt tới 86688 chỉ 150p/msg.",1,spam
"Sáng nay, đại diện Cục Công tác chính trị (Bộ Công an) công bố quyết định của Chủ tịch nước về việc phong tặng danh hiệu cho Công an Đà Nẵng. Phó thủ tướng Thường trực Phạm Gia Túc đã trao danh hiệu và Huy hiệu Anh hùng cho đơn vị. Phó thủ tướng đề nghị Công an TP Đà Nẵng tiếp tục chủ động nắm chắc tình hình từ sớm, từ xa, từ cơ sở; bảo vệ vững chắc an ninh chính trị nội bộ, an ninh kinh tế, an ninh mạng và an ninh xã hội gắn với Nghị quyết số 22-NQ/TW về Chiến lược An ninh quốc gia. Lực lượng công an thành phố được yêu cầu đẩy mạnh tấn công, trấn áp các loại tội phạm, nhất là tội phạm có tổ chức, công nghệ cao, ma túy, tham nhũng và xuyên quốc gia. Đồng thời, đơn vị cần tăng cường chuyển đổi số, ứng dụng trí tuệ nhân tạo, dữ liệu lớn vào công tác nghiệp vụ và nâng cao chất lượng dịch vụ công trực tuyến phục vụ người dân. Thiếu tướng Nguyễn Hữu Hợp, Giám đốc Công an TP Đà Nẵng, cho biết đơn vị sẽ tiếp tục đoàn kết, giữ vững kỷ cương, xây dựng lực lượng chính quy, tinh nhuệ, hiện đại; tập trung phòng ngừa và đấu tranh hiệu quả với các loại tội phạm, bảo đảm tuyệt đối an ninh trật tự trên địa bàn. Nguyễn Đông",1,spam
18 ngày để khởi động Euro2004!,1,spam
Những bức ảnh nóng nhất thẳng vào điện thoại của bạn !!,1,spam
"Ăn chênh 600 triệu đồng một suất mua nhà xã hội khu trung tâm
Nhà ở xã hội đắt ngang căn hộ thương mại
Trên các trang rao vặt bất động sản, hàng loạt mẩu tin rao bán ""suất ngoại giao"" căn hộ tại dự án nhà ở xã hội 282 Nguyễn Huy Tưởng được đăng tải từ nhiều tháng nay. Trong đó, bên cạnh những căn thương mại chủ đầu tư được phép bán rộng rãi theo quy định, hàng trăm căn hộ nhà ở xã hội cũng được rao bởi các môi giới với mức giá chênh hơn nửa tỷ đồng.
""Hiện tôi có 5 suất ngoại giao chung cư nhà ở xã hội 282 Nguyễn Huy Tưởng, giá từ 16 triệu đồng mỗi m2, vào tên chính chủ"", một mẩu tin quảng cáo giới thiệu kèm số điện thoại của môi giới. Khi trao đổi qua điện thoại, anh này cho biết, đây là giá trong hợp đồng, còn thực tế người mua phải trả thêm hàng trăm triệu đồng với mỗi căn hộ.
Ví dụ, nếu mua một căn hộ 70 m2 và chỉ ký hợp đồng ủy quyền, không sang tên thì giá bán mỗi m2 là 21,5 triệu đồng, xấp xỉ mức chênh gần 400 triệu đồng. Trong khi đó, nếu mua sang tên luôn thì giá mỗi m2 là 24 triệu đồng, tương đương mức chênh phải trả cho người bán là 560 triệu đồng một căn hộ. Những căn diện tích nhỏ hơn, mức chênh mỗi m2 cũng tương đương nên bên mua sẽ phải trả khoảng 300 đến 500 triệu đồng.
Môi giới cũng cho biết, giá mỗi m2 hiện đã tăng khoảng 2 triệu đồng so với thời điểm cách đây 3 tháng.
Thông báo của chủ đầu tư cảnh báo những rủi ro về tình trạng loạn rao bán dự án để người mua cảnh giác. Ảnh: Nguyễn Hà
""Dự án này căn thương mại giá đã từ 26 triệu đồng một m2 rồi. Căn hộ xã hội chỉ hạn chế hơn vấn đề chuyển nhượng chứ chất lượng và tiện ích như nhau nên mềm hơn 2 giá mỗi m2 là một mức giá rất hợp lý. Không dự án nhà ở xã hội nào có vị trí trung tâm bằng nơi này"", một môi giới tên Tuấn giới thiệu và cho biết sẽ dẫn khách mua đến tận nhà người bán suất ngoại giao để giao dịch.
Anh này chia sẻ thêm, sau khi đặt cọc từ 50 đến 100 triệu đồng, trong vòng một tuần người mua sẽ thanh toán toàn bộ tiền chênh cho bên bán để ký hợp đồng uỷ quyền hoặc sang tên. Số tiền còn lại, khách thanh toán cho bên mua theo tiến độ trong hợp đồng đã ký với chủ đầu tư.
Theo khảo sát của VnExpress, ngay lối vào dự án ở đầu ngõ 282 Nguyễn Huy Tưởng, một số môi giới đứng ven đường chào mời người mua nhà ở xã hội. ""Chúng tôi sẽ kết nối trực tiếp bên mua và bên bán để đảm bảo độ an tâm cho người mua"", một môi giới cho biết sau khi giới thiệu giá chênh mỗi căn hộ anh đang bán dao động từ 400 đến 600 triệu đồng, tuỳ diện tích và hướng nhà.
""Những dự án thương mại quanh khu vực này giá từ 30 đến 40 triệu đồng. Trong khi đó dự án này giá rất cạnh tranh và chủ đầu tư cũng chú trọng vấn đề tiện ích không kém gì nhà thương mại"", một môi giới tự do tên Trọng quảng cáo.
Các mẩu tin rao bán nhà ở xã hội tại dự án này hiện hầu hết quảng cáo giá gốc theo hợp đồng, còn giá chênh sẽ được báo qua điện thoại hoặc khi làm việc trực tiếp. Dự án có 612 căn hộ dự kiến bàn giao năm 2019, trong đó có 92 căn thương mại.
Ông Nguyễn Văn Thành, Phó giám đốc Ban đầu tư Công ty cổ phần Tập đoàn Hoành Sơn - đại diện chủ đầu tư cho hay mới ký hợp đồng phân phối độc quyền căn hộ thương mại tại dự án với Công ty TNHH Phát triển Nhà Phú Hưng. Riêng những căn nhà ở xã hội thì không được bán qua sàn mà người mua phải đáp ứng các điều kiện theo quy định.
Tuy nhiên, đại diện chủ đầu tư cũng thừa nhận về tình trạng ""bát nháo"" trong việc rao bán căn hộ nhà ở xã hội của dự án này. Theo ông Thành, tình trạng này không chỉ diễn ra quanh khu vực dự án mà còn cả trên Internet. Một số sàn, môi giới đến gần dự án để rao bán, săn đón hoặc tìm cách tiếp cận khách quan tâm gây ra nhiễu thông tin. Gần đây, ban lãnh đạo công ty đã có văn bản gửi công an phường đề nghị hỗ trợ giải quyết tình trạng trên.
""Sau khi chúng tôi kết thúc việc tiếp nhận hồ sơ, thuê đợt một của các cán bộ chiến sĩ có nhu cầu thì đã có nhiều công ty, sàn bất động sản, cá nhân, tổ chức tự ý treo biển, đưa hình ảnh và thông tin của dự án để rao bán các căn hộ khi không được sự uỷ quyền, chấp thuận của chủ đầu tư"", đơn kiến nghị của chủ đầu tư gửi chính quyền địa phương nêu.
Theo ông Thành, ngoài hình thức này, ngay cổng vào dự án đang triển khai, chủ đầu tư cũng dán các thông báo về các quy định, điều kiện trong mua bán, chuyển nhượng nhà ở xã hội để người mua cảnh giác với những rủi ro. Chủ đầu tư cũng khuyến cáo người mua nhà ở xã hội cũng như nhà ở thương mại tìm hiểu kỹ hơn về các thông tin liên quan hoặc gọi đến đường dây nóng để tránh các giao dịch có thể tổn hại về tài chính.",0,ham
Ai đó đã liên hệ với dịch vụ hẹn hò của chúng tôi và nhập điện thoại của bạn vì họ thích bạn!,1,spam
:-) vâng!,0,ham
"Bản án ngày 17/8 của TAND tỉnh Hà Tĩnh tuyên Đậu Thị Huyền Trang, 35 tuổi, trú phường Thành Sen, phạm tội Lừa đảo chiếm đoạt tài sản, theo Điều 174 Bộ luật Hình sự. Theo cáo trạng, từ tháng 1 đến tháng 2/2026, do cần tiền cá cược trò chơi qua mạng, Trang chuyển sang lừa các tài xế taxi. Trang đặt xe di chuyển giữa phường Thành Sen, xã Đan Hải (tỉnh Hà Tĩnh) và phường Thành Vinh (tỉnh Nghệ An), sau đó đưa ra nhiều lý do như người thân bị tai nạn, bệnh tật rất nặng phải cấp cứu, cần tiền viện phí, mua thuốc hoặc mua hàng nhưng thiếu tiền để hỏi vay. Sau khi xuống xe, Trang nói tài khoản ngân hàng bị lỗi, không thể chuyển tiền hoặc đưa cho tài xế xem hình ảnh giao dịch chuyển khoản thành công giả, hứa hôm sau tiền sẽ về tài khoản. Tin tưởng, các tài xế cho bị cáo về trước nhưng sau đó không nhận được tiền. Nhà chức trách cáo buộc, bằng cách ""dựng chuyện"" này, Trang chiếm đoạt hơn 29 triệu đồng của 7 tài xế taxi, gồm tiền vay và cước phí. Từ tố cáo của nạn nhân, tháng 2/2026, Trang bị bắt. Lừa hơn 1,3 tỷ đồng tiền đặt cọc đất Trước đó, từ tháng 9 đến tháng 10/2025, Trang lợi dụng tình trạng ""sốt đất"" tại xã Đan Hải (trước đây thuộc huyện Nghi Xuân) để đưa thông tin gian dối, rủ người khác góp tiền mua hoặc nhận tiền của khách để bán những thửa đất không thuộc sở hữu của mình. Trang nói với bà Đinh Thị Xuân về cơ hội đầu tư đất tại thôn Hội Thủy, rủ góp 100 triệu đồng tiền đặt cọc. Sau khi nhận tiền, bị cáo tiếp tục đưa ra lý do cần thêm tiền khiến bà Xuân giao thêm 50 triệu đồng. Với anh Phan Văn Bảo và anh Nguyễn Xuân Hùng, Trang tiếp tục đưa thông tin gian dối về ba thửa đất tại khu quy hoạch thôn Hội Thủy. Anh Bảo giao 200 triệu đồng để đặt cọc một thửa, còn anh Hùng giao tổng cộng 550 triệu đồng để đặt cọc hai thửa đất khác. Một trường hợp khác, Trang nhận môi giới bán một thửa đất rộng hơn 204 m2 cho chủ đất. Khi anh Hồ Việt Triều liên hệ, bị cáo nói dối đã đặt cọc 500 triệu đồng để mua lại thửa đất nhưng không đủ khả năng nên muốn bán lại với giá thấp. Tin tưởng, anh Triều giao 500 triệu đồng. Trang trả lại 50 triệu đồng, còn 450 triệu đồng sử dụng trả các khoản vay trực tuyến. Bằng thủ đoạn trên, trong khoảng hai tháng, Trang chiếm đoạt hơn 1,3 tỷ đồng của 4 người. Đức Hùng",1,spam
Để có cơ hội để giành được Å £ 250 wkly mua sắm spree txt: mua sắm lên 80878.,1,spam
Chuẩn rồi,0,ham
"Sáng 13/8, Công an tỉnh Quảng Ninh cho biết đã phối hợp với Cục An ninh mạng và phòng, chống tội phạm sử dụng công nghệ cao (Bộ Công an) bóc gỡ thành công đường dây tội phạm xuyên tỉnh này. Chuyên án bắt đầu từ 8 đơn trình báo của người dân với tổng số tiền bị chiếm đoạt hơn 160 triệu đồng. Đến nay, 18 người đã bị khởi tố. Kết quả điều tra mở rộng bước đầu xác định các nghi phạm đã chiếm đoạt hơn 110 tỷ đồng của hàng nghìn bị hại trên phạm vi toàn quốc; thực hiện 763 giao dịch có dấu hiệu rửa tiền với tổng giá trị hơn 1,24 triệu USDT. Theo đại tá Hoàng Văn Định, Trưởng phòng An ninh mạng Công an tỉnh Quảng Ninh, nguồn dữ liệu cá nhân bị rò rỉ từ các công ty, cửa hàng, phòng khám... rồi bị rao bán trên các nhóm ẩn danh Telegram. Kẻ gian nắm dữ liệu về nghề nghiệp, địa chỉ, lịch sử vay vốn và thói quen tiêu dùng, từ đó dựng kịch bản tiếp cận từng người. Một nạn nhân cho biết, do cần tiền phục vụ công việc kinh doanh, người này tình cờ nhìn thấy một tài khoản TikTok mang tên ngân hàng, có dấu tích xác thực nên tin tưởng liên hệ. Sau đó, anh bị yêu cầu chuyển nhiều khoản với lý do như phí giao dịch, phí chứng minh thu nhập... Toàn bộ quy trình khá bài bản, giống thủ tục vay vốn thực tế của ngân hàng. Khác với các nhóm lừa đảo truyền thống, đường dây này phân tách rõ ràng giữa khâu lừa tiền và rửa tiền. Khi tiền cập bến tài khoản trung gian, nghi phạm chuyển giao dòng tiền cho một nhóm chuyên trách để nhận tiền hoa hồng. Nhóm này sau đó chia nhỏ dòng tiền qua nhiều ví điện tử, cổng game, mua đồng tiền điện tử USDT trên sàn giao dịch. Số USDT này tiếp tục được bán ra tiền mặt để chuyển lại cho kẻ chủ mưu nhằm xóa dấu vết. Theo công an, vụ án cũng cho thấy một xu hướng nguy hiểm là dữ liệu cá nhân đang trở thành ""nguyên liệu đầu vào"" cho nhiều loại tội phạm trên không gian mạng. Từ một số điện thoại, thông tin nghề nghiệp hay nhu cầu vay vốn, học tập, đầu tư..., các đối tượng có thể kết nối thành hồ sơ tương đối đầy đủ về nạn nhân để phục vụ cho những kịch bản lừa đảo ngày càng tinh vi. Công an khuyến cáo người dân bảo mật dữ liệu cá nhân và tuyệt đối không chuyển tiền khi chưa xác minh rõ danh tính đối phương. Lê Tân",1,spam
Nếu Ấn Độ giành chiến thắng hoặc chuỗi cấp có nghĩa là đây là bản ghi :),0,ham
Bạn đang được liên hệ bởi dịch vụ hẹn hò của chúng tôi bởi một người mà bạn biết!,1,spam
"Những người bạn tốt chăm sóc lẫn nhau .. Những người bạn thân hiểu nhau ... và những người bạn thực sự ở lại mãi mãi không nói nên lời, vượt quá thời gian.",0,ham
"Eerie Nokia Tones 4U, Tiêu đề Tone Rply tới 8007 ví dụ: Tone Dracula đến 8007 tiêu đề: Ghost, Addamsfa, Munsters, Exorcist, Twilight www.getzed.co.uk POBox36504W45WQ 150P",1,spam
Tôi không biết bạn và bạn không biết tôi.,1,spam
Chúng ta nhận được bao nhiêu?,0,ham
"Hàng ngàn người Hà Nội đứng hình khi chứng kiến bộ trang phục trần da thịt của em gái trẻ đẹp này
Tối qua Sài Gòn bỗng nhiên se lạnh các mẹ ạ, em đang nằm trong chăn ấm lướt web thì bỗng đập vào mắt là tấm hình chụp lại một cô gái ăn mặc siêu hở hang đang đứng đứng ngoài phố. Không nói chắc các mẹ cũng biết em rùng mình như thế nào, mình đang nằm trong chăn đây mà còn thấy lạnh, huống gì người ta ăn mặc phong phanh thế kia đứng giữ trời.
Nhìn kỹ hơn thì em thấy tấm hình đó được chụp ở phố Hàng Trống, Hà Nội. Vội nhắn tin cho thằng bạn ngoài đó hỏi xem Hà Nội có lạnh không, nó bảo rằng thời tiết cũng hơi se se vào buổi tối. Em gật gù, chợt nhớ tới câu nói vui hay nghe được từ mấy người bạn là “thời trang phang thời tiết”, em lại bật cười vì nếu gán vào trường hợp của cô gái này thì có vẻ đúng quá.
Cô gái ấy đang mặc một bộ đồ có thể che được những chỗ cần che, còn những chỗ không cần che thì cứ thoải mái phô bày ra cho thiên hạ ngắm nhìn.Em thấy thà không có lớp vải mỏng phủ bên ngoài thì thôi, câu chuyện sẽ đi theo chiều hướng khác, đằng này cô ấy phủ một lớp mỏng bên ngoài làm em thấy nhìn vào nó tức tức mắt sao ấy các mẹ ạ. Đã có ý muốn che thì che cho trót, đằng này cứ làm cái kiểu nửa kín nửa hở, cứ như ra vẻ đang khiêu khích ánh nhìn của mọi người. Nhìn phía sau thôi nhưng em thấy hình như cô gái này cũng có vẻ khá xinh xắn, dáng người thì cũng mũm mĩm đáng yêu, thế nhưng nếu để khoe ra sự dễ thương của mình bằng cách này thì thật hết nói nổi.
Em xin phép được gọi chuyện những cô gái có xu hướng ăn mặc thế này ra đường là một “vấn nạn”. Chắc các mẹ cũng chả lạ gì khi ngày nay những hình ảnh tương tự như thế xuất hiện đầy rẫy trên mạng, chỉ cần bắt gặp một cô gái ăn mặc hở hang, người ta liền rút điện thoại ra chụp một cái “rụp”, 1 phút sau nó sẽ có mặt trên mạng xã hội để người ta tha hồ ngắm nhìn, bàn tán và chỉ trích.
Những cô gái chuộng cái mốt khoe da thịt này thường chọn cho mình những thứ chất liệu vải mỏng tang để khoác lên người, có cô thì chỉ mặc bikini như đi thi hoa hậu biển, người thì lại không thèm mặc đồ lót, chỉ che đậy chỗ kín đáo bằng những lớp vải hờ hững, lả lướt…Nhưng em thấy tệ nhất là mấy cô dù có mặc lên người bao nhiêu thứ vải đi nữa thì cũng như chả mặc gì, khiến người nhìn dù chẳng muốn tưởng tượng thì vẫn có thể đoán được bên trong trông như thế nào.
“Đẹp khoe xấu che”, những cô gái ấy tự tin là mình đẹp nên có quyền khoe ra để mọi người cùng “được” chiêm ngưỡng. Em thấy tư tưởng đó chẳng hợp lý tí nào các mẹ ạ, cứ thấy nó bệnh bệnh sao ấy chứ chẳng phải là phát ngôn của những người lên tiếng vì cái đẹp. Có nhiều ngôi sao cũng chuộng kiểu ăn mặc khoe điểm nhấn cơ thể, nhưng cái cách họ khoe rất tế nhị, có hở hang nhưng nhìn vẫn sang trọng và quý phái, công chúng nhìn vào cũng phải gật gù rằng họ đẹp…còn mấy cô gái này là khoe một cách lộ liễu, phơi bày mọi thứ lồ lộ ra, nhìn chẳng thấy đẹp ở đâu mà chỉ thấy quá phản cảm.
Không biết các mẹ thì sao chứ như em đây, ra đường mà mặc đồ có cổ khoét hơi sâu một tí thôi cũng phải luôn để ý để tránh gây hở hang quá đà, đôi khi sơ suất để lộ ra một ít đồ nhỏ thôi cũng đủ cảm thấy ngại ngùng…Vậy tức là những cô gái ăn mặc phản cảm kia không biết cảm thấy xấu hổ hay sao?
Đồng ý rằng ở nhà người ta thích mặc sao thì mặc, nhưng khi ra đường thì phải biết để ý và chỉn chu hết sức có thể. Chẳng hiểu sao mấy cô gái này có thể khoác mấy bộ cánh như vậy để ra đường, những bộ đồ mà e nghĩ ở nhà chắc có cho tiền em cũng chẳng dám mặc.
Người phụ nữ Việt Nam từ xưa đến nay luôn biết giữ gìn trong mình sự kín đáo, e lệ và nghiêm túc, ra ngoài đường là phải ý tứ, phải để ý từ ăn mặc cho đến dáng đi dáng đứng. Đồng ý rằng khi xã hội phát triển, hòa nhập với thế giới thì người phụ nữ có thể ăn mặc một cách thoải mái hơn, gợi cảm hơn, khoe ra những đường cong mà tạo hóa ban cho mình…nhưng tất nhiên, dù có nói gì đi nữa thì việc ấy vẫn phải dừng lại ở một mức độ cho phép. Hở hang quá đà khi đi ra đường đồng nghĩa với việc tự hạ thấp bản thân mình, tự biến mình trở thành trò cười cho thiên hạ, người ngoài nhìn vào sẽ không thể nào có thiện cảm cũng như những suy nghĩ tốt.
Em thấy đàn ông ai cũng thích nhìn phụ nữ sexy một chút, quyến rũ một chút và tất nhiên chỉ là một chút thôi. Con gái ra đường mà thế này thì một là sẽ trở thành thứ để trêu ghẹo của nhưng người đàn ông khiếm nhã, còn đàn ông mà chững chạc, chín chắn thì chỉ có nước chạy dài, chưa kể đến chuyện các cô ấy có thể bị hãm hại do ăn mặc quá khiêu khích thì sao, các mẹ nhỉ?
Cách ăn mặc cũng phản ánh một phần ý thức của con người. Không cần biết cô ấy học vấn ra sao, nội tâm tốt thế nào, chỉ cần cô ấy ra đường với một bộ quần áo phản cảm, ngay lập tức cô ấy sẽ trở thành một con người không có văn hóa trong nhận xét của mọi người. Em thấy cũng phải thôi, người mà có văn hóa ai lại đem mình ra làm trò cười cho thiên hạ như thế. Ăn mặc đẹp, lịch sự chính là cách chúng ta tự tôn trọng bản thân mình cũng như thể hiện sự tôn trọng với nhưng người xung quanh. Đừng để chỉ vì một hành động thiếu suy nghĩ của mình mà kéo theo những hệ quả không mong muốn về sau các chị em ạ.",1,spam
Thông báo thông tin quan trọng cho người dùng O2.,1,spam
"Để xem xét và giữ bộ bài trò chơi Nokia N-Pident tuyệt vời với Club Nokia, hãy đi 2 www.cnupdates.com/newsletter.",1,spam
Tôi nên mua cho anh ấy một chiếc blackberry in đậm hoặc ngọn đuốc.,0,ham
"Cơ hội cuối cùng 2 Yêu cầu Ur Å trị giá £ 150 Vouchers-Text-Text Có đến 85023 ngay bây giờ! Savamob-thành viên cung cấp di động T CS 08717898035. Å £ 3,00 Sub.",1,spam
Có..Gauti và Sehwag ra khỏi loạt ODI.,0,ham
"Hoàng Gia Tân, 35 tuổi và 6 đồng phạm vừa bị Cơ quan Cảnh sát điều tra Công an thành phố Hà Nội khởi tố để điều tra tội Sử dụng mạng máy tính, mạng viễn thông, phương tiện điện tử để thực hiện hành vi chiếm đoạt tài sản, theo khoản 4 điều 290 Bộ luật hình sự. Theo công an, năm 2019, tìm hiểu về thị trường coin, Tân và nhóm kỹ thuật đã tạo ra đồng tiền điện tử LIBFX và quảng cáo, kêu gọi đầu tư. Tân lên nội dung để giải thích về đồng tiền số LIBFX và lộ trình phát triển, tiềm năng sinh lời nhanh khi đầu tư theo các gói định sẵn với cơ chế hoa hồng hấp dẫn. Anh ta quảng cáo LIBFX có nguồn gốc từ nước ngoài, đầy đủ giấy tờ pháp lý. Đây sẽ là một trong những phương thức thanh toán trung gian tại thị trường Forex. Nhưng công an đánh giá các thông tin trên đều sai sự thật, do Tân tự nghĩ ra nhằm thu hút nhà đầu tư. Công an cho rằng, toàn bộ dự án LIBFX do Tân thuê đội ngũ kỹ thuật tại Việt Nam tạo dựng để kêu gọi nhà đầu tư. Thực chất, nhóm này không đầu tư, lấy tiền của người sau trả lãi cho người trước... Kết quả điều tra bước đầu xác định, số tiền nhóm này chiếm đoạt hơn 60 tỷ đồng.",1,spam
Cảm ơn vì đã yêu tôi như vậy.,0,ham
"Themob> Nhấn vào liên kết để có được một trò chơi panther màu hồng cao cấp, số mới.",1,spam
Mùa hè cuối cùng ở đây!,1,spam
Chúc mừng!,1,spam
"Bạn có bao giờ nhận thấy rằng khi bạn đang lái xe, bất cứ ai đi chậm hơn bạn là một thằng ngốc và mọi người lái xe nhanh hơn bạn là một kẻ điên?",1,spam
Trò chơi miễn phí.,1,spam
Bạn trong phòng của bạn?,0,ham
"CÁC BẠN TIN KHÔNG MIỄN PHÍ 100% CHIẾN DỊCH QUẢNG BÁ CHỊU CHI NHẤT TỪ TRƯỚC ĐẾN NAY 
 🚗🚗80 XE Vin-fast V1 MIỄN PHÍ 100% 
 🎁🎁 RẤT CÓ THỂ BẠN LÀ NGƯỜI SỞ HỮU ! 
 🔊🔊🔊 CHÚNG TÔI SẼ MỞ MỘT CUỘC QUẢNG BÁ SẢN PHẨM LỚN NHẤT TỪ TRƯỚC ĐẾN NAY 
 
 🥇🥇Và các bạn sẽ có cơ hội lớn để SỞ HỮU MIỄN PHÍ 80 CHIẾC Vin-fast V1 phiên bản 2018🚗🚗🚗🚗 
 ----------------------------------
 🚘🚘 THỂ LỆ THAM GIA :
 🎗 BƯỚC 1 : LIKE TRANG FANPAGE
 🎗BƯỚC 2 : BÌNH LUẬN màu sơn xe bạn yêu thích và số điện thoại của bạn.
 🎗BƯỚC 3 : CHIA SẺ bài viết này công khai trên trang cá nhân của bạn.
 🎲🎲 CHÚNG TÔI SẼ LỰA CHỌN NGẪU NHIÊN 80 KHÁCH HÀNG ĐỂ LIÊN LẠC TRAO GIẢI🎎
 ====================================== 
 ♥ LƯU Ý : 
 - Chương trình kích cầu sản phẩm kéo dài từ 01/06/2017 đến hết ngày 10/8/2018. 
 🎈🎈🎈 Chúng tôi sẽ Livestream lễ trao giải 80 xe Vin-fast cho 80 khách hàng may mắn nhất trên Fanpage chính thức vào ngày18/08/2018. 
 🎖🎖CHÚC CÁC BẠN MAY MẮN !!! 
 NGUỒN ST",1,spam
Freemsg: Cuộc gọi miễn phí không giới hạn 1 tháng!,1,spam
Bạn có thể gọi tôi là xin vui lòng.,0,ham
"Võ sư 60 tuổi, tay không đánh bại hàng trăm giang hồ Sài Gòn
Võ sư Sáu Trừ cùng 5 người con tả xung hữu đột 3 đêm ròng chống lại hàng trăm giang hồ quận 4 đã trở thành giai thoại trong giới võ học Việt.
ảnh minh họaVõ sư Sáu Trừ tên thật là Ngô Văn Trừ, sinh năm 1936, người gốc Sài Gòn. Ông sinh ra trong một gia đình bề thế, có truyền thống về võ học. Do yêu thích võ thuật, nên từ nhỏ Sáu Trừ đã được cha mình cho đi thọ giáo rất nhiều cao thủ ở các môn phái khác. Khi lớn lên, nghe danh thầy Chín Hóa (tên thật là Bùi Văn Hóa), sáng tổ của môn phái Thiếu Lâm tự – Nội quyền – Tây Sơn Nhạn tại Việt Nam kiến thức võ học hơn người, là một trong ba người nổi danh đánh hổ nên ông đã tìm đến tầm sư học võ.
Thời điểm những năm 1965, khi nhắc đến võ đường của tổ sư Chín Hóa là phải kể đến “Nhất Hổ, Nhì Miêu, Tam Trừ (Sáu Trừ), Tứ Tính”. Lý Sơn Phi Hổ với lối đánh mãnh liệt như mãnh hổ vồ mồi. Nhì Miêu với lối đánh khôn khéo, ru ngủ đối thủ rồi bất ngờ tung đòn như vũ bão. Tam Trừ (Sáu Trừ) với ngọn cước “Bình Sa Lạc Nhạn” trứ danh của môn phái Tây Sơn Nhạn nhanh tựa sấm chớp, Tứ Tính với đòn gối bay nặng tựa ngàn cân giáng lên đối thủ. Đối với đấu trường tự do thời ấy, tứ đại cao thủ của Tây Sơn Nhạn thực sự là nỗi khiếp sợ của bất cứ đấu sĩ nào.
Hình ảnh hiếm hoi về võ sư Sáu Trừ.
“Chà Và Hương” là một cao thủ võ công biệt danh “cặp dao cạo” sở hữu cặp cùi chỏ linh hoạt và có độ sát thương như dao sắc lẹm, bất bại trên sàn đấu, Nhưng mỗi khi nhắc lại kỷ niệm lần diện kiến Sáu Trừ, ông vẫn cảm thấy trong lòng hừng hực.
Theo như “Chà Và Hương” kể lại, trong một lần đến Đông Tây học đường ở quận 1 chơi với đám bạn gái thì ông vô tình xích mích với một thanh niên lạ – Sáu Trừ. Nổi máu chiến lên, ông đã rủ người này đấu một trận phân cao thấp.
“Chà Và Hương” thủ thế rồi lao vào đối thủ, rất nhanh, người kia liền tung ra cú quét trụ rồi giáng một cước vào bụng ‘Chà Và Hương’ khiến ông ói và gục tại chỗ. Về sau, Chà Và Hương hỏi ra mới biết đó là Sáu Trừ, cao thủ của Tây Sơn Nhạn với cú đá “Bình Sa Lạc Nhạn” trứ danh.
Võ sư Sáu Trừ có 5 người con trai tất cả đều rất giỏi võ, một trong số đó có lần đi chơi bên quận 4 xích mích với giới giang hồ. Sẵn có võ nghệ, người con này đã một mình ra tay đánh gục cả chục tên. Nhưng anh này đâu biết rằng đã đụng phải đàn em trùm giang hồ quận 4 là Lệ “què’ và Ve Sầu.
Chỉ sau hôm đó, đám giang hồ Lệ “què”, Ve Sầu đã kéo hàng trăm tên đến bao vây nhà võ sư Sáu Trừ. Đám giang hồ tuyên bố rằng, cứ mỗi 17h chiều mỗi ngày sẽ kéo quân đến giao chiến với gia đình Sáu Trừ.
Võ sư Sáu Trừ từng chiến đấu với hàng trăm giang hồ. Ảnh minh họa.
Dù đã ở tuổi 60 nhưng Sáu Trừ vẫn cùng các con kẹp tập sách, quấn dây xích quanh người làm áo giáp giao chiến. Hết đêm thứ nhất rồi đến đêm thứ hai giao chiến, hàng trăm tên giang hồ bao vây từ 3 phía mà cha con võ sư Sáu Trừ vẫn trụ vững.
Đến đêm thứ 3, khi đám giang hồ tới, vợ của võ sư Sáu Trừ ra dõng dạc tuyên bố “ngã đứa nào bỏ đứa đó”, ý muốn nói nếu có đứa con nào ngã xuống thì những đứa khác phải kiên cường chiến đấu tiếp. Nghe thế đám giang hồ khiếp vía, cha con võ sư Sáu Trừ lại có thêm nhuệ khí.
Đêm ấy, thủ lĩnh Lệ “què”, Ve Sầu bị cha con võ sư Sáu Trừ đánh gục tại chỗ. Đám giang hồ lâu la tan tác. Sau trận chiến cả khu phố được phen ăn mừng, tung hô cha con Sáu Trừ vì đã dạy cho đám giang hồ một bài học.
Lúc cuối đời, võ sư Sáu Trừ còn dành tặng võ sư Tô Đình Thanh cây côn đã đánh bại lũ giang hồ lúc ông hơn 60 tuổi. Ý võ sư Sáu Trừ muốn nói với võ sư Tô Đình Thanh rằng trong sự nghiệp truyền bá võ thuật cần kiên cường, bất khuất, nếu chiến đầu vì chính nghĩa thì không bao giờ được lùi bước.",1,spam
Xin chúc mừng bạn đã được trao £ 500 của CD quà tặng và mục nhập miễn phí 2 £ 100 £ 100 hàng tuần của chúng tôi.,1,spam
Bạn nghĩ lúc mấy giờ về Goin?,0,ham
Tap & Spile lúc bảy.,0,ham
"Ngày 29/7, VKSND khu vực 1 - Hà Tĩnh cho biết đã phê chuẩn quyết định bắt tạm giam Hoàng, 30 tuổi, về tội Cưỡng đoạt tài sản. Theo điều tra, khoảng 18h30 ngày 12/7, tại phòng một khách sạn trên đường Lê Hồng Phong, phường Thành Sen, Hoàng giả danh công an tiếp cận cô gái 27 tuổi, trú xã Quỳ Châu (tỉnh Nghệ An), đe dọa và cưỡng đoạt 20 triệu đồng. Từ tố cáo của nạn nhân, sau vài ngày Hoàng bị cảnh sát bắt. Nhà chức trách chưa công bố nội dung, thủ đoạn Hoàng sử dụng để đe dọa nạn nhân. Hồi tháng 4/2025, Hoàng bị TAND TP Hà Tĩnh (cũ) xử phạt 2 năm tù treo về tội cưỡng đoạt tài sản, đang trong thời gian thử thách 48 tháng. Đức Hùng",1,spam
Điều đó có nghĩa là lấy cửa,0,ham
Hãy tập hợp tiền của chúng tôi với nhau và mua một loạt các vé xổ số.,0,ham
"Nếu bạn không, giải thưởng của bạn sẽ dành cho một khách hàng khác.",1,spam
"Chủ sở hữu chứng từ thân mến, để yêu cầu đề nghị tuần này, tại PC của bạn, vui lòng truy cập http://www.e-tlp.co.uk/expressoffer ts & cs áp dụng.",1,spam
Muốn cười?,1,spam
Các số Vodafone của ngày kết thúc với 4882 được chọn để nhận giải thưởng Å £ 350.,1,spam
Ở nhà xem TV lor.,0,ham
Bạn tham dự bài học lái xe của bạn bao nhiêu lần một tuần vào ngày nào?,0,ham
"Có lẽ là không, vẫn còn đi qua một số thứ ở đây",0,ham
Dịch vụ SMS.,1,spam
Kính gửi làm thế nào bạn.,0,ham
Bạn muốn 4 sinh nhật của bạn như thế nào?,0,ham
"Cơ hội của bạn để có một chương trình giả tưởng thực tế gọi ngay bây giờ = 08707509020 Chỉ cần 20p mỗi phút NTT LTD, PO Box 1327 Croydon CR9 5WB 0870 là một cuộc gọi quốc gia = tỷ lệ.",1,spam
Tôi có thể làm điều đó!,0,ham
Không bao giờ y lei ... tôi v lười biếng ... có wat không?,0,ham
Tôi ước bạn ở đây.,0,ham
"Sau thời gian dài chữa bệnh, đại gia xấu nhất thế giới Trần Sơn gây sốc nặng với hình ảnh bảnh bao khó tin
Sau một thời gian vắng bóng, hình ảnh của đại gia xấu xí nhất thế giới khiến nhiều người tròn mắt.
Nếu là người thường xuyên cập nhật thông tin trên các trang mạng xã hội thì chắc chắn bạn vẫn còn ấn tượng với đại gia xấu xí nhất thế giới. Đó chính là đại gia có tên Trần Sơn, sinh sống tại Trung Quốc.
Trần Sơn là đại gia được mọi người biết đến với ngoại hình xấu tệ và khối tài sản khổng lồ
Trần Sơn được cộng đồng mạng biết đến với ngoại hình xấu xí nhưng sở hữu khối tài sản khổng lồ, siêu xe và những chân dài. Anh chàng đã khiến nhiều người phải phì cười với ngoại hình xấu thảm hại của mình.
Sau khi làm mưa làm gió khắp các trang thông tin, Trần Sơn lại khiến nhiều người không khỏi xót xa, thương cảm với hình ảnh thảm hại trong bệnh viện. Được biết, anh đã mắc căn bệnh bẩm sinh và phải tốn rất nhiều tiền bạc để chữa trị. Sự việc này đã khiến rất nhiều người thương cảm.
Sau đó, anh chàng đã vắng bóng suốt thời gian dài để điều trị bệnh
Hình ảnh mới cực sốc của Trần Sơn
Gần đây nhất, trên trang thông tin của Trung Quốc bất ngờ chia sẻ hình ảnh anh chàng lột xác thành soái ca trong bộ vest lịch lãm. Rất nhiều người tỏ ra bất ngờ với hình ảnh mới của anh chàng.
Không chỉ thay đổi ngoại hình trong bôi vest lịch sự mà anh chàng còn xuất hiện trên trang bìa của cuốn tạp chí. Được biết, Trần Sơn đã nhận lời mời xuất hiện trên trang bìa của một trang tạp chí. Đây được xem là bước đánh dấu cho sự trở lại của đại gia xấu nhất thế giới.",1,spam
"Chưa bao giờ nhạc Kpop lại dễ hát đến thế!!!
Giáo sư Nguyễn Lân Dũng: ‘Con tôi thành đạt nhờ cách đánh vần ‘ô vuông tam giác’
GS.Nguyễn Lân Dũng khẳng định: Con ông, PGS.TS Nguyễn Lân Hiếu thành công nhờ phương pháp học tiếng Việt của GS Hồ Ngọc Đại.
Mấy ngày nay cộng đồng mạng sục sôi khi chia sẻ thông tin có phụ huynh “nổi điên” vì con chỉ đọc câu thơ lục bát theo cách đánh vần “ô vuông, tam giác” mà không nhận diện được mặt chữ.
Chia sẻ về câu chuyện này, GS. Nguyễn Lân Dũng – Nguyên Đại biểu Quốc hội là cha của PGS.TS bác sĩ Nguyễn Lân Hiếu (thế hệ học sinh khóa đầu tiên của trường Thực Nghiệm và cũng là Đại biểu Quốc hội đương nhiệm) khẳng định:
“Cách đánh vần là cả một vấn đề khoa học, nhiều phụ huynh không hiểu biết đầy đủ và đang nói không đúng về phương pháp này”.
Theo GS Nguyễn Lân Dũng, phương pháp học tiếng Việt của Giáo sư Hồ Ngọc Đại rất khoa học, hợp lý, đem lại nhiều lợi ích cho học sinh. Bằng chứng là đã có khoảng 800.000 người học (thống kê chưa đầy đủ) theo phương pháp này và nhiều người rất thành công.
Con trai tôi là PGS. Nguyễn Lân Hiếu và bạn học của con tôi là GS Ngô Bảo Châu là những thế hệ học sinh đầu tiên học theo phương pháp này.
Thời kỳ mà Lân Hiếu đi học tiểu học tại trường, về nhà gia đình không phải dạy dỗ thêm gì mà con có thể đọc rất hay, rất đúng, học rất khoa học, đạt thành tích học tập cao”.
Nói thêm về phương pháp học đánh vần tiếng Việt theo hình thức “ô vuông tam giác” của giáo sư Hồ Ngọc Đại, giáo sư Nguyễn Lân Dũng chỉ rõ, phương pháp học tiếng Việt của trường Thực Nghiệm có sự lô gíc hợp lý về mặt sư phạm và tâm lý con người và nó có sự khác biệt.
Cách đọc chữ
Cách đọc chữ “ô vuông, tam giác” rất khoa học nhưng lại làm nhiều phụ huynh hoang mang vì hiểu chưa đúng
Học sinh không học đánh vần từng từ mà học cách đọc âm trước, rồi đến chữ, rồi mới ghép vần. Vậy nên cách tiếp cận này trở nên lạ lùng với những ai học chữ bằng đánh vần đầu tiên.
Mỗi chữ cái đều có tên gọi và có sự khác biệt giữa âm và chữ. Ví dụ chữ C, K, Q có tên gọi khác nhau nhưng âm của nó phát ra khi ghép vào từ thì vẫn là cờ.
“Thời kỳ Nguyễn Lân Hiếu đi học đã học như vậy và không gặp phải bất kỳ khó khăn gì trong quá trình học tập, gia đình không phải giúp đỡ gì. Đặc biệt, con đi học với tâm trạng rất vui vẻ, hạnh phúc, do vậy có thể dễ dàng đạt được nhiều thành tích cao hơn.
Đặc biệt, phương pháp học kiểu của thầy Đại giúp học sinh dễ hiểu, dễ nhớ, tư duy logic, tìm thấy sự vui thích trong học tập để “mỗi ngày đến trường là một niềm vui”, đúng như khẩu hiệu của nhà trường đề ra bấy giờ .
Và hơn hết, có thể tự tin nói học sinh học ở trường Thực nghiệm học theo phương pháp của Giáo sư Hồ Ngọc Đại đã rất thành công. GS. Ngô Bảo Châu, PGS Nguyễn Lân Hiếu chính là những tấm gương điển hình gặt hái được nhiều thành công từ phương pháp học của GS Đại.
Sự thành công của các học sinh cũng là lý do mà có những thời điểm các bậc phụ huynh ở Hà Nội chen nhau đăng ký cho con vào học ở trường Thực Nghiệm, chen chân xếp hàng chờ nộp đơn vào trường từ đầu cấp đến mức xô đổ cửa cổng trường như cách đây vài năm từng xảy ra.” – GS Dũng chia sẻ.",1,spam
"Ngày 8/4, Công an Hà Nội cho biết Phòng Cảnh sát hình sự vừa bắt 6 thanh niên, 16-23 tuổi, gồm Vũ Quốc Hưng, Bùi Quang Minh, cùng 22 tuổi, Vũ Công Anh Minh, 23 tuổi, Nguyễn Trần Tuấn Hiểu, 19 tuổi, Trần Nhật Minh, 20 tuổi và một người 16 tuổi. Nhóm này khai trong tháng 2 thống nhất sẽ giả danh lực lượng 141 kiểm tra người đi đường vi phạm giao thông. Hưng và Anh Minh đặt mua gậy cao su, dùi cui điện, mũ bảo hiểm ngành công an giả, băng đỏ 141, đèn pin để ""hóa trang"" thành tổ công tác 141. Các thanh niên này còn đăng hình ảnh giả danh lên mạng xã hội nhằm thể hiện, khoe khoang cá nhân và tăng lượt tương tác, theo dõi. Mỗi tuần, nhóm này tụ tập khoảng 2 lần, từ 23h đến 1h sáng hôm sau di chuyển dọc các tuyến phố thuộc các quận Hoàng Mai, Hai Bà Trưng, Hoàn Kiếm để dừng xe, kiểm tra người vi phạm. Nếu người vi phạm bỏ chạy, các nghi phạm sẽ đuổi theo, cầm gậy vụt nạn nhân. Bước đầu, cảnh sát đã làm rõ hai vụ việc người đi đường bị nhóm này dừng xe. Hành vi giả danh bị phát giác khi vào 0h30 ngày 7/4, hai tổ công tác 141 của Công an Hà Nội phát hiện 4 người của nhóm này đang ""bắt"" người vi phạm ở khu vực đường Trần Khát Chân, quận Hai Bà Trưng.",1,spam
"Wen của bạn đáng yêu bcums giận dữ u, không nghiêm túc .. vì tức giận là một cách trẻ con nhất để thể hiện tình cảm sâu sắc, quan tâm n luv! .. kettoda manda ... Chúc một ngày tốt lành da.",0,ham
Bạn được chọn để nhận giải thưởng Å £ 350!,1,spam
CẤP BÁCH!!,1,spam
"Khi bạn chỉ cần đặt dấu hiệu +, chọn số của tôi và mã PIN sẽ hiển thị.",0,ham
Đừng tâng bốc bản thân ... Hãy nói với người đàn ông của tôi hai pint của Carling trong mười phút nữa ....,0,ham
"Text82228 >> Nhận thêm nhạc chuông, logo và trò chơi từ www.txt82228.com.",1,spam
Lấy làm tiếc!,1,spam
Chào buổi sáng tốt lành .. cảm ơn bạn cũng vậy ..,0,ham
1 Tôi không có số của cô ấy và 2 nó sẽ là một nỗi đau lớn ở mông và tôi không muốn tham gia nếu điều đó có thể,0,ham
tiền bạc!!!,1,spam
Tôi đã không gọi cho bạn trong một thời gian.,0,ham
Tố giác chiêu trò: Cảnh báo thủ đoạn giả danh công an gọi điện thông báo phạt nguội hoặc dọa liên quan đến đường dây ma túy. Đối tượng yêu cầu nạn nhân chuyển toàn bộ tiền vào tài khoản chỉ định để xác minh rồi chiếm đoạt. Cần hết sức cảnh giác để tránh mất tiền.,1,spam
"tddnewsletter@emc1.co.uk (Thêm trò chơi từ thed DailyDraw) Helen thân mến, hàng chục trò chơi miễn phí - với những giải thưởng tuyệt vời ..",1,spam
Đến xung quanh & lt; thập phân & gt;,0,ham
Rất vui vì nó đã diễn ra tốt đẹp :) Hãy đến lúc 11 giờ thì chúng ta sẽ có nhiều thời gian trước khi Claire đi làm.,0,ham
Xclusive@clubsaisai 2morow 28/5 soiree speciale zouk với nichols từ paris.free hoa hồng 2 tất cả các quý cô !!!,1,spam
Cơ hội cuối cùng!,1,spam
"Nếu bạn gửi cô ấy về nhà trước, bạn không ổn.",0,ham
Dịch vụ nhạc chuông của bạn đã thay đổi!,1,spam
"Nhặt được chiếc hộp kì lạ trên biển, người đàn ông phải vào viện ngay lập tức khi biết danh tính thật của nó
Không thể ngờ, chỉ chạm vào chiếc hộp người đàn ông lại phải chịu hậu quả như vậy.
Một người đàn ông nước ngoài trong một lần đi dạo biển đã bắt gặp một chiếc hộp có hình dáng khá kì lạ. Cho đến khi đến gần hơn, ông ta mới phát hiện thì ra đó là một chú cá. Tuy nhiên vì chưa bao giờ thấy một chú cá có hình dáng như vậy nên ông quyết định tìm hiểu về nó.
Hình dáng kì lạ thu hút người nhìn ngay lập tức
Chú cá với đôi mắt to trong, trông có vẻ giận dữ, thân hình thì giống như một chiếc hộp gỗ. Những người dân lần đầu nhìn thấy nó còn nghi ngờ đó là một con thủy quái. Tuy nhiên các chuyên gia đã đưa ra câu trả lời chính xác.
Vì có vẻ ngoài giống chiếc hộp gỗ nên nhiều người gọi nó là cá hộp, nhưng tên khoa họa của nó là cá Puffer
Ở một số nơi, người ta coi thịt cá Puffer là một món đặc sản vô cùng quý hiếm. Mặc dù vậy, ít ai có thể biết rằng da của loài cá này lại chứa độc tố chết người.
Khi ăn phải da cá Puffer, nạn nhân có thể bị tê cứng toàn bộ lưỡi và khoang miệng, sau đó là cảm giác chóng mặt, nôn mửa, nhịp tim giảm nhanh, khó thở, chân tay tê cứng và nhanh chóng tử vong trong vòng 4 – 24 giờ. Khủng khiếp là ở chỗ, loại độc tố của cá Puffer hiện nay vẫn chưa có thuốc giải nên nếu chẳng may nhiễm độc thì có thể coi là “vô phương cứu chữa”.
Không chỉ mang vẻ ngoài kì lạ, loài cá này còn rất độc
Đối với kẻ thù hoặc những ai muốn làm hại mình, chúng sẽ tiết ra những chất nhầy cực độc, khiến kẻ tấn công vô cùng khó chịu
Chính vì vậy chỉ có những người đầu bếp thực sự lành nghề mới có thể chế biến món cá này.",1,spam
"Dòng duy nhất có ý nghĩa lớn ::::: \ bỏ lỡ bất cứ điều gì 4 ur \ ""cuộc sống tốt nhất \"" nhưng",0,ham
"Xin chào, vâng, tôi vừa mới ra khỏi bồn tắm và cần phải làm tóc nên tôi sẽ đi lên khi hoàn thành, phải không?",0,ham
Các tông màu mát hàng tuần của bạn đã sẵn sàng để tải xuống! Tuần này các âm mới bao gồm: 1) Crazy Frog-Axel f >>> 2) Akon-lonely >>> 3),1,spam
"Chào em yêu của nó Chloe, bạn thế nào rồi?",1,spam
"KHẨN CẤP: Xuất hiện xe bắt chó giả ở TP.HCM
Suốt nhiều ngày qua lực lượng săn bắt chó đã đi tuần tra rộng khắp nhiều quận, bắt được nhiều chú chó chạy rông về chi cục. Tuy nhiên, ngày 13/9 cơ quan Công an quận Bình Tân cho biết vừa bắt được đối tượng giả mạo đội săn bắt chó của Chi cục Thú y TP.HCM.
Chiếc xe tải treo băng rôn đội săn bắt chó khi đi qua phường Bình Trị Đông, đã bắt hàng loạt chó đang thả rông trên địa bàn, sau đó đã bị người dân chặn lại đòi xuất trình giấy tờ vì thấy nhiều hành vi khả nghi.
Ông N.V.T, chủ của một trong số những chú chó bị bắt cho biết rằng hai thanh niên mặc áo xanh, đội mũ bảo hiểm. Tuy nhiên không thấy dấu hiệu nào giống hình ảnh đội săn bắt trên mạng. Hơn nữa, thái độ của hai “nhân viên” rất hung hãn, bắt hết tất cả chó với hành vi rất dã man. Chiếc xe tải cũng chỉ có một tấm giấy dán ghi đội săn bắt chó và sử dụng biển số màu trắng, nên chúng tôi nghi ngờ bắt lại tra hỏi. Hai “nhân viên” bắt chó không hề có bất kỳ giấy tờ gì để chứng minh mình là nhân viên của Chi cục Thú y TP.HCM, nên bị người dân áp giải lên công an phường xử lí. Riêng chiếc xe tải chở chó và tài xế đã nhanh chóng tẩu thoát khỏi hiện trường.
Tại cơ quan công an, hai thanh niên này đã lộ nguyên hình là những tay trộm chó chuyên nghiệp, từng có tiền án về trộm chó là Ngô Hải Đăng (17 tuổi) và Huỳnh Hữu Nghĩa (24 tuổi, cùng ngụ huyện Mỹ Xuyên, Sóc Trăng). Nghĩa khai nhận thời gian gần đây khi xe bắt chó của Chi cục Thú y TP.HCM hoạt động mạnh thì Nghĩa có ý tưởng giả mạo đội xe này để tiến hành bắt trộm chó một cách công khai.
Qua sự việc trên Chi cục Thú y cùng cơ quan Công an cũng đưa ra lưu ý với người dân phải kiểm tra thẻ công tác, đồng phục cũng như xe tải chuyên dụng của Chi cục thú y. Nếu thấy có điều gì bất thường hãy báo cho cơ quan chức năng gần nhất để nhanh chóng xử lí sự việc.
TRONG CHIẾN DỊCH PHÒNG CHỐNG BỆNH DẠI, HẠN CHẾ TAI NẠN GIAO THÔNG VÀ GIỮ GÌN VỆ SINH MÔI TRƯỜNG DO CHÓ GÂY RA…., CHI CỤC THÚ Y TP.HCM ĐÃ TRIỂN KHAI MỘT LỰC LƯỢNG CHUYÊN BẮT CHÓ CHẠY RÔNG BẰNG CÁCH LÁI XE Ô TÔ CHUYÊN DỤNG TUẦN TRA TRÊN NHIỀU TUYẾN ĐƯỜNG TẠI 24 QUẬN HUYỆN TRÊN ĐỊA BÀN THÀNH PHỐ.
KHI PHÁT HIỆN CHÓ CHẠY RÔNG KHÔNG RỌ MÕM, XÍCH, LỰC LƯỢNG BẮT CHÓ SẼ DÙNG DỤNG CỤ CHUYÊN DỤNG CHẶN BẮT VÀ TẠM GIỮ Ở TRỤ SỞ 252 LÝ CHÍNH THẮNG, CHỜ CÁC CHỦ SỞ HỮU CHÓ LÊN LÀM THỦ TỤC ĐÓNG PHẠT NHẬN LẠI. SAU 72 GIỜ, NẾU CHỦ NHÂN KHÔNG ĐẾN ĐÓNG PHẠT VÀ NHẬN LẠI, NGƯỜI TA SẼ ĐEM ĐI TIÊU HỦY. THƯỜNG NHỮNG CHÚ CHÓ NÀY ĐƯỢC TIÊM MỘT LIỀU THUỐC VÀ SAU ĐÓ CHUYỂN LÊN BÃI RÁC ĐÔNG THẠNH (H.HÓC MÔN, TP.HCM) THIÊU HỦY.",1,spam
"Thông tin này được ông Phạm Anh Tuấn, Vụ trưởng Vụ Thanh toán (Ngân hàng Nhà nước) nêu tại họp báo Ngày thẻ Việt Nam, ngày 26/9. Ông cho biết cơ quan quản lý đang sửa đổi, bổ sung các quy định về thanh toán thẻ, giao dịch trực tuyến, ví điện tử... để ""siết"" việc thanh toán qua tài khoản của tổ chức, doanh nghiệp. Việc này được thực hiện khi thời gian qua các đối tượng có xu hướng chuyển sang lừa đảo tài khoản của tổ chức thay vì cá nhân như trước. Chẳng hạn, theo Thông tư 25 sửa đổi về mở, sử dụng tài khoản thanh toán, người đại diện pháp luật của doanh nghiệp buộc phải trực tiếp đối chiếu thông tin khi mở tài khoản, thay vì ủy quyền hồ sơ như trước đây. Tuy nhiên, các tập đoàn, công ty niêm yết hoặc doanh nghiệp nằm trong danh sách uy tín toàn cầu có thể được miễn quy định này, để tạo điều kiện thuận lợi kinh doanh. Nhà chức trách cũng đang sửa Thông tư 50 về an toàn giao dịch điện tử. Theo đó, tài khoản tổ chức, hộ kinh doanh khi giao dịch trên 10 triệu đồng mỗi lần hoặc tổng số lần chuyển trong ngày hơn 20 triệu đồng sẽ phải xác thực bổ sung. Quy định này tương tự đang áp dụng với thanh toán trực tuyến của cá nhân. Theo quy định hiện hành, tổ chức, hộ kinh doanh không phải xác thực bổ sung, nhưng họ phải cập nhật thông tin sinh trắc học trước ngày 1/7 để tránh bị gián đoạn dịch vụ ngân hàng trực tuyến. Tương tự từ 1/7, ví điện tử được công nhận là phương tiện thanh toán chính thức, có chức năng tương tự tài khoản ngân hàng. Hai thông tư mới sửa đổi quy định liên quan tới ví điện tử và hoạt động thẻ sẽ được Ngân hàng Nhà nước ban hành trong tháng 10. Việc này nhằm tăng trách nhiệm của tổ chức phát hành, củng cố an toàn cho người dùng. Theo thống kê của Ngân hàng Nhà nước, tính đến cuối năm 2024, tổng thanh toán không dùng tiền mặt tại Việt Nam đạt 17,7 tỷ giao dịch với giá trị 295 triệu tỷ đồng, lần lượt tăng 56% và 32% so với năm trước. Các hành vi lừa đảo, gian lận thanh toán cũng gia tăng cùng với bùng nổ hình thức thanh toán trực tuyến. Cũng theo ông Tuấn, Ngân hàng Nhà nước bổ sung loạt tiêu chí đánh giá thẻ, tài khoản trong diện nghi ngờ, có liên quan hành vi gian lận. Dựa trên tiêu chí này, các tổ chức tín dụng rà soát, lập danh sách và báo cáo gửi về Ngân hàng Nhà nước. Ông cho biết tính từ đầu năm đến nay, cơ quan quản lý đã thu thập được khoảng 600.000 tài khoản liên quan đến các vấn đề nêu trên. ""Từ danh sách này chúng tôi đã cảnh báo cho gần 300.000 khách hàng về hành vi lừa đảo, với tổng số tiền không bị thiệt hại là 1.500 tỷ đồng"", Vụ trưởng Vụ Thanh toán nêu. Hệ thống này đang được thí điểm tại BIDV, VietinBank, Vietcombank, BIDV và MB. Ngân hàng Nhà nước sẽ sớm triển khai dịch vụ này tại các đơn vị trong hệ thống. Ông Phạm Anh Tuấn cũng khuyến nghị khi nhận được cảnh báo từ phía ngân hàng, người dùng nên kiểm tra lại các thông tin giao dịch. Về phía ngân hàng, bà Đoàn Hồng Nhung, thành viên Ban điều hành, Giám đốc Khối bán lẻ Vietcombank, cho biết nhà băng này cũng triển khai nhiều giải pháp để tránh hành vi lừa đảo, gian lận khi thanh toán số. Bà chia sẻ Vietcombank đã đầu tư công nghệ bảo mật hiện đại, áp dụng các lớp xác thực đa tầng. Họ cũng triển khai hệ thống phát hiện gian lận (fraud detection) để đánh giá rủi ro, cảnh báo kịp thời cho khách hàng các chiêu lừa đảo mới, cách xử lý khi gặp sự cố... Nhờ đó đến nay, hệ thống chưa ghi nhận sự cố nghiêm trọng nào với khách hàng khi sử dụng dịch vụ ngân hàng số. Trọng Hiếu",1,spam
Tôi đợi 4 ì_ bên trong bãi đậu xe da ...,0,ham
"Không biết, tôi đoán chúng ta sẽ làm việc đó một giờ sau khi chúng ta phải rời đi vì như thường lệ không có ai có hứng thú với việc tìm ra điều đó trước giây",0,ham
Nhập miễn phí trong 2 WKLY Comp để giành chiến thắng FA Cup Final TKTS ngày 21 tháng 5 năm 2005. Văn bản FA đến 87121 để nhận câu hỏi nhập cảnh (tỷ lệ STD TXT) T & C áp dụng 08452810075Over18,1,spam
K Tôi sẽ chăm sóc nó,0,ham
Chuyến đi của tôi là ok nhưng khá mệt mỏi.,0,ham
+449071512431 khẩn cấp!,1,spam
Nó có mọi thứ để làm với thời tiết.,0,ham
"Cảnh báo chiêu trò lừa đảo lập trang web, fanpage giả mạo các hãng hàng không bán vé máy bay giá rẻ. Người dân chuyển tiền xong thì không nhận được vé và bị chặn mọi liên lạc. Cần hết sức cảnh giác để tránh mất tiền.",1,spam
"Xin lỗi, trong cuộc họp, tôi sẽ gọi cho bạn sau",0,ham
"Không đủ tiền tiêu hủy, Chi cục Thú y đề nghị Thảo Cầm Viên mua lại chó hoang làm mồi cho sư tử
Sáng ngày 28/9, theo nguồn tin riêng từ UBND Thành phố. Chi cục Thú y vừa có văn bản đề nghị xem xét phương án mới về việc tiêu hủy chó vô chủ bị bắt trong thời gian qua.
 
 Trong bản đề xuất gửi lên UBND, Chi cục Thú y mạnh dạn đề nghị thay vì đem tiêu hủy, Chi cục sẽ làm việc với Thảo Cầm Viên về việc tiêu thụ số chó hoang. Cụ thể, những chú chó vô chủ sẽ được dùng vào mục đích làm thức ăn cho các loài thú săn mồi đang được nuôi dưỡng tại Thảo Cầm Viên, điển hình là sư tử và các loài hổ quý hiếm tại đây.
 Thảo Cầm Viên, nơi tham quan của trẻ em toàn Thành phố.
 
 Một cán bộ của Chi cục đưa ra lí do, gần đây lượng chó hoang được bắt về trụ sở ngày càng nhiều hơn. Cũng có trường hợp chủ đến nộp phạt và nhận lại chó, nhưng trường hợp chó hoang không chủ vẫn nhiều hơn cả. Cứ theo tình hình này, diện tích chuồng nuôi không đủ và kinh phí hạn hẹp của Chi cục cũng không cho phép để tiêu hủy hết.
 
 Vị cán bộ cũng cho biết thêm, việc đem chó hoang làm thức ăn cho thú săn mồi ở các vườn thú là hình thức đã được áp dụng nhiều nơi trên thế giới như Mỹ, Thụy Sĩ… Việc này sẽ đem lại lợi ích kinh tế cho cả Chi cục và Thảo Cầm Viên, đồng thời giúp giảm thiểu ô nhiễm môi trường nếu đem số lượng lớn chó hoang đi tiêu hủy ở bãi rác.
 Bữa trưa của chú sư tử trong Thảo Cầm Viên.
 
 Thảo Cầm Viên hay Sở thú Sài Gòn là nơi được các trường học, cũng như các bậc phụ huynh đưa con mình đến đây tham quan và tìm hiểu về thiên nhiên hoang dã. Vậy liệu hình ảnh chú sư tử đang dùng bữa trưa với khẩu phần là một chú chó nhỏ sẽ tác động như thế nào đến tâm hồn trẻ thơ của các bé?
 
 Thiên Minh",1,spam
Bạn đã bắt xe buýt?,0,ham
"Thưa bà, RELE Dismance.Might Nhận một séc tham chiếu từ DLF Premarica.Kindly được thông báo.rgds, Rakhesh, Kerala.",0,ham
Tôi nghĩ Chennai ổn định?,0,ham
"Tôi không biết tôi sẽ bỏ việc ... hmmm, có thể đi nhạc jazz không?",0,ham
"Cmon Babe, làm cho tôi sừng, * bật * tôi trên!",1,spam
Làm thế nào ì_ sẽ gửi nó cho tôi?,0,ham
"Không, nó đã bị hủy vâng em yêu!",0,ham
Chúng tôi đã cố gắng liên hệ với bạn RE đề nghị video mới của chúng tôi Điện thoại 750 bất cứ lúc nào bất kỳ mạng nào MINS một nửa giá cho thuê máy quay phim gọi 08000930705 hoặc trả lời cho giao hàng Thứ tư,1,spam
Thủ đoạn mạo danh nhân viên ngân hàng gọi điện hỗ trợ nâng hạn mức tín dụng hoặc mở thẻ tín dụng online. Đối tượng gửi đường link giả mạo yêu cầu nhập mã OTP và thông tin tài khoản để chiếm đoạt tiền. Hãy chia sẻ cho người thân cùng biết.,1,spam
"Thu bằng lái 2 phi công VietJet sau sự cố máy bay văng bánh
 Tổ bay gồm cơ trưởng người Philippines và cơ phó người Tây Ban Nha bị thu bằng lái sau khi để xảy ra sự cố máy bay văng bánh tại Buôn Ma Thuột.
Sự cố nghiêm trọng của máy bay VietJet diễn ra thế nào? Máy bay mang số hiệu VJ356 của VietJet gặp sự cố lúc hạ cánh đêm 29/11 tại sân bay Buôn Ma Thuột khiến hàng trăm khách phải sơ tán bằng cửa thoát hiểm, phao trượt.

Chiều 2/12, trao đổi với Zing.vn, đại diện Cục Hàng không Việt Nam cho biết đã thu bằng lái của 2 phi công VietJet sau sự cố máy bay bị văng bánh trước khi hạ cánh tại Buôn Ma Thuột. Theo đó, 2 phi công này sẽ mất quyền điều khiển máy bay để phục vụ điều tra.

Việc thu bằng lái được thực hiện sau khi có lệnh đình chỉ hoạt động của 2 phi công để điều tra nguyên nhân sự cố. Cục Hàng không đang tiến hành kiểm tra hộp đen của máy bay.

Đoàn chuyên gia của hãng sản xuất máy bay Airbus cũng đến Việt Nam để phối hợp điều tra, khắc phục hư hỏng máy bay.
Thu bang lai 2 phi cong VietJet sau su co may bay vang banh hinh anh 1
Sau sự cố, máy bay VietJet bị mất 2 bánh trước, nhưng hiện tại mới chỉ tìm thấy 1 bánh cách đường băng 100 m. Ảnh: Tây Nguyên.

Trước đó, Cục hàng không Việt Nam đã loại trừ nguyên nhân sự cố do lỗi kỹ thuật của máy bay VietJet khi hạ cánh xuống sân bay Buôn Ma Thuột đêm 29/11.

Sáng 30/11, Cục trưởng Cục Hàng không Việt Nam cho biết đã tìm thấy 1 bánh của máy bay VJ356 rơi ở sân bay Buôn Ma Thuột sau sự cố nghiêm trọng khi hạ cánh. Đơn vị này vẫn đang tìm kiếm 1 bánh máy bay còn lại để phục vụ điều tra.

Lãnh đạo Cục hàng không Việt Nam cho biết máy bay trước khi bị sự cố ở trong tình trạng tốt, không có lỗi kỹ thuật. Điều kiện thời tiết khi hạ cánh cũng tốt. Trước khi hạ cánh, phi công không yêu cầu mặt đất hỗ trợ kỹ thuật.

Tối 29/11, tại sân bay Buôn Ma Thuột, máy bay số hiệu VJ356 từ TP.HCM chở 207 khách tiếp đất trong tình trạng mất cân bằng, tạo ra tiếng động lớn. Phi hành đoàn lập tức phát thông báo khẩn cấp yêu cầu toàn bộ hành khách bỏ lại hành lý, thoát ra ngoài qua cửa thoát hiểm và phao trượt. Sự việc khiến 6 hành khách chấn thương phải nhập viện.

Lãnh đạo Cục Hàng không cho biết bánh trước của máy bay văng ra cách đường băng 100 m. Máy bay di chuyển thêm 60-70 m trong tình trạng càng trước cày xuống đường băng.",0,ham
"Mặc đồ không khác gì vải màn lên bar đú đởn, Mon 2k nhận cái kết quá đắng khi phát ngôn câu này
Hết tung những bộ ảnh bikini se.xy, hotgirl ngực khủng Mon2k lại có những phát ngôn về vấn đề “nhạy cảm” khiến dân mạng choáng váng không thốt nên lời.
Là một trong những hotgirl nổi lên nhờ thị phi nên không ít lần Mon2k bị cư dân mạng “ném đá” vì lối ăn mặc hở hang cùng những phát ngôn gây sốc. Mon2k chính là một trong hai cô nàng từng gây bão cộng đồng mạng một thời gian trước đây khi tung clip miệt thị người ngực phẳng.
Hết lần này đến lần khác Mon2k “hâm nóng” tên tuổi bằng những bộ ảnh se.xy táo bạo và ngày càng được nhiều người biết đến. Bằng chứng là trang cá nhân của Mon2k đã có hơn 300 nghìn người theo dõi trong khoảng thời gian cực ngắn, một con số không ít nghệ sĩ cũng phải mơ ước.
Sau một thời gian ngắn gây bão với nhiều thị phi, Mon2k bỗng nhiên trở thành một trong những hotgirl đình đám nhất mạng xã hội.
Mới đây, khi chuyện ngoại tình, tình tay ba đang là chủ đề được dư luận cực kỳ quan tâm thì Mon2k cũng bất ngờ có phát ngôn gây sốc về vấn đề này. Cô nàng thẳng thắn chia sẻ quan điểm có thể “kết bạn” với cả những anh chàng điển trai đã có vợ con.
Phát ngôn táo bạo của cô nàng hotgirl ngực khủng này khiến nhiều cư dân mạng chỉ trích “ném đá”.
Song cũng có không ít ý kiến lên tiếng bênh vực gây tranh cãi.
Ngay lập tức cư dân mạng đã để lại nhiều bình luận trái chiều về vấn đề này. Nhiều ý kiến chỉ trích Mon2k nhưng cũng có không ít dân mạng bày tỏ quan điểm cô nàng không đáng bị chỉ trích vì “chồng ai nấy giữ”.
Những bộ ảnh nóng bỏng của Mon2k cũng luôn nhận được sự quan tâm lớn từ phía cộng đồng mạng.
Mặc dù có những phát ngôn “táo bạo” nhưng không thể phủ nhận một điều là tên tuổi của Mon2k ngày càng hot hơn. Mọi câu chuyện xoay quanh cô nàng sinh năm 1994 này luôn được cư dân mạng bàn tán xôn xao.",1,spam
Ưu đãi hôm nay!,1,spam
"Ai cũng chăm chú tưởng biển số xe có điều gì khủng khiếp, sốc nặng khi biết sự thật lại là…
Hãy cùng chúng tôi điểm lại những hình ảnh được cộng đồng mạng chú ý và chia sẻ nhiều nhất trong tuần qua nhé!
Truy lùng hot girl xinh đẹp đứng cãi nhau tay đôi khi bị bốc xe, ai nấy đỏ bừng mặt khi nhìn vòng 1 của cô nàng
Vừa cúi xuống thôi cảnh xuân liền đập vào mặt, huhu. Các anh em đi đường chú ý cẩn thận không lại gây tai nạn đó nhé!
Dù có đang đại chiến game thủ thì cũng cần phải bảo vệ mình cái đã. Mưa gió thế này biết đường nào mà lần.
Phải cut như thế này mới gọi là chất hơn cả nước cất nè.
Có những cặp đôi đũa lệch nhưng thực ra thì cũng không lệch lắm.
Thiếu nữ của bang phái Nga Mi chăng? họ không cần kinh không mà chuyển sang cưỡng A-li-za-bét rồi hả?
Mùa mít đến, chỉ là buồn ở trong lòng một chút chút khi anh bán mít bảo mít anh ít hột lắm.
Cuối tháng hết tiền nên chỉ có món mì nấu với tôm ăn tạm thế này thôi!
Anh khóa xe cẩn thận thế này rồi thì đố thằng nào lấy được đấy nhé!
Khi người yêu em vào bếp. Hic, tiếc mấy bắp ngô em mang từ quê lên ghê.
Đang rán trứng mà dầu ăn nó bắn quá nên em mới lấy nắp vung đậy lên và nó lại thành thế này đây.
Hè này cần gì áo chống nắng nữa, hội chị em đã có vũ khí bí mật mới đi xe máy chẳng khác nào xe hơi đâu nhé.
Có chút bối rối, anh em nào vào cho hỏi mốt mới của anh em năm nay đó hả?",1,spam
Đó là bài hát kỳ diệu,0,ham
Tin tuyệt vời!,1,spam
Số 1 Nokia Tone 4 UR mob mỗi tuần!,1,spam
Dear Dave Đây là thông báo cuối cùng của bạn để thu thập kỳ nghỉ 4* Tenerife của bạn hoặc Giải thưởng tiền mặt #5000!,1,spam
Khổ sở.,0,ham
Điều đó có ý nghĩa nhưng đừng lo lắng.,0,ham
Tmr sau đó Ì_ brin lar ... aiya sau đó tôi đến n c lar ... Mayb Ì_ neva đặt đúng cách,0,ham
Nó đã mất Mr cú 3 liếm,0,ham
Bạn nên lập danh sách fb,0,ham
SMS.,1,spam
Cashbin.co.uk (Nhận nhiều tiền vào cuối tuần này!),1,spam
"Cán bộ công an cảnh báo: Bẫy lừa đảo đầu tư tài chính, chứng khoán quốc tế và sàn tiền ảo cam kết lợi nhuận khủng 30% mỗi tháng. Khi số tiền đầu tư lên cao, sàn báo lỗi sập hệ thống và chiếm đoạt toàn bộ tiền. Mọi người tuyệt đối không làm theo!",1,spam
Câu lạc bộ giai điệu: Subs của bạn hiện đã hết hạn 2 lần trả lời lại Monoc 4 Monos hoặc Polyc 4 Polys 1 tuần @ 150p mỗi tuần TXT dừng 2 Dừng MSG MIỄN PHÍ này 0871212025016,1,spam
Trừ khi đó là tình huống bạn đi Gurl sẽ phù hợp hơn,0,ham
Giành được giải thưởng £ 1000 £ 1000 hoặc một giải thưởng trị giá £ 5000,1,spam
"Mặt trăng đã đến để tô màu cho những giấc mơ của bạn, những ngôi sao để làm cho chúng âm nhạc và SMS của tôi để cho bạn giấc ngủ ấm áp và yên bình.",0,ham
Không không :),0,ham
Nó vẫn không hoạt động.,0,ham
Yo bạn xung quanh?,0,ham
"OU được đảm bảo là điện thoại Nokia mới nhất, máy nghe nhạc iPod 40GB hoặc giải thưởng Å £ 500!",1,spam
"Chà, tôi có nghĩa là trái ngược với đêm say rượu của tôi trước đây",0,ham
U thực sự lợn leh ngủ rất nhiều.,0,ham
"Barry Minkow bắt đầu kinh doanh năm 1982, khi mới 15 tuổi. Tại gara của cha mẹ ở Reseda, Los Angeles, cậu thiếu niên khởi nghiệp dịch vụ giặt thảm, đặt tên công ty là ZZZZ Best, có ba nhân viên và bốn chiếc điện thoại. Ban đầu, Barry phải vật lộn để trang trải các chi phí cơ bản. Đối mặt với tình trạng thiếu vốn hoạt động, Barry xoay xở tiền bằng cách gian lận séc, ăn cắp và bán đồ trang sức của bà, dàn dựng các vụ đột nhập vào văn phòng của mình và thực hiện các khoản tính phí thẻ tín dụng gian lận. Khoảng năm 1985, khi ZZZZ Best cần thêm vốn, Barry bắt đầu đẩy mạnh mảng phục hồi các tòa nhà bị hư hại do hỏa hoạn hoặc ngập nước, thường liên quan đến các hợp đồng bảo hiểm. Những hợp đồng này có giá trị lớn hơn nhiều so với dịch vụ giặt thảm. Đây là bước ngoặt của ZZZZ Best. Hợp đồng giả, doanh thu ảo Trên sổ sách, mảng phục hồi nhanh chóng trở thành nguồn doanh thu chủ yếu của ZZZZ Best. Trong 9 tháng đầu năm tài chính, ZZZZ Best báo cáo doanh thu 33,3 triệu USD, trong đó 89% đến từ hoạt động phục hồi. Tuy nhiên, ngay từ giai đoạn đầu, nhiều dự án tạo ra những khoản doanh thu lớn không tồn tại như những gì ZZZZ Best tuyên bố. Các hợp đồng phục hồi đã được làm giả qua một mạng lưới gian dối. Một mắt xích quan trọng là người bạn của Barry - Thomas Padgett, cựu nhân viên thẩm định ôtô tại Travelers Insurance. Sau khi rời công ty bảo hiểm, Padgett điều hành Interstate Appraisal Services. Công ty này được giới thiệu như một đơn vị thẩm định thiệt hại tài sản, đại diện cho các công ty bảo hiểm tài trợ cho hoạt động phục hồi. Theo cáo trạng, Padgett phân phối các công việc phục hồi cho ZZZZ Best thông qua Interstate Appraisal Services. Công ty này được sử dụng để tạo ra nguồn gốc có vẻ hợp pháp cho các hợp đồng phục hồi trị giá hàng triệu USD giả mạo được trao cho ZZZZ Best. Các hợp đồng phục hồi giả tạo ra doanh thu và lợi nhuận trên giấy. Những con số đó giúp ZZZZ Best trông giống một công ty đang tăng trưởng thần tốc. Padgett thừa nhận đã sử dụng các báo cáo doanh thu và tài liệu thuế sai lệch để giúp ZZZZ Best tiếp cận khoảng 11 triệu USD tiền vay và thư tín dụng. Anh ta cũng thừa nhận vai trò trong kế hoạch giúp công ty huy động khoảng 15 triệu USD thông qua một đợt phát hành cổ phiếu dựa trên các tài liệu gian dối. Khi ZZZZ Best dần phát triển, Barry mở rộng mạng lưới kinh doanh, đầu tư vào quảng cáo truyền hình và xây dựng hình ảnh một doanh nhân trẻ thành đạt. Barry xuất hiện trong các quảng cáo của chính công ty, trở thành gương mặt đại diện cho câu chuyện về một cậu bé khởi nghiệp từ gara của cha mẹ. Barry không làm giả toàn bộ công ty. ZZZZ Best vẫn làm dịch vụ giặt thảm, có nhân viên, khách hàng, văn phòng và quảng cáo truyền hình. Chính phần hoạt động có thật này tạo ra lớp vỏ hợp pháp cho những gì không có thật. 'Thần đồng' bước lên Phố Wall Tháng 1/1986, ZZZZ Best bước sang giai đoạn mới khi sáp nhập với Morningstar Investments, công ty thăm dò khoáng sản ở Utah đã ngừng hoạt động nhưng vẫn là công ty đại chúng. Nhờ đó, ZZZZ Best trở thành doanh nghiệp có cổ phiếu giao dịch công khai. Giá cổ phiếu ZZZZ Best tăng mạnh khi công ty được giới thiệu như một doanh nghiệp đang phát triển nhanh. Đầu 1987, cổ phiếu ZZZZ Best từng đạt mức 18,375 USD. Barry khi đó mới ngoài 20 tuổi nhưng đã có giá trị cổ phần trong ZZZZ Best được tính bằng hàng chục, thậm chí hơn 100 triệu USD trên giấy. Giá trị thị trường của công ty từng vượt 200 triệu USD. Nhưng để duy trì câu chuyện ấy, ZZZZ Best phải tiếp tục tăng trưởng. Năm 1987, ZZZZ Best chuẩn bị chi 25 triệu USD để mua Flagship Services, công ty vận hành KeyServe Group - đơn vị vệ sinh thảm theo hợp đồng với nhà bán lẻ Sears. Đúng lúc đó, những dấu hiệu bất thường bắt đầu thu hút sự chú ý. Những khoản phí bất thường Los Angeles Times điều tra các khoản phí thẻ tín dụng mà ZZZZ Best tính cho khách hàng. Một số khách hàng cho biết họ bị tính phí cao hơn rất nhiều so với giá trị dịch vụ thực tế. Một người sử dụng dịch vụ giặt thảm trị giá 75 USD nhưng bị tính tổng cộng hơn 3.000 USD vào hai thẻ tín dụng. Người khác nói chỉ sử dụng dịch vụ trị giá 100 USD nhưng bị tính 1.790 USD vào thẻ Visa. Ngày 22/5/1987, Los Angeles Times đăng bài điều tra, cho biết ZZZZ Best đã ghi nhận 72.000 USD các khoản tính phí thẻ tín dụng giả trong giai đoạn từ tháng 11/1984 đến tháng 3/1985. Bài báo khiến cổ phiếu ZZZZ Best lao dốc. Chỉ vài ngày sau, giá cổ phiếu giảm từ 15,375 USD xuống 6,75 USD. Ngày 1/6/1987, ngân hàng đầu tư Drexel Burnham Lambert rút khỏi kế hoạch huy động 25 triệu USD để tài trợ cho thương vụ ZZZZ Best mua Flagship Services. Công ty kiểm toán Ernst & Whinney cũng rút khỏi vị trí kiểm toán viên. Bài điều tra của Los Angeles Times khiến những tuyên bố về hoạt động kinh doanh của ZZZZ Best bị soi xét kỹ hơn. Các nhà đầu tư đặt câu hỏi về những dự án phục hồi trị giá hàng triệu USD - nguồn tạo ra phần lớn doanh thu được báo cáo của ZZZZ Best - có thực sự tồn tại hay không. Khi hoạt động của công ty bị kiểm tra sâu hơn, những dấu hiệu gian lận dần lộ ra. Đế chế sụp đổ Ngày 2/7/1987, Barry nói với luật sư rằng đã từ chức vì ""lý do sức khỏe"". Bốn ngày sau, ZZZZ Best thông báo sẽ nộp đơn xin bảo hộ phá sản và cho biết có dấu hiệu gian lận trong mảng phục hồi bảo hiểm. Giá cổ phiếu từng đạt 18,375 USD rơi xuống còn 75 cent vào ngày công ty nộp đơn phá sản. Tháng 12/1988, bồi thẩm đoàn liên bang kết luận Barry phạm 57 tội danh liên quan đến gian lận. Công tố viên cho rằng Barry đã sử dụng những khoản doanh thu ảo để biến ZZZZ Best thành một doanh nghiệp có vẻ đang phát triển mạnh. Công ty báo cáo doanh thu hàng chục triệu USD từ các dự án phục hồi công trình, trong khi phần lớn dự án đó không tồn tại. Tháng 3/1989, Barry bị tuyên 25 năm tù và được yêu cầu bồi thường 26 triệu USD cho các nhà đầu tư trong ZZZZ Best. Trở lại sau song sắt Sau khi được trả tự do sớm vào năm 1995, Barry tuyên bố đã hoàn lương, trở thành mục sư và thành lập Fraud Discovery Institute, công ty chuyên điều tra gian lận. Nhưng năm 2009, Barry lại bị cáo buộc thao túng cổ phiếu của công ty xây dựng nhà ở Lennar bằng cách công bố những thông tin sai lệch về công ty này sau khi đã bán khống cổ phiếu. Barry nhận tội và bị tuyên 5 năm tù, đồng thời phải bồi thường hơn 583 triệu USD vào năm 2011. Khi đang thụ án, Barry tiếp tục nhận tội biển thủ hơn 3 triệu USD từ nhà thờ và các tín đồ, trong đó có việc giả mạo chữ ký, sử dụng tiền quyên góp cho mục đích cá nhân và lừa một người đàn ông quyên 75.000 USD cho một bệnh viện không tồn tại ở Sudan. Năm 2014, Barry bị tuyên thêm 5 năm tù và phải bồi thường 3,4 triệu USD. Barry được thả vào ngày 6/6/2019. Câu chuyện về ""thần đồng kinh doanh"" tai tiếng này được dựng thành phim Con Man (2018) và loạt phim tài liệu King of the Con (2022). Tuệ Anh (theo LA Times, Washington Post, US DOJ)",1,spam
"Kẻ gian dùng tài khoản Facebook cá nhân dưới dạng thương nhân buôn bán điện thoại cũ đã qua sử dụng hoặc xách tay. Kết hợp rất nhiều tài khoản Facebook khác để tương tác tạo độ tin cậy. Tiếp đó, chúng sẽ tìm cách tiếp cận những người mua hoặc có nhu cầu mua hàng thông qua bài đăng các sản phẩm rất chất lượng với giá cả hợp lý và rẻ. Người cần mua sẽ được yêu cầu chuyển tiền cọc hoặc thanh toán qua tài khoản và sẽ gửi giao hàng. Khi chuyển khoản xong, kẻ gian sẽ chặn Facebook, Zalo. Hình thức lừa đảo này có hệ thống vì rất nhiều tài khoản liên kết về ngành hàng tương tác mua bán qua lại, nên rất nhiều người bị lừa đảo kể cả người có kinh nghiệm. Số tiền lừa đảo lên đến hàng chục triệu đồng.",1,spam
Bạn đã mua báo rồi?,0,ham
"Vì vậy, đó là để chọc người đàn ông hàng ngày mà họ dạy bạn ở Canada abi!",0,ham
"Ngày 11/2, Thiện, 28 tuổi, ngụ TP HCM, bị Công an phường Xuân Hương - Đà Lạt tạm giữ để điều tra hành vi Lừa đảo chiếm đoạt tài sản. Theo điều tra, Thiện giới thiệu mình là cán bộ công tác tại Cục Cảnh sát Kinh tế (C03 - Bộ Công an) khi tiếp cận người đàn ông ở phường Lâm Viên - Đà Lạt . Anh ta khoe đang có một lô rượu ngoại ở Cảng Sài Gòn cần thanh lý và có thể lấy 100 chai với giá 100 triệu đồng. Thiện đề nghị ông này đặt cọc 50 triệu, cam kết trả hàng sau 3-5 ngày. Tưởng thật, người đàn ông lập tức chuyển 20 triệu đồng. Thiện đến trung tâm thương mại chụp ảnh các chai rượu ngoại đắt tiền trưng bày rồi gửi cho nạn nhân. Để tạo lòng tin, anh ta đặt mua quân phục công an trên mạng, mặc đến nhà người này nhằm củng cố vỏ bọc. Sau đó, Thiện liên tục đưa ra nhiều lý do, yêu cầu nạn nhân chuyển thêm tiền. Tổng cộng, người này đã chuyển khoản và đưa tiền mặt cho Thiện 131,5 triệu đồng. Chờ lâu không nhận được hàng, ông tìm gặp. Thiện thừa nhận không có lô rượu ngoại nào, tiền đã tiêu xài, chỉ trả lại 23,5 triệu đồng. Lê Tiến",1,spam
"Ngày 21/5, Công an TP HCM cho biết phát hiện 85 người nước ngoài nhập cảnh vào Việt Nam (17 người trái phép) thuê khách sạn tại phường Thuận Giao, làm nơi ở và lắp đặt hệ thống máy móc. Theo điều tra, nhóm này do một cặp vợ chồng cầm đầu, thuê khách sạn với giá 315 triệu đồng mỗi tháng để làm nơi lưu trú, đồng thời đặt máy móc phục vụ hoạt động phạm pháp. Toàn bộ thiết bị được đưa từ Campuchia về Việt Nam. Người cầm đầu khai trước đó từng quản lý một ""ký túc xá"" cho công ty hoạt động tại Campuchia. Gần đây, người này được giao sang Việt Nam thuê địa điểm, tổ chức nơi ở cho cả nhóm và lắp đặt máy móc. Tuy nhiên, khi nhóm này vừa nhập cảnh vào Việt Nam đầu tháng 5 và đang lắp đặt thiết bị thì bị Công an TP HCM phát hiện. Trong số những người bị bắt, 17 người khai đã nhập cảnh trái phép bằng thuyền nhỏ qua sông và đi xe máy theo các đường mòn, lối mở khu vực biên giới. Sau khi vào Việt Nam, họ bị ""quản lý"" thu hộ chiếu và đưa thẳng về khách sạn. Cùng thời điểm, Phòng Quản lý Xuất nhập cảnh phối hợp với Công an phường Thạnh Mỹ Tây kiểm tra hành chính căn hộ chung cư trên đường Nguyễn Hữu Cảnh. Tại đây cảnh sát phát hiện 11 người mang quốc tịch Trung Quốc, có nhiều máy móc, thiết bị được nối mạng, có biểu hiện nghi vấn hoạt động tội phạm công nghệ cao. Phước Tuấn",1,spam
"Tố giác chiêu trò: Cảnh báo hình thức lừa đảo nhận quà tặng tri ân từ nước ngoài. Đối tượng yêu cầu nạn nhân đóng phí vận chuyển, phí hải quan để nhận kiện hàng chứa tiền mặt hoặc đồ đắt tiền. Cần hết sức cảnh giác để tránh mất tiền.",1,spam
Tôi ước!,0,ham
"FYI Tôi đang tắm nhanh, có mặt tại Epsilon trong như & lt;#& gt;",0,ham
"Xin chào dis là yijue, tôi sẽ rất vui khi làm việc wif ì_ tất cả cho gek1510 ...",0,ham
Urgent Đây là nỗ lực thứ 2 của chúng tôi để liên hệ với U. Giải thưởng £ 900 của bạn từ ngày hôm qua vẫn đang chờ đợi bộ sưu tập.,1,spam
"[CẢNH BÁO LỪA ĐẢO] Chiêu trò lừa đảo tuyển dụng cộng tác viên chốt đơn hàng online trên các sàn thương mại điện tử. Ban đầu đối tượng trả hoa hồng đầy đủ, sau đó yêu cầu nạp số tiền lớn hơn để làm nhiệm vụ rồi khóa tài khoản. Mọi người tuyệt đối không làm theo!",1,spam
Tôi tỉnh táo oh.,0,ham
"Xin chào, 2 đêm của bạn đêm may mắn!",1,spam
Nhưng bạn đã ở bên nhau nên bạn nên suy nghĩ về anh ấy,0,ham
"Đức từ chối cấp Visa cho đoàn công tác nhà nước, tạm ngừng cấp Visa cho du học sinh Việt Nam?
Giao thương hai nước bắt đầu gặp ảnh hưởng từ căng thẳng ngoại giao Đức – Việt, sinh viên học sinh và doanh nghiệp đang gánh chịu hậu quả.
Sau khi phía Đức nhận được từ Việt Nam thư trả lời về vụ việc ông Trịnh Xuân Thanh, nội các chính phủ nước này đã có cuộc họp và đi đến nhất trí đưa ra quyết định hôm 22.9 tạm thời đình chỉ quan hệ đối tác chiến lược giữa Đức và Việt Nam, đồng thời trục xuất thêm 1 cán bộ ngoại giao tại Đại sứ quán Việt Nam ở Berlin. Cùng ngày Đại sứ quán Đức ở Hà Nội đã lập tức phổ biến trên trang web và Faecebook của mình Thông cáo báo chí của Bộ Ngoại Đức về những quyết định kể trên.
Các nước trong Liên minh châu Âu (EU) cũng đã bắt đầu đồng hành với nước Đức. Gần như đồng loạt, Đại sứ quán các nước EU như Pháp, Bỉ, Hà Lan, Ý, Thụy Điển đã đăng trên Facebook của mình bản Thông cáo báo chí của Bộ Ngoại giao Đức để ủng hộ tuyên bố này của Chính phủ Đức.
Người Việt trong và ngoài nước bàng hoàng vì quyết định cứng rắn này đã được Bộ Ngoại giao Đức đưa ra chỉ 2 ngày trước bầu cử, điều đó nói lên quyết tâm của nước này đã thực hiện đúng lời tuyên bố của Bộ trưởng Bộ Ngoại giao Đức Gabriel đưa ra trước đó đối với Việt Nam: „Chúng tôi không thể dung thứ và sẽ không dung thứ.“
Biện pháp hạ mức quan hệ ngoại giao này lập tức đã có tác động ngay tới các giao thương giữa hai nước khi đoàn công tác tới gần 20 người với vị Chủ tịch một tỉnh lớn ở miền bắc Việt Nam bị phía Đức từ chối cấp Visa sang công tác vào dịp cuối tháng 9, các kế hoạch gặp gỡ đối tác Đức của tỉnh này đã phải hủy gấp. Hội nghị giới thiệu, kêu gọi đầu tư để tạo việc làm cho nhân dân tỉnh nhà tại Việt Haus Berlin vào ngày 2.10 sắp tới cũng không thể tiến hành như dự định.
Giới sinh viên, học sinh đang du học và lao động Việt Nam đang làm việc tại Đức cũng đang xôn xao lo lắng, không biết tình trạng căng thẳng quan hệ giữa hai nước căng thẳng như trên có làm ảnh hưởng đến công việc cũng như tình trạng cư trú của họ hay không?
Bên cạnh đó, lịch đăng ký phỏng vấn xin Visa cho thời gian cư trú trên 90 ngày (du học, học nghề và làm việc) cũng bị đóng băng ít nhất tới hết tháng 01.2018 mà không có lời giải thích nào.
Có thể thấy, do cuộc khủng hoảng ngoại giao kéo dài giữa 2 nước, nhiều sinh viên học sinh đang chuẩn bị xin thị thực đến Đức sẽ ít nhiều gặp trở ngại trong quá trình xin Visa. Đây là một thiệt thòi lớn cho thế hệ trẻ, sinh viên học sinh Việt Nam đang muốn đăng ký du học hoặc học nghề tại CHLB Đức.
Tại Berlin, nhiều doanh nghiệp kiều bào tỏ rõ lo lắng với các khoản mà họ đã đầu tư về Việt Nam và cho biết ´´ Chúng tôi đang rút dần khỏi Việt Nam để đầu tư ngay tại châu Âu cho an toàn´´, các tín hiệu xấu ngày càng hiện rõ với nhiều khó khăn trong thời gian tới, việc bất ổn về ngoại giao do vụ bắt cóc ông Trịnh Xuân Thanh ở Berlin đã dẫn đến khủng hoảng niềm tin đối với vài lãnh tụ cổ hủ, không còn thích hợp cho nền chính trị Việt Nam đang cần sự đổi mới toàn diện với một nhà nước pháp quyền để có thể giúp đất nước đủ năng lực hợp tác quốc tế và cạnh tranh với thế giới.
Trong một diễn biến khác, hôm 22.9 Bộ trưởng bộ Ngoại giao Việt Nam Phạm Bình Minh hăng hái đi New York để ký Hiệp ước cấm vũ khí hạt nhân, nhưng việc ´´ quan hệ đối tác chiến lược Việt – Đức “ bị tạm đình chỉ thì ông lại im lặng, mặc dù chính ông là người viết và ký tên lá thư trả lời mà đã làm phía Đức nóng mặt với luận điệu Trịnh Xuân Thanh tự nguyện ra đầu thú.
Có lẽ để cố chứng minh cho việc Chính phủ không liên quan đến vụ bắt cóc ông Trịnh Xuân Thanh, hôm 25.9 Thủ tướng Nguyễn Xuân Phúc vội gửi lời chúc mừng đảng Liên minh Dân chủ Thiên chúa giáo của bà Thủ tướng Đức Angela Merkel đã đắc cử nhiệm kỳ mới, nhưng điều mà phía Đức cần là một lời xin lỗi thì vẫn không hề được đưa ra.
Những diễn biến đầy kịch tính trên cho thấy, phải chăng các UV BCT này, những người có quyền trực tiếp giải quyết khủng hoảng chính trị, ngoại giao Việt – Đức đang buộc phải im lặng vì bị tiếm quyền trong Bộ Chính trị ở Việt Nam.
Trung Khoa – Thoibao.de
Vụ Trịnh Xuân Thanh: Đức đình chỉ đối tác chiến lược với Việt Nam và trục xuất tiếp cán bộ ngoại giao Việt Nam.
http://thoibao.de/tin-nuoc-duc/11421/vu-trinh-xuan-thanh%3A-duc-dinh-chi-doi-tac-chien-luoc-voi-viet-nam-va-truc-xuat-tiep-can-bo-ngoai-giao-viet-nam-trong-vong-4-tuan..htm
Bộ trưởng ngoại giao Đức Sigmar Gabriel tuyên bố: „Chúng tôi không thể dung thứ và sẽ không dung thứ.“
http://thoibao.de/site/News/11318?title=bo-truong-ngoai-giao-duc-sigmar-gabriel-tuyen-bo%3A-%E2%80%9Echung-toi-khong-the-dung-thu-va-se-khong-dung-thu.%E2%80%9C
Việt Nam ký Hiệp ước cấm vũ khí hạt nhân:
http://vov.vn/chinh-tri/viet-nam-ky-hiep-uoc-cam-vu-khi-hat-nhan-674553.vov
Bộ trưởng bộ Ngoại giao Việt Nam Phạm Bình Minh là tác giả lá thư trả lời Bộ Ngoại giao Đức về những yêu cầu đòi hỏi của Chính phủ Đức:
http://www.spiegel.de/politik/deutschland/deutschland-weiterer-vietnamesischer-diplomat-ausgewiesen-a-1169335.html
Thủ tướng Nguyễn Xuân Phúc gửi thư chúc mừng bà Angela Merkel:
http://vietnamnet.vn/vn/thoi-su/chinh-tri/thu-tuong-gui-thu-chuc-mung-ba-angela-merkel-400819.html
Đại sứ quán Đức đăng trên Facebook Thông cáo báo chí của Bộ Ngoại giao Đức với chú thích sau:
https://www.facebook.com/GermanyinVietnam/posts/1861849157163495
„Đại sứ quán Đức muốn nhấn mạnh một điểm quan trọng là Đức và các đối tác của Đức trong Liên minh Châu Âu trong cuộc chiến chống tham nhũng luôn sát cánh với các đối tác của mình, trong đó có Việt Nam. Cuộc đấu tranh này phải dựa trên luật pháp của nhà nước pháp quyền, luật pháp quốc tế và sự tôn trọng lẫn nhau“.
Các nước EU đã đồng hành với Đức đăng trên Facebook Thông cáo báo chí của Bộ Ngoại giao Đức.
+ Đại sứ quán Thụy Điển:
https://www.facebook.com/EmbassyOfSwedenInHanoi/posts/863205347180060
+ Đại sứ quán Pháp
https://www.facebook.com/AmbassadeFranceVietnam/posts/1991978204410928
+ Đại sứ quán Bỉ
https://www.facebook.com/belgiuminvietnam/posts/1385183281581004
+ Đại sứ quán Hà Lan
https://www.facebook.com/HollandinVietnam/
+ Đại sứ quán Ý
https://www.facebook.com/progettoyviet",1,spam
"Trung tâm VNCERT thuộc Cục An ninh mạng và phòng, chống tội phạm sử dụng công nghệ cao (A05, Bộ Công an) cho biết có dấu hiệu hoạt động tấn công, xâm nhập của tội phạm để đánh cắp dữ liệu cá nhân tại Trung tâm Thông tin tín dụng quốc gia CIC hôm 10/9. Theo Phòng Cảnh sát Hình sự Công an TP HCM, nếu tội phạm có trong tay dữ liệu như số CMND/CCCD, số điện thoại, tài khoản ngân hàng, lịch sử tín dụng... thì các nhóm lừa đảo trực tuyến sẽ triển khai nhiều chiêu thức biến tướng. Giả mạo ngân hàng, CIC, cơ quan Nhà nước: gọi điện, nhắn tin, gửi email kèm đầy đủ họ tên, số CMND, số tài khoản chính xác để tạo cảm giác ""đúng người"". Nội dung thường là ""tài khoản bị rủi ro tín dụng"", ""có khoản vay nợ xấu cần xử lý"", ""cần xác minh lại thông tin để tránh khóa tài khoản"", sau đó dẫn dụ nạn nhân bấm vào link giả mạo hoặc cung cấp mã OTP. Lừa đảo vay, đáo hạn, nâng hạn mức thẻ: sinh viên, công nhân là nhóm dễ bị nhắm tới, thường qua quảng cáo ""vay tiền nhanh"", ""giảm nợ xấu"". Tội phạm sẽ viện cớ ""thông tin CIC của bạn bị nợ xấu, cần đóng phí để xóa"", thực chất là chiếm đoạt tiền hoặc lấy thêm dữ liệu. Giả mạo người thân, đồng nghiệp: với thông tin chi tiết có sẵn, tội phạm dễ dàng ghép thông tin rồi giả danh người thân, lãnh đạo, đồng nghiệp để nhờ chuyển khoản. Gọi điện đe dọa pháp lý: các băng tội phạm thường tự xưng Công an, Viện kiểm sát, Tòa án, thông báo ""anh/chị liên quan vụ rửa tiền qua ngân hàng, cần phong tỏa tài khoản"" rồi ép nạn nhân cung cấp mật khẩu, chuyển tiền vào ""tài khoản an toàn"". Spam SMS, Zalo, email độc hại: với số lượng dữ liệu lớn, tội phạm có thể tung chiến dịch tin nhắn giả mạo ngân hàng, yêu cầu ""xác minh thông tin do CIC yêu cầu"", gắn link chứa mã độc để đánh cắp thêm dữ liệu. Tội phạm nhắm tới những ai? Theo cơ quan điều tra, các nhóm có nguy cơ cao bao gồm: Sinh viên: dễ bị dụ bởi các gói vay học phí, việc làm thêm nhận lương nhanh, nâng hạn mức thẻ. Công nhân, giới văn phòng: thường nhận email hoặc tin nhắn thông báo nợ xấu, cảnh báo tín dụng giả. Người lớn tuổi, ít am hiểu công nghệ: dễ bị lừa bởi cuộc gọi giả danh ngân hàng, Công an; thiếu kỹ năng kiểm tra link, ứng dụng. Người dân ít kiến thức công nghệ thông tin: nguy cơ click vào link lạ, tải ứng dụng giả mạo, dẫn đến mất thông tin đăng nhập. Phòng tránh thế nào? Phòng Cảnh sát Hình sự khuyến cáo người dân đặc biệt cảnh giác và tuân thủ các nguyên tắc sau: ngân hàng, CIC, Công an không bao giờ yêu cầu cung cấp mật khẩu, OTP qua điện thoại hoặc đường link; không bấm vào link trong SMS, Zalo, email lạ; chỉ đăng nhập qua ứng dụng hoặc website chính thức. Nếu người dân nhận cuộc gọi đòi nợ, phong tỏa tài khoản, cần kiểm chứng qua hotline chính thức hoặc đến trực tiếp chi nhánh ngân hàng, cơ quan chức năng; không chuyển tiền ""xác minh"" vào tài khoản không rõ ràng. Sinh viên, công nhân tuyệt đối không tin quảng cáo ""xóa nợ CIC"", ""vay nhanh lãi suất 0%"". Người lớn tuổi cần được gia đình hướng dẫn cách từ chối các cuộc gọi lạ và chỉ liên hệ trực tiếp ngân hàng khi cần thiết. Mọi người cần thường xuyên cập nhật khuyến cáo từ Công an, ngân hàng và báo chí chính thống. Sau vụ việc có dấu hiệu đánh cắp dữ liệu tại CIC, Ngân hàng Nhà nước vừa yêu cầu các tổ chức tín dụng, trung gian thanh toán và CIC khẩn trương khắc phục triệt để các lỗ hổng hệ thống thông tin sau sự cố nghi bị tội phạm mạng xâm nhập, đánh cắp dữ liệu cá nhân. Các đơn vị phải rà soát, xử lý điểm yếu, đặc biệt là hệ điều hành, ứng dụng lạc hậu; cập nhật bản vá an ninh, giới hạn cổng dịch vụ, áp dụng xác thực đa yếu tố, mã hóa dữ liệu nhạy cảm và xây dựng chính sách sao lưu, phục hồi khi cần thiết. Ngân hàng Nhà nước cũng yêu cầu tăng cường cảnh giác với các cuộc tấn công có chủ đích, kiểm soát rủi ro từ bên thứ ba để ngăn chặn tấn công qua chuỗi cung ứng, đồng thời xây dựng phương án ứng cứu sự cố. Quốc Thắng",1,spam
"Xin lỗi, tôi sẽ gọi sau trong cuộc họp.",0,ham
Lol yep đã làm điều đó ngày hôm qua.,0,ham
Bạn có nhiều điều này rất nhiều,0,ham
"Đừng nghĩ về \ những gì bạn có \ ""nghĩ về \"" làm thế nào để sử dụng nó mà bạn đã có \ ""tốt Ni8""",0,ham
Vui lòng cho một lần bỏ lỡ từ số đó,0,ham
Ì chờ đợi 4 tôi trong sch tôi hoàn thành ard 5 ..,0,ham
"Tôi cần thứ 8 nhưng tôi ra khỏi trường ATM, tôi có thể nhận trong một hoặc hai giờ không?",0,ham
"Thế giới đang chạy và tôi vẫn còn. Tất cả đều cảm thấy như vậy, vì vậy hãy là nó.",0,ham
<Tripryed từ 448712404000> Vui lòng gọi 08712404000 ngay lập tức vì có một tin nhắn khẩn cấp đang chờ bạn.,1,spam
"Phát hoảng vì tiếng rít đinh tai mỗi đêm, chạy ra kêu cứu mới kinh hoàng thấy cảnh tượng đẫm máu chồng đang làm sau vườn
Mất ngủ vì tiếng rít đinh tai kỳ lạ hằng đêm, bà vợ tá hỏa khi thấy cảnh tượng kinh dị này sau vườn.
Gần đây trên mạng xã hội xôn xao bàn tán câu chuyện được một người phụ nữ đăng tải. Theo lời kể, đêm nào cô cũng mất ngủ vì nghe thấy tiếng rít đinh tai, quyết tâm đi tìm nguyên nhân, cô bàng hoàng khiếp sợ khi thấy cảnh tượng đẫm máu chồng đang làm sau vườn.
Hàng chục con rắn nằm cuộn tròn khiến người phụ nữ khiếp sợ.
Cho đến lúc chạy ra sau nhà, thấy chồng mình đang đứng trên hàng trăm con rắn lớn bé khác nhau, người phụ nữ ngày càng kinh hãi hơn. Mãi đến lúc được chồng giải thích, mọi sự mới vỡ lẽ.
Thì ra chồng cô đang lột da rắn rồi rửa sạch để chuẩn bị cho việc sản xuất túi xách da rắn để bán ra thị trường.
Sau khi rửa sạch, họ tiếp tục dùng kéo để tách da rắn ra.
Sau đó những miếng da rắn này sẽ được mang đi phơi khô.
Miếng da rắn đang được xử lý.
Sau khi được xử lý xong, các công nhân sẽ bắt đầu chăm chút cắt và may túi.
Những chiếc túi da rắn sau khi được chế tác xong.",1,spam
Đó là một sự khác biệt lớn.,0,ham
Tố giác chiêu trò: Thủ đoạn mạo danh nhân viên ngân hàng gọi điện hỗ trợ nâng hạn mức tín dụng hoặc mở thẻ tín dụng online. Đối tượng gửi đường link giả mạo yêu cầu nhập mã OTP và thông tin tài khoản để chiếm đoạt tiền. Hãy chia sẻ cho người thân cùng biết.,1,spam
"Thanh Bùi ôm vợ khóc trên sân khấu
""Nếu như không có sự ủng hộ, niềm tin của những người bạn, đồng nghiệp, người hâm mộ và đặc biệt là của Vân, tôi sẽ không thể có được ngày hôm nay"", Thanh Bùi nói.
Thanh Bùi và Trương Huệ Vân kết hôn năm 2013, có hai con trai sinh đôi năm 2016. Vợ và con Thanh Bùi hiếm khi xuất hiện tại các sự kiện âm nhạc của anh.",0,ham
"Tin nhắn miễn phí Kích hoạt 500 tin nhắn văn bản miễn phí của bạn bằng cách trả lời tin nhắn này với từ miễn phí cho các điều khoản & điều kiện, hãy truy cập www.07781482378.com",1,spam
449050000301 Bạn đã giành được giá Å £ 2.000!,1,spam
Sẽ đưa em bé của bạn ra ngoài?,0,ham
Tại sao không có gì.,0,ham
"Bạn gái Đạt Cỏ nhận muôn nghìn gạch đá khi bình luận cực sốc thế này ở bức ảnh hở bạo của Ngân 98
Những bức ảnh hở hang nóng bỏng của Ngân 98 chính là sự thu hút rất lớn từ cộng đồng mạng, đặc biệt là những nam thanh niên dùng facebook…
Facebook là mạng xã hội kết nối hàng triệu người trên trái đất này với nhau, thế nên không có chuyện gì là ngạc nhiên khi thấy một người ở miền nam, một người miền bắc lại có thể trò chuyện, bình luận ảnh của nhau dù chưa lần nào gặp mặt. Nhưng đối với Ngân 98 và bạn gái cũ của Đạt Cỏ, thì chắc chắn hai người này vẫn khiến không ít cộng đồng mạng ngạc nhiên, hứng thú.
Bức ảnh của Ngân 98 bất ngờ có dòng bình luận của bạn gái Đạt Cỏ
Trong khi Ngân 98 sống tận Bình Phước thì bạn gái cũ Đạt Cỏ lại sống ở Hà Nội, hơn nữa, so về phong cách ăn mặc thì Ngân 98 bỏ xa bạn gái Đạt Cỏ một đoạn khá dài về độ táo bạo, sexy và nóng bỏng. Thế nên việc cô gái này bình luận một từ duy nhất vào trong bức ảnh có vòng 1 rách te tua của Ngân 98 khiến không ít người ngạc nhiên.
Nhiều cư dân mạng đã phản ứng bất ngờ về điều này
Cụ thể, trong bức ảnh mới nhất trên trang cá nhân của Ngân 98 cách đây vài giờ với chú thích có phần hơi nhạy cảm ” Tội nghiệp dú nhỏ quá nên áo rách hết chơn”, cư dân mạng khá giật mình khi thấy bạn gái cũ của Đạt Cỏ bình luận từ duy nhất “Ngân”.
Điều này làm không ít cư dân mạng thích thú và phản ứng khá bất ngờ. Việc bình luận này không rõ 2 cô gái này có mối quan hệ bạn bè ngoài đời gì với nhau hay không nhưng nó khiến nhiều người phản ứng cho rằng, Ngân và cô gái kia không hợp nhau về ngoại hình và cách sống thì khó có thể làm bạn bình thường.",1,spam
"Tại sự kiện Ignite on Tour Vietnam 2026 ở Hà Nội ngày 11/6, ông Hoàng Quang Huy, Giám đốc quốc gia Palo Alto Networks Việt Nam, cho biết các nhóm lừa đảo đang sử dụng AI, đặc biệt là deepfake, ngày càng tinh vi. Tuy nhiên, người dùng có thể nhận biết và phòng tránh lừa đảo deepfake dựa trên hai dấu hiệu phổ biến. Theo ông, đặc điểm thường gặp của cuộc gọi deepfake là tạo áp lực về thời gian. Kẻ lừa đảo thường dựng lên tình huống khẩn cấp như người thân gặp tai nạn hoặc đang có một sự cố nghiêm trọng nào đó nhằm đẩy người nghe vào trạng thái hoảng loạn, khiến ""phải đưa ra quyết định ngay lập tức"". Một dấu hiệu khác là chúng có xu hướng tránh giả mạo những người quá gần gũi với nạn nhân như vợ, chồng. Thay vào đó, chúng thường mạo danh bạn bè hoặc người quen. Hình ảnh và giọng nói có thể được AI tạo rất giống người thật, nhưng cách giao tiếp hoặc hành vi thường xuất hiện điểm bất thường. Theo Giám đốc Palo Alto Networks Việt Nam, chỉ cần không để bản thân bị cuốn vào tình huống khẩn cấp, đồng thời chú ý đến hành vi, lời nói của người gọi, ""có thể giảm tới 50%"" nguy cơ trở thành nạn nhân của cuộc gọi deepfake. Bình luận thêm, ông Siddharth Deshpande, CTO khu vực châu Á - Thái Bình Dương và Nhật Bản của Palo Alto Networks, cho hay việc đối phó với deepfake cần dựa trên yếu tố con người, quy trình và công nghệ. Mọi người cần hình thành thói quen xác minh thông tin thay vì mặc nhiên tin tưởng mọi nội dung nhìn thấy hoặc nhận được. Bài học từ các vụ lừa đảo sử dụng deepfake là ""nhiều người quá vội nhấp vào liên kết hoặc thực hiện hành động nào đó ngay khi nhận được yêu cầu"". Báo cáo nghiên cứu, khảo sát an ninh mạng năm 2025 khu vực người dùng cá nhân do Hiệp hội An ninh mạng Quốc gia (NCA) thực hiện cho thấy, số nạn nhân của lừa đảo trực tuyến tại Việt Nam đã giảm so với năm trước đó. Cụ thể, cứ 555 người tham gia khảo sát có một người cho biết là nạn nhân của lừa đảo, chiếm 0,18%. Còn năm 2024, tỷ lệ này là một trên 220 người, tương đương 0,45%. Đây là lần đầu số nạn nhân lừa đảo trực tuyến tại Việt Nam ghi nhận mức giảm sau nhiều năm. Theo NCA, kết quả này là nhờ biện pháp quyết liệt của cơ quan chức năng, cùng hoạt động tuyên truyền, phổ biến kiến thức nhận diện lừa đảo tới người dân. Trọng Đạt - Đan Khuê",1,spam
"Xin lỗi thưa ngài, tôi sẽ gọi cho bạn vào ngày mai.",0,ham
Cung cấp lòng trung thành của khách hàng: Mobile Nokia6650 mới chỉ từ Å £ 10 tại TXTAuction!,1,spam
Bạn sẽ sớm nhận được nhạc chuông ba tiếng vang trong tuần này.,1,spam
S. Tôi đang xem nó trong trực tiếp ..,0,ham
"Vẻ xa xỉ của Song Hye Kyo khi đóng quý cô trâm anh thế phiệt
""Encounter"" chiếu trên đài tvN từ 28/11, Hye Kyo vào vai con gái thị trưởng Seoul đồng thời quản lý một khách sạn lớn. Qua ba tập đã phát sóng, người đẹp sử dụng nhiều món đồ đắt tiền, trong đó có túi Hermès Kelly. Mỗi chiếc túi dòng Kelly có giá trên 10.000 USD (hơn 230 triệu đồng).",0,ham
"Lý do Phi Nhung phải uống thuốc trừ sâu tự tử khiến ai cũng ‘choáng’?
Phi Nhung lần đầu tiết lộ về bí mật ‘sốc’ rằng, cô từng uống thuốc trừ sâu tự tử khiến ai cũng choáng vì bất ngờ.
Trên trang fanpage chính thức vừa qua, Phi Nhung bất ngờ đăng tải chia sẻ về việc có con gái ruột ở Mỹ sau nhiều năm giữ kín. Cô tiết lộ con gái ruột tên Wendy, vừa đỗ thủ khoa ở Mỹ, chuyên ngành y tá. Sắp tới, con gái sẽ theo học tiếp Thạc sĩ. Với Phi Nhung, những năm qua cô đã âm thầm chịu đựng nỗi khổ khi nuôi con một mình.
Phi Nhung và con gái ruột
Con gái của Phi Nhung tên là Wendy Phạm. Cô vừa tốt nghiệp thủ khoa ngành y tá ở một trường đại học tại Mỹ. Đây được xem là ‘món quà ý nghĩa’ mà cô con gái bao năm giấu kín của Phi Nhung dành tặng cho mẹ.
“Phi Nhung của ngày hôm nay mang ơn con gái mình rất nhiều vì đã chấp nhận chia sẻ tình cảm của mẹ ruột cho các con nuôi của tôi!” – Nữca sĩchia sẻ.
Ngoài ra, trong một cuộc phỏng vấn, Phi Nhung từng chia sẻ 3 điều mà khán giả chưa từng biết về cô. Đó là giọng ca “Áo mới Cà Mau” không bao giờ đeo nữ trang hay phụ kiện lên sân khấu trình diễn.
image: http://tinvn.info/m/2017/04/phi-nhung-que-o-dau-4-1535-phunutoday_01.jpg
Ca sĩ Phi Nhung
Bí mật thứ 2 là cô không hề có nhiều nhà như mọi người vẫn nghĩ. Hiện nay cô vẫn ở một căn nhà nhỏ, có hai phòng ngủ tại hải ngoại. Điều cuối cùng mà cô tiết lộ là mình không có thoi quen chia sẻ hay tâm sự chuyện buồn với người khác. Và trong đó, cô cũng không có nhiều bạn bè, mà chỉ có duy nhất một người bạn thân chơi chung với nhau từ khi sang Mỹ.
Chưa dừng lại ở đó, Phi nhung cũng tiết lộ cô từng muốn tự tử vì cảm thấy cô đơn không có bố mẹ bên cạnh. Lúc đó, nữca sĩđã mua thuốc trừ sâu về uống nhưng tự tử bất thành. Thậm chí, cô còn lên chùa muốn đi tu nhưng cậu không cho mà bắt cô về nhà làm việc. Khi đó, cô không chịu làm việc nên bị cậu đánh rất nhiều và đã có ý định muốn tự tử. Nữca sĩđã mua thuốc trừ sâu về định uống nhưng bị cậu phát hiện nên tự tử không thành!”.",1,spam
Cho gia đình tôi hạnh phúc ..,0,ham
Jamster!,1,spam
"Sẽ bỏ quản lý dân cư bằng hộ khẩu
Chính phủ vừa ra Nghị quyết 112 về việc đơn giản hóa thủ tục hành chính, giấy tờ công dân liên quan quản lý dân cư thuộc phạm vi chức năng quản lý nhà nước của Bộ Công an. Trong đó có nêu phương án đơn giản bãi bỏ một số thủ tục liên quan đăng ký thường trú.
Cụ thể, với nhóm thủ tục đăng ký thường trú (tại cấp huyện, cấp xã), nhà chức trách sẽ bãi bỏ hình thức quản lý dân cư đăng ký thường trú bằng “sổ hộ khẩu” và thay thế bằng quản lý thông qua mã số định danh cá nhân; bỏ ""giấy chuyển hộ khẩu""; bỏ giấy tờ chứng minh về mối quan hệ gia đình, giấy khai sinh với trẻ em đăng ký thường trú.
Việc giải quyết thủ tục “sổ hộ khẩu” sẽ thay thế bằng hình thức cập nhật thông tin trên Cơ sở dữ liệu quốc gia về dân cư, theo quy định tại Luật Cư trú và Luật sửa đổi, bổ sung Luật Cư trú.
Với thủ tục đăng ký tạm trú tại công an cấp xã
Nghị quyết 112 nêu phương án bãi bỏ hình thức quản lý dân cư tạm trú bằng “sổ tạm trú” và thay thế bằng hình thức quản lý thông qua mã số định danh cá nhân.
Các nhóm thủ tục khác sẽ bãi bỏ gồm: tách sổ hộ khẩu (thực hiện tại cấp huyện, cấp xã); cấp đổi sổ hộ khẩu (thực hiện tại cấp huyện, cấp xã); cấp lại sổ hộ khẩu (thực hiện tại cấp huyện, cấp xã); điều chỉnh những thay đổi trong sổ hộ khẩu (thực hiện tại cấp huyện, cấp xã); xóa đăng ký thường trú (thực hiện tại cấp huyện, cấp xã); xác nhận việc trước đây đã đăng ký thường trú (thực hiện tại cấp huyện, cấp xã); hủy bỏ kết quả đăng ký thường trú trái pháp luật (thực hiện tại cấp huyện, cấp xã); cấp giấy chuyển hộ khẩu (thực hiện tại cấp huyện, cấp xã); cấp đổi sổ tạm trú tại công an cấp xã; cấp lại sổ tạm trú tại công an cấp xã; điều chỉnh những thay đổi trong sổ tạm trú tại công an cấp xã; gia hạn tạm trú tại công an cấp xã; hủy bỏ đăng ký tạm trú trái pháp luật tại công an cấp xã.
Căn cứ vào phương án trên, Thủ tướng giao Bộ Công an trong phạm vi thẩm quyền chủ trì, phối hợp với các bộ, ngành, cơ quan có liên quan chịu trách nhiệm sửa đổi, bổ sung, thay thế hoặc bãi bỏ thủ tục hành chính, giấy tờ công dân quy định tại các văn bản quy phạm pháp luật để ban hành theo thẩm quyền hoặc trình cấp có thẩm quyền ban hành phù hợp với thời điểm hoàn thành, vận hành của Cơ sở dữ liệu quốc gia về dân cư.",0,ham
Nếu bạn có tin tôi.,0,ham
"Tố giác chiêu trò: Thủ đoạn lừa đảo mua bán hàng trả góp, xe máy thanh lý giá rẻ trên MXH. Đối tượng yêu cầu đặt cọc trước từ 2 đến 5 triệu để giữ xe rồi chặn liên lạc ngay khi nhận được tiền cọc. Cần hết sức cảnh giác để tránh mất tiền.",1,spam
"Hot Live Fantasies Gọi ngay 08707509020 Chỉ cần 20p mỗi phút NTT LTD, PO Box 1327 Croydon CR9 5WB 0870 là một cuộc gọi tỷ lệ quốc gia",1,spam
Chỉ tháng 12!,1,spam
"Phía nhà băng cho biết, gần đây xuất hiện nhiều hình thức mạo danh tin nhắn của ngân hàng để lừa khách hàng. Cụ thể, đối tượng sẽ gửi tin nhắn yêu cầu khách hàng bấm vào các đường link, từ đó, đánh cắp các thông tin ngân hàng điện tử nhằm chiếm đoạt tiền trong tài khoản. Để đảm bảo an toàn tài sản, tránh bị các đối tượng xấu lừa đảo, Agribank khuyên người dùng đăng ký nhận thông báo biến động số dư tài khoản qua tin nhắn SMS hoặc tin nhắn OTT do ngân hàng cung cấp để kịp thời cập nhật các thông tin. Khách hàng cũng nên đặt mật khẩu khó đoán, thực hiện thay đổi mật khẩu thường xuyên hoặc khi nghi ngờ bị lộ. Lưu ý, không sử dụng các tính năng lưu mật khẩu để đăng nhập tự động, không sử dụng chung một mật khẩu để đăng nhập ngân hàng trực tuyến trùng với mật khẩu thư điện tử hoặc mật khẩu đăng nhập vào các trang mạng xã hội. Người dùng tuyệt đối không cung cấp tên đăng nhập, mật khẩu đăng nhập, mã xác thực OTP của dịch vụ ngân hàng điện tử cho bất kỳ ai, kể cả nhân viên ngân hàng. ""Agribank không bao giờ yêu cầu khách hàng cung cấp thông tin bảo mật của khách hàng dưới bất kỳ hình thức nào"", đại diện nhà băng nhấn mạnh. Ngoài ra, khách hàng nên đăng ký sử dụng phương thức xác thực SOFT OTP khi thực hiện các giao dịch trực tuyến. Thường xuyên theo dõi, cập nhật các cảnh báo về an toàn bảo mật trong thanh toán trực tuyến từ các đơn vị cung cấp dịch vụ, các phương tiện truyền thông đại chúng cũng giúp người dùng nâng cao cảnh giác. Theo Agribank, thủ đoạn lừa đảo chủ yếu là gửi các đường link lạ qua tin nhắn điện thoại, email, các kênh mạng xã hội như Facebook, Zalo... do đó, khách hàng chú ý không bấm vào cá đường link lạ. Người dùng chỉ nhận thông tin qua các kênh thông tin chính thức của ngân hàng như: tin nhắn SMS hiển thị tên thương hiệu Agribank và nội dung từ nguồn chính thức Agribank; Fanpage facebook.com/Agribank.VN; website agribank.com.vn hoặc hotline hỗ trợ 1900558818 / (+84)2432053205; Email: cskh@agribank.com.vn. Chi tiết khuyến cáo bảo mật thông tin khi thực hiện các giao dịch trực tuyến, khách hàng xem tại đây. Trường hợp nhận được các thông tin giả mạo ngân hàng hoặc nghi ngờ có dấu hiệu lừa đảo từ các tin nhắn, cuộc gọi mạo danh chiếm đoạt tài sản, khách hàng liên hệ tổng đài 1900558818 hoặc (+84)2432053205 hoặc các chi nhánh Agribank để được trợ giúp và tiến hành các phản ánh tin nhắn rác, tin nhắn lừa đảo tới đầu số 5656 hoặc website thongbaorac.ais.gov.vn do CATTT quản lý theo hướng dẫn (xem tại đây). Tuệ Minh",1,spam
Ur đã trao một kỳ nghỉ thành phố và có thể giành được một cuộc mua sắm mùa hè £ 200 mỗi tuần.,1,spam
S nhưng chủ yếu không như vậy.,0,ham
Cười!,0,ham
Sẽ đi lấy một số tacos,0,ham
Khi ì_ đăng nhập thời gian ... bố lấy ì_ nhà bây giờ?,0,ham
Bạn có muốn một chiếc điện thoại màu Nokia 3510i mới được phân phối vào ngày mai không?,0,ham
Tôi sẽ hỏi một điều nếu bạn không nhầm lẫn tôi.,0,ham
"Chiều 18/8, sau nhiều ngày xét xử, TAND tỉnh Nghệ An tuyên Phạm Sỹ Huynh, 36 tuổi, 18 năm tù; Đặng Thị Ngọc án chung thân về tội Lừa đảo chiếm đoạt tài sản, theo Điều 174 Bộ luật Hình sự. 46 bị cáo còn lại lĩnh từ 6 đến 16 năm tù. Tại tòa, 48 bị cáo bày tỏ hối hận, thừa nhận hành vi. Một số trường hợp bật khóc, trình bày do hoàn cảnh khó khăn nên phạm sai lầm, số tiền được hưởng từ hoạt động phạm tội chủ yếu dùng chi tiêu cá nhân tại Myanmar hoặc gửi về gia đình. Theo cáo trạng, năm 2022, một người Trung Quốc tên ""Châu Chủng"" lập đường dây giả danh sàn thương mại điện tử Lazada tại một đặc khu ở thành phố Myawaddy, Myanmar, dụ người Việt thực hiện nhiệm vụ tăng tương tác, lượt bán hàng để chiếm đoạt tài sản. Phạm Sỹ Huynh được giao điều hành, quản lý toàn bộ hoạt động của đường dây. Từ năm 2022 đến 2025, Huynh cùng đồng phạm tuyển người Việt sang Myanmar với lời mời ""việc nhẹ, lương cao"", sau đó đào tạo kịch bản lừa đảo, phân công nhiệm vụ. Nhân viên dùng tài khoản Facebook, TikTok không chính chủ, xây dựng hình ảnh phụ nữ có ngoại hình ưa nhìn, cuộc sống giàu có để làm quen, tạo lòng tin với những người có điều kiện kinh tế. Sau đó, nhóm này dụ nạn nhân tham gia các nhiệm vụ tăng tương tác, mua bán hàng trên sàn Lazada giả, chuyển tiền để nhận lại tiền gốc và hoa hồng. Sau vài lần hoàn tiền, trả thưởng để tạo lòng tin, họ yêu cầu nạn nhân chuyển số tiền lớn hơn rồi chiếm đoạt, cắt liên lạc. Với thủ đoạn này, đường dây đã lừa 6 người, chiếm đoạt hơn 71 tỷ đồng, trong đó một nạn nhân mất 41 tỷ đồng. Cơ quan điều tra Công an tỉnh Nghệ An đã ra quyết định truy nã một số người liên quan, đồng thời tách vụ án để tiếp tục điều tra. Đối với người đàn ông Trung Quốc tên ""Châu Chủng"", do chưa xác định được nhân thân, lai lịch, cơ quan điều tra chưa có căn cứ truy cứu trách nhiệm. Nhà chức trách tiếp tục làm rõ người này, rà soát một số chủ tài khoản ngân hàng được sử dụng để nhận tiền lừa đảo và các hành vi liên quan, nếu đủ căn cứ sẽ xử lý theo quy định. Đức Hùng",1,spam
Tiết kiệm tiền cho đồ lót đám cưới tại www.bridal.petticoatdreams.co.uk Chọn từ một lựa chọn tuyệt vời với giao hàng quốc gia.,1,spam
Text & Gặp ai đó gợi cảm hôm nay.,1,spam
Bạn đã có XMAS Radio Times.,0,ham
Aiyar xin lỗi lor quên 2 nói với bạn ...,0,ham
Thật tuyệt nhưng Tyler đã phải cất cánh nên chúng tôi sẽ mua cho anh ấy và thả nó ra tại chỗ của anh ấy vào tối nay.,0,ham
"Bạn 07801543489 được đảm bảo là điện thoại Nokia mới nhất, máy nghe nhạc iPod 40GB hoặc giải thưởng Å £ 500!",1,spam
Chưa được lên kế hoạch :) sẽ tham gia công ty vào ngày 5 tháng 1. Biết điều gì sẽ xảy ra sau đó.,0,ham
"Theo CNN, các nhà đầu tư đệ đơn kiện Wondermind - nền tảng đa phương tiện hỗ trợ sức khỏe tinh thần - lên tòa án liên bang Delaware hôm 13/8. Họ cáo buộc các nhà sáng lập gồm Selena Gomez, bà Mandy Teefey và cựu đối tác Daniella Pierson lừa đảo nhằm chiếm đoạt tiền đầu tư. Theo đơn kiện, ba người đã cung cấp thông tin sai lệch về cơ sở hạ tầng, năng lực của ban lãnh đạo, nguồn lực và các mối quan hệ hợp tác. Nhóm nguyên đơn cho biết đã rót gần 1,2 triệu USD vào doanh nghiệp năm 2022, sau khi được hứa hẹn về tiềm năng phát triển của công ty. Thời điểm ấy, họ nhận thông tin Wondermind sẽ ra mắt một ứng dụng mang tính đột phá, ký kết nhiều hợp đồng quảng bá và có loạt bài phỏng vấn người nổi tiếng. Họ cũng kỳ vọng Selena Gomez tận dụng sức ảnh hưởng cá nhân, lượng tương tác khổng lồ trên mạng xã hội để xây dựng nền tảng. Theo tài liệu, ca sĩ giữ chức vụ giám đốc tác động (chief impact officer, viết tắt là CIO), đứng đầu bộ phận marketing. Tuy nhiên ba năm qua, công ty ""âm thầm sụp đổ"", không triển khai bất kỳ cam kết nào. Theo các nhà đầu tư, không một nhà sáng lập, giám đốc hay nhân viên thông báo về tình hình kinh doanh bất ổn. Họ chỉ biết vấn đề khi trang The Cut bóc trần nội bộ Wondermind tranh chấp quyền lực, mâu thuẫn cá nhân trong một bài báo hồi tháng 9/2025. Đơn kiện trích dẫn các cáo buộc của trang tin, bao gồm khả năng quản lý yếu kém trong công ty, việc Selena Gomez đang cố tách khỏi doanh nghiệp giữa tin đồn bất hòa với mẹ. Bài báo cũng chỉ ra tình trạng lạm dụng chất gây nghiện của bà Mandy Teefey nhưng bà đã phủ nhận sau đó. Tài liệu nộp tòa cũng dẫn thêm bài báo của Forbes liên quan Daniella Pierson - người đã rời Wondermind vào năm 2023. Tháng 8/2025, trang tin cho biết cô đã phóng đại thành tích kinh doanh, triển vọng tăng trưởng của công ty để thu hút đầu tư. Sau khi bài viết xuất bản, bà Teefey liên hệ nhóm nguyên đơn, tiết lộ Pierson dùng tiền đầu tư để trả tiền thuê nhà ở New York, khoảng 60.000 USD mỗi tháng. Các nguyên đơn yêu cầu tòa án hủy bỏ khoản đầu tư, đề nghị được nhận bồi thường thiệt hại và chi phí kiện tụng. Theo CNN, Daniella Pierson phủ nhận mọi lời buộc tội nhắm vào mình trong một thông báo ngày 13/8. Cô bày tỏ mong muốn trình bày các tài liệu và hồ sơ tài chính để chứng minh vô tội. Pierson cũng khẳng định không dùng tiền đầu tư cho mục đích cá nhân. Hiện đại diện Selena Gomez, bà Mandy Teefey và công ty chưa lên tiếng về vấn đề trên. Wondermind được thành lập vào năm 2021, bắt đầu vướng tin kinh doanh bất ổn từ tháng 5/2025 khi trang Forbes cho biết doanh nghiệp không còn tiền mặt để trả lương cho nhân viên tháng trước đó. Mẹ Selena Gomez thông báo nhân sự rằng bà đã vay tiền để duy trì các hoạt động. Cùng lúc, đại diện của nền tảng nói với trang báo rằng họ đã khắc phục tình hình, thừa nhận đang đối mặt giai đoạn khó khăn trong quá trình phát triển. Tuy nhiên vài ngày sau, Forbes đưa tin hai phần ba người làm đã bị sa thải. Một cựu nhân viên tiết lộ Gomez và mẹ bỏ ra tám triệu USD để cứu công ty năm 2023. Selena Gomez sinh năm 1992, được biết đến với loạt vai diễn trong phim của Disney trước khi chuyển hướng làm ca sĩ. Nhiều album của cô thường xuyên đứng vị trí cao trong bảng xếp hạng Billboard. Cô có một số bản hit gồm Lose You to Love Me, Hands to Myself, Good for You. Hiện Instagram của cô có hơn 400 triệu người theo dõi. Cô kết hôn nhà sản xuất âm nhạc Benny Blanco năm 2025. Ngoài Wondermind, ca sĩ mở hãng mỹ phẩm Rare Beauty được định giá hai tỷ USD. Năm 2024, tờ Bloomberg thông báo cô thành tỷ phú với khối tài sản 1,3 tỷ USD, nhưng một năm sau Forbes cho rằng cô chỉ có 700 triệu USD. Phương Thảo (theo CNN, Forbes)",1,spam
Và bây giờ điện vừa đi ra FML.,0,ham
"Đã bao lâu rồi kể từ khi bạn hét lên, Công chúa?",0,ham
Đã thực sự ngủ và vẫn có thể khi bạn gọi lại.,0,ham
"""Lúc đó tôi phải cảm thấy gì à?"" người đàn ông với đôi mắt tinh ranh cất tiếng hỏi, khi bị còng tay ngồi trước mặt những người thẩm vấn trong buồng giam ở Trung Quốc. Các điều tra viên lúc đó đang hỏi anh ta nghĩ gì khi ra lệnh hạ sát một người không quen biết như nghi thức ""hiến tế"" trong lễ kết nghĩa huynh đệ với một đối tác kinh doanh. ""Đó chẳng phải là một con người đang sống, đang thở hay sao?"", điều tra viên tiếp tục hỏi. ""Tôi không cảm thấy gì nhiều"", người đàn ông trả lời. Cảnh tượng có vẻ giống như trong một bộ phim truyền hình về tội phạm. Nhưng thực tế, đó là một phần trong bộ phim tài liệu trên truyền thông nhà nước Trung Quốc về nạn lừa đảo trực tuyến đang gây bức xúc trong dư luận nước này. Người bị thẩm vấn là Trần Đại Vĩ, một thành viên thuộc ""Ngụy Tộc"" khét tiếng, một trong những nhóm mafia quyền lực đã hoạt động ngoài vòng pháp luật suốt nhiều năm tại thị trấn Laukkaing ở khu vực biên giới Myanmar. Ngụy Tộc là một trong ""tứ đại gia tộc"" đã bị giới chức Trung Quốc phối hợp với Myanmar truy quét trong chiến dịch chống tội phạm xuyên biên giới quy mô lớn. Bộ phim tài liệu là một phần trong chiến dịch tuyên truyền kéo dài hàng tháng của giới chức Trung Quốc, vừa cảnh báo người dân về những mạng lưới lừa đảo trị giá hàng tỷ USD tại Đông Nam Á, vừa làm bật nỗ lực mà chính phủ nước này đang theo đuổi nhằm trấn áp những kẻ chủ mưu lừa đảo xuyên quốc gia. Thông điệp Trung Quốc muốn gửi đi, như một điều tra viên đã nói, là: ""Bất kể anh là ai, ở đâu, chỉ cần anh phạm những tội ác ghê tởm đó và nhắm vào người dân Trung Quốc, anh sẽ phải trả giá"". Không có nhiều băng nhóm nào lớn mạnh hơn ""tứ đại gia tộc"", gồm Ngụy Tộc, Lưu Tộc, Minh Tộc và Bạch Tộc, những gia tộc vận hành theo kiểu mafia đã vươn lên nắm giữ quyền lực trong thế giới ngầm ở Laukkaing vào đầu những năm 2000. Dưới bàn tay của họ, vùng đất nghèo nàn, lạc hậu của Myanmar đã biến thành một trung tâm xa hoa, lộng lẫy với vô số sòng bạc và khu đèn đỏ. Gần đây hơn, những ""trại lừa đảo"" bắt đầu mọc lên như nấm, nơi các nạn nhân bị giam và bị ép buộc lừa gạt những người mà họ tiếp xúc trên mạng, nếu không sẽ bị tra tấn dã man, thậm chí đối mặt cái chết. Nhiều người bị bắt trong các trại lừa đảo là công dân Trung Quốc và mục tiêu chính mà họ nhắm đến là người dân Trung Quốc. Nhưng đế chế tội phạm của các gia tộc này đã sụp đổ vào năm 2023, khi chính quyền Myanmar bắt và bàn giao các ông trùm cùng loạt chân rết cho Trung Quốc. Kể từ đó, tòa án Trung Quốc đã xét xử họ với hàng loạt tội danh, từ lừa đảo, buôn người đến giết người. Các gia tộc này đang được coi là án điểm ở Trung Quốc. 11 thành viên Minh Tộc và 5 thành viên Bạch Tộc đã bị kết án tử hình, trong khi hàng chục người lĩnh án tù nhiều năm. Quá trình truy tố các gia tộc họ Lưu và họ Ngụy đang được tiến hành. Tình cảnh của các thành viên gia tộc tội phạm hiện tại được phản ánh rõ trong những bộ phim tài liệu mà họ xuất hiện, từ ánh sáng phản chiếu trên chiếc còng tay đến màu sắc đồng phục tù nhân. Nó khác xa cuộc sống của họ hai năm trước. Các ""bố già"" của Laukkaing đã vươn lên nắm quyền sau khi nội chiến bùng nổ ở Myanmar, khi quân đội chính phủ giao tranh với hàng loạt nhóm nổi dậy, chủ yếu ở khu vực biên giới giáp Trung Quốc và Thái Lan. Nội chiến tạo ra những khoảng trống quyền lực ở một số địa phương xa xôi, nơi các gia tộc tìm cách trỗi dậy, củng cố địa bàn cũng như ảnh hưởng. Theo các điều tra viên Trung Quốc, gia tộc họ Ngụy có một thành viên là nghị sĩ, một người khác là chỉ huy một đơn vị quân sự ở Laukkaing. Gia tộc họ Lưu kiểm soát cơ sở hạ tầng thiết yếu như nước và điện trong khu vực, đồng thời có ảnh hưởng lớn đến lực lượng an ninh địa phương. Trong khi đó, gia tộc họ Bạch chỉ huy một nhóm vũ trang với hơn 2.000 người. Trong nhiều năm, họ kiếm tiền nhờ hoạt động cờ bạc và mại dâm. Vài năm gần đây, họ mở rộng sang hoạt động lừa đảo trên mạng. Mỗi gia tộc kiểm soát hàng chục khu phức hợp lừa đảo và sòng bạc, thu lợi bất chính hàng tỷ USD. Các gia tộc này sống xa hoa với vô số bữa tiệc lớn và xe hơi sang trọng. Nhưng sau bức tường khu phức hợp lừa đảo, họ điều hành những ""trại giam"" mà bạo lực là chân lý duy nhất, truyền thông Trung Quốc cho hay. Những nạn nhân được giải thoát khỏi các ổ lừa đảo cho biết họ thường xuyên bị tra tấn bằng các hình thức dã man như chặt ngón tay, đánh đập hay chích điện. Bất kỳ ai không hợp tác sẽ bị nhốt trong phòng tối, chật chội, bị bỏ đói hay bị đánh cho đến khi khuất phục. Nhiều người Trung Quốc bị dụ dỗ đến các trung tâm lừa đảo bởi những lời mời làm việc béo bở, điều chắc chắn là vô cùng hấp dẫn trong bối cảnh nền kinh tế đất nước chậm lại và tỷ lệ thất nghiệp ở giới trẻ cao. Những câu chuyện kinh hoàng về ""đại dịch lừa đảo"" đã len lỏi vào các cuộc trò chuyện hàng ngày ở Trung Quốc, từ những chuyến đi taxi đến mạng xã hội và văn hóa đại chúng. Được ăn cả, ngã về không, bộ phim bom tấn năm 2023 về những người Trung Quốc bị bán đến một trại lừa đảo nước ngoài, đã khiến hàng triệu người dân nước này tránh xa Thái Lan, quốc gia vốn bị mang tiếng là ""trạm trung chuyển"" nạn nhân bị lừa đến các trung tâm lừa đảo ở Myanmar và Campuchia. Hồi tháng một, mối quan tâm của cả nước đổ dồn vào Vương Tinh, diễn viên Trung Quốc không tên tuổi đã bay đến Thái Lan với lời mời nhận một hợp đồng đóng phim, nhưng sau đó bị đưa đến trung tâm lừa đảo ở Myanmar. Cuối cùng, nhờ nỗ lực của gia đình và truyền thông, anh được giải cứu. Nhưng Vương chỉ nằm trong số thiểu số may mắn. Nhiều người Trung Quốc vẫn đang tìm kiếm người thân đã mất tích không dấu vết kể từ khi bị đưa vào các trung tâm lừa đảo. ""Anh họ tôi bị dụ dỗ đến đó 4 hay 5 năm trước. Chúng tôi hoàn toàn không nghe tin gì từ anh ấy. Dì tôi ngày nào cũng khóc"", một người dùng Weibo viết tháng trước. Selina Ho, phó giáo sư chuyên về chính trị Trung Quốc tại Đại học Quốc gia Singapore, cho hay ""bằng cách công khai về chiến dịch trấn áp gần đây nhất, giới chức Trung Quốc muốn xoa dịu dư luận trong nước và trấn an gia đình các nạn nhân"". Liên Hợp Quốc ước tính hàng trăm nghìn người vẫn bị mắc kẹt tại trong các trung tâm lừa đảo trên khắp thế giới. Điều khiến giới chức Trung Quốc bất bình là nhiều kẻ điều hành các trung tâm lừa đảo như vậy lại chính là công dân Trung Quốc, điều đã gây tổn hại sâu sắc đến hình ảnh của nước này trên trường quốc tế, Ivan Franceschini, đồng tác giả một cuốn sách về các trung tâm lừa đảo ở Đông Nam Á, cho hay. Khi bầu không khí lo âu ngày càng gia tăng trong nước, chính quyền Trung Quốc đang thể hiện quyết tâm loại bỏ những mạng lưới lừa đảo khổng lồ này. Kể từ năm 2023, giới chức Trung Quốc đã phối hợp với Myanmar bắt hơn 57.000 công dân Trung Quốc vì liên quan các vụ lừa đảo trực tuyến. Bắc Kinh đã phát đi thông điệp rõ ràng rằng đối tượng họ nhắm đến không chỉ là các ""bố già"". Hồi tháng 10, Trung Quốc truy tố các thành viên một băng nhóm khác mà họ mô tả là ""thế lực mới nổi"" ở Laukkaing, ""không kém phần bạo lực"" so với các gia tộc khét tiếng kia. Trong một bộ phim tài liệu khác của truyền thông nhà nước, một điều tra viên Trung Quốc tham gia chiến dịch trấn áp băng nhóm này thuật lại lời người đội trưởng đã nói với anh: ""Nếu vụ án không được giải quyết, sự nghiệp của cậu sẽ dính vết nhơ suốt đời"". Với những nỗ lực trong công cuộc trấn áp của Trung Quốc, tình hình đang cho thấy một số tín hiệu lạc quan. Các vụ lừa đảo trên mạng được báo cáo giảm đều đặn trong năm qua và nhà chức trách cho biết tội phạm lừa đảo cũng đã được kiềm chế, theo Bộ Công an Trung Quốc. Trong bộ phim tài liệu, một quan chức Trung Quốc nói rằng việc điều tra các băng đảng lừa đảo ở Myanmar khiến ông nhận ra ""chúng ta hạnh phúc đến mức nào và cảm giác an toàn quan trọng như thế nào đối với người dân Trung Quốc"". Vũ Hoàng (Theo BBC, AFP, Reuters)",1,spam
"Báo động chiêu trò tuyển cộng tác viên xử lý đơn hàng Shopee, Lazada nhận hoa hồng 20% rồi quỵt tiền.",1,spam
[CẢNH BÁO LỪA ĐẢO] Cảnh báo thủ đoạn giả danh công an gọi điện thông báo phạt nguội hoặc dọa liên quan đến đường dây ma túy. Đối tượng yêu cầu nạn nhân chuyển toàn bộ tiền vào tài khoản chỉ định để xác minh rồi chiếm đoạt. Mọi người tuyệt đối không làm theo!,1,spam
"Điện thoại camera miễn phí với lớp lót từ 4,49/tháng với 750 phút NTWK.",1,spam
"Ngày 19/10, Phòng Cảnh sát hình sự Công an Đà Nẵng đã bắt khẩn cấp Thân, trú phường Thanh Khê, TP Đà Nẵng, để điều tra hành vi Hiếp dâm, theo khoản 4, Điều 141 Bộ luật Hình sự. Theo điều tra, ngày 30/9, Thân cùng Trần Minh Lượng (chưa rõ lai lịch) đã giả danh công an chạy xe máy trên đường và yêu cầu chị Ngọc, 18 tuổi, quê Quảng Trị, nữ sinh một trường trên địa bàn, dừng xe để kiểm tra giấy tờ. Lợi dụng tâm lý sợ hãi của nạn nhân, Thân nảy sinh ý định xấu. Anh ta sau đó rủ chị Ngọc đi ""uống vài ly bia để bỏ qua"". Nạn nhân được Thân đưa đến quán nhậu trên đường 30/4, ép uống bia đến say. Khi nạn nhân mất khả năng kháng cự, Thân chở đến khách sạn trên đường Núi Thành và thực hiện hành vi hiếp dâm. Từ đơn tố cáo của nạn nhân, lực lượng chức năng vào cuộc điều tra, bắt Thân. Phòng Cảnh sát hình sự đang mở rộng điều tra, truy tìm Trần Minh Lượng và kêu gọi sớm ra đầu thú. Ngọc Trường",1,spam
Oops i thk i dun haf enuff ... Tôi đi kiểm tra sau đó nói ì_ ..,0,ham
Cô ấy đang tìm kiếm cái gì?,0,ham
Đi xuống Gandhipuram và đi bộ để băng qua đường cắt.,0,ham
Cos darren nói ì_ xem xét mah vì vậy tôi hỏi ì _...,0,ham
Xin chúc mừng bạn được trao tặng cung cấp CDS từ Virgin Records hoặc một món quà bí ẩn được đảm bảo cuộc gọi 09061104283 TS & CS www.smsco.net,1,spam
"Tôi đã có mười đô la, Jay đang không thành công",0,ham
"""Mã QR (QR code) không được thiết kế với mục đích bảo mật, mà để cuộc sống dễ dàng hơn. Điều này cũng khiến chúng trở thành 'món quà' hoàn hảo cho những kẻ lừa đảo"", Rob Lee, người đứng đầu bộ phận nghiên cứu về AI và các mối đe dọa mới nổi tại Viện SANS, một tổ chức chuyên về đào tạo an ninh mạng tại Mỹ, nói với CNBC. Theo NYPost, QR code là loại mã thú vị khi áp dụng nơi công cộng, cho phép người dùng xem nhanh thông tin nào đó, chẳng hạn thói quen ăn uống của voi ma mút lông dài hoặc chiến lược quân sự của Thành Cát Tư Hãn khi tham quan bảo tàng. Theo thời gian, cùng với sự bùng nổ của smartphone, chúng xuất hiện ở những khía cạnh thiết yếu hơn, từ thanh toán ở cửa hàng tiện lợi, nhà hàng, bãi đậu xe... Tuy nhiên, hacker từ lâu lợi dụng sự phổ biến này để triển khai kịch bản lừa đảo, cải tiến chúng đến mức khó nhận biết. ""Giống như nhiều tiến bộ công nghệ vốn bắt nguồn từ mục đích tốt đẹp, mã QR ngày càng trở thành công cụ của kẻ xấu"", Dustin Brewer, Giám đốc phụ trách an ninh mạng của BlueVoyant, cho biết. ""Bởi mã QR có mặt ở khắp mọi nơi, từ cây xăng, biển hiệu, quảng cáo truyền hình đến nhà hàng, quán xá, chúng vừa hữu ích lại vừa nguy hiểm"". Cách thức này được gọi là Quishing (QR phishing). Theo Brewer, kẻ tấn công lợi dụng những ""ô vuông"" tưởng chừng vô hại để lừa nạn nhân truy cập website độc hại hoặc vô tình chia sẻ thông tin cá nhân. Sức hấp dẫn của chiêu trò đối với tội phạm mạng nằm ở sự dễ dàng thực hiện: dán mã QR giả lên máy tính tiền đỗ xe hoặc thông báo thanh toán hóa đơn điện nước, sau đó dựa vào sự gấp gáp để thực hiện phần còn lại. Sự gia tăng của các vụ lừa đảo Quishing năm nay khiến nhiều cơ quan của Mỹ ra cảnh báo. Sở Giao thông vận tải New York và công ty Điện lực Hawaii cảnh báo khách hàng cẩn trọng khi quét mã. Ủy ban Thương mại Liên bang (FTC) khuyến cáo người dân cẩn thận, không quét những mã QR xuất hiện đáng ngờ trên các gói hàng không xác định được gửi đến, hoặc bất ngờ xuất hiện trước cửa nhà. Theo FTC, khi quét mã lạ, người dùng ""có thể bị dẫn đến website lừa đảo đánh cắp thông tin cá nhân, thẻ tín dụng, tài khoản thanh toán hoặc tải xuống phần mềm độc hại"". Tại Việt Nam, mã QR là một trong những hình thức thanh toán phổ biến. Thay vì nhập tên ngân hàng, số tài khoản như trước, người dùng chỉ cần quét là thông tin được tự động điền. Việc liên kết giữa các đơn vị cũng giúp thanh toán QR trở nên đơn giản, khi ứng dụng của ngân hàng này có thể quét QR của bên khác. Tuy nhiên, kẻ gian đã lợi dụng để dán đè mã của chúng, khiến khách hàng chuyển tiền sang địa chỉ của chúng. GS Gaurav Sharma tại Đại học Rochester dự đoán, các vụ lừa đảo qua mã QR sẽ gia tăng thời gian tới do hình thức cung cấp thông tin và thanh toán qua loại mã này ngày một phổ biến và đa dạng. Trong bối cảnh lừa đảo qua những hình thức truyền thống như email, tin nhắn ngày càng khó thực hiện do độ bảo mật cao và người dùng cảnh giác, lừa đảo QR khiến nạn nhân khó đề phòng hơn. Thực tế, theo Makeuseof, mã QR được đánh giá nguy hiểm hơn email, tin nhắn lừa đảo truyền thống vì người dùng thường không thể đọc hoặc xác minh địa chỉ web được mã hóa. Dù chúng vẫn chứa văn bản dễ đọc, kẻ tấn công có thể sửa đổi nhằm đánh lừa người tin tưởng vào liên kết website dẫn đến. Một số thống kê cho thấy xu hướng này. Chẳng hạn, nghiên cứu do công ty an ninh mạng KeepNet Labs công bố hồi tháng 9 cho thấy 26% liên kết độc hại hiện được gửi qua mã QR. Còn theo công ty an ninh mạng NordVPN, 73% người Mỹ quét mã QR mà không cần xác minh, và hơn 26 triệu người đã bị chuyển hướng đến trang độc hại. Khi thiết bị di động bùng nổ, các vụ lừa đảo mã QR thường nhắm vào cả iPhone và smartphone Android. Theo công ty phần mềm diệt virus Malwarebytes, người dùng iPhone dễ trở thành nạn nhân hơn, khi 70% người dùng thiết bị này đã quét mã QR để bắt đầu hoặc hoàn tất giao dịch mua hàng, cao hơn so với 63% người dùng Android. ""Mấu chốt ở đây là niềm tin"", nhà nghiên cứu David Ruiz của Malwarebytes viết trên blog. ""Người dùng iPhone thể hiện sự tin tưởng vào thiết bị của họ hơn so với người dùng Android và có thể khiến họ mất cảnh giác"". Về độ tuổi, một nghiên cứu của IBM công bố giữa năm cho thấy người lớn tuổi dễ bị ảnh hưởng bởi các chiêu lừa Quishing nhất. Tuy nhiên, các thế hệ sau am hiểu công nghệ hơn cũng đối mặt rủi ro cao do thường xuyên quét mã QR mà không suy nghĩ kỹ. ""Vấn đề chưa đến mức đáng báo động, nhưng đây chính xác là kiểu chiến thuật ít tốn công sức, mang lại lợi nhuận cao mà kẻ tấn công rất thích khai thác"", chuyên gia bảo mật an ninh mạng Josh Nadeau của IBM viết trên blog. Theo Nadeau, để phòng tránh lừa đảo, người dùng cần suy nghĩ kỹ trước khi quét, đảm bảo mã đến từ nguồn đáng tin cậy. Khi sử dụng mã QR ở nơi công cộng, nên tìm kiếm các dấu hiệu giả mạo vật lý như có bị vỡ pixel, lệch vị trí hay bị dán đè mã khác không. Khi quét, sẽ có một liên kết hiển thị trên màn hình, người dùng cần kiểm tra kỹ trước khi đồng ý cho chuyển hướng. Một số giải pháp mới bảo mật hơn đang được phát triển để cảnh báo hoặc ngăn chặn lừa đảo qua mã QR. Chẳng hạn, GS Sharma của Đại học Rochester đang tạo loại mã mới có tên SDMQR (Self-Authenticating Dual-Modulated QR) - mã chứa hai thông điệp gồm nội dung chính và chữ ký số. Khi quét, phần mềm đọc QR có thể kiểm tra chữ ký để xác nhận mã đó có do một đơn vị có uy tín ký hay không, giúp người dùng biết được mã ""chính chủ"" hay khả nghi. Trong khi đó, bảo tàng trẻ em lớn nhất thế giới Children's Museum of Indianapolis (Mỹ), nơi đón hơn một triệu lượt khách mỗi năm, cũng áp dụng loại QR cách điệu với logo và màu sắc riêng thay vì mã đơn sắc tiêu chuẩn, đồng thời nêu rõ những gì mọi người có thể thấy khi quét mã. Bảo Lâm tổng hợp",1,spam
Văn bản không giới hạn.,0,ham
"Tôi không thức dậy cho đến 4 giờ chiều, sup",0,ham
S.I nghĩ rằng anh ta lãng phí cho RR ..,0,ham
Chuẩn bị để được đập vào mỗi đêm ...,0,ham
Tôi sẽ đến muộn ...,0,ham
Ha ... bạn chỉ ăn mật ong?,0,ham
"Được rồi, tôi đang đi bộ và bây giờ ... bạn có muốn tôi 2 mua bất cứ thứ gì đi nhà của bạn không?",0,ham
Tôi đã yêu cầu bạn gọi cho anh ấy ngay bây giờ ok,0,ham
"Bủn rủn chân tay khi lỡ chạm tay vào hàng triệu chiếc răng mọc chi chít trên da thịt người đàn ông
Chỉ cần nhìn những hình ảnh này thôi, người can đảm nhất cũng phải khiếp vía vì độ kinh dị và đáng sợ của nó. Nói trước rằng những ai sợ lỗ, sợ chấm li ti thì đứng xem kẻo không dám chạm vào bất cứ thứ gì.
Loạt hình ảnh kinh dị về một người đàn ông bị hàng triệu chiếc răng bao phủ từ đầu đến tận đầu ngón chân đang làm nhiều người sử dụng mạng xã hội nước ngoài phải rùng mình kinh sợ. Cả một thân thể của người đàn ông trưởng thành được bọc kín răng từ đầu đến chân, tạo cho người xem cảm giác từng lỗ chân lông dựng đứng lên.
Những người mắc hội chứng sợ lỗ sẽ vô cùng khiếp vía khi trông thấy hình ảnh này, có thể sởn da gà, đau đầu chóng mặt vì cảnh hàng triệu chiếc răng xếp đều tăm tắp trên da thịt.
Nhiều người e ngại người đàn ông này không thể tồn tại được nhưng thực chất đây chỉ là một sự sắp đặt của con người để tạo nên một nhân vật trong bộ phim kinh dị.
Hàng triệu chiếc răng trên cơ thể được làm từ silicone nên nó có độ cứng và bóng như răng thường. Những nhà thiết kế đã mất hàng chục giờ đồng hồ để gắn từng chiếc răng giả lên một tấm áo mỏng trước khi mặc vào cơ thể diễn viên.",1,spam
"Ngày 9/8, Phòng Cảnh sát hình sự Công an TP Đà Nẵng cho biết đang điều tra Tuấn và Nguyễn Đình Tuyến, 39 tuổi, để điều tra hành vi giả danh công an, cướp tài sản. Theo điều tra, khoảng 16h30 ngày 4/8, Tuấn và Tuyến phát hiện 4 người phụ nữ đang đánh bài tại hiên nhà trên đường Cách Mạng Tháng Tám, phường Cẩm Lệ, nên nảy sinh ý định cướp tài sản. Tuyến nói Tuấn chờ sẵn ngoài xe máy, còn mình mặc áo khoác, xông vào rút còng số 8, xưng là công an để dọa nạt rồi gom hết số tiền trên bàn và trong tay các con bạc. Sau khi tẩu thoát, cả hai kiểm đếm được 170.000 đồng. Nhận tin báo, trinh sát Phòng Cảnh sát hình sự nhanh chóng tìm ra Tuấn và Tuyến. Ban đầu, hai nghi can quanh co chối tội, sau đó đã thừa nhận hành vi, nhận tội. Công an thành phố Đà Nẵng khuyến cáo người dân cần bình tĩnh, kiểm tra kỹ thông tin, yêu cầu xuất trình giấy tờ khi làm việc với người tự xưng là công an. Mọi người cũng không được tham gia các tệ nạn xã hội, bởi đó vừa là hành vi vi phạm pháp luật vừa khiến bản thân trở thành mục tiêu của tội phạm. Ngọc Trường",1,spam
"Ngày 28/1, Bộ Công an cho biết tình trạng lừa đảo trực tuyến có xu hướng gia tăng trước và trong kỳ nghỉ Tết, khi nhu cầu nghỉ dưỡng, đặt phòng, mua tour bùng nổ. Theo nhà chức trách, thủ đoạn phổ biến là lập website, tài khoản mạng xã hội giả mạo các khách sạn, resort, công ty du lịch uy tín, thậm chí mua tích xanh để tạo lòng tin. Các trang này đăng giá rẻ hoặc bằng giá niêm yết, yêu cầu khách chuyển tiền đặt cọc rồi nhanh chóng cắt liên lạc. Một chiêu khác là giả làm khách du lịch cần ""thanh lý tour gấp"" với mức giá thấp hơn nhiều so với thị trường. Để dụ nạn nhân, kẻ gian đưa ra hóa đơn, hình ảnh, phản hồi giả. Ban đầu, chúng giao dịch số tiền nhỏ để tạo niềm tin, sau đó chiếm đoạt khoản lớn và biến mất. Ngoài ra, tội phạm còn nhắm vào các cơ sở lưu trú bằng cách gửi email giả danh các nền tảng đặt phòng. Nội dung thường yêu cầu xác nhận thanh toán, cập nhật thông tin hoặc hủy phòng, kèm đường link chứa mã độc. Khi truy cập, thiết bị có thể bị chiếm quyền kiểm soát, mất dữ liệu hoặc bị rút tiền trong tài khoản. Bộ Công an khuyến cáo người dân và chủ cơ sở kinh doanh cần tìm hiểu kỹ thông tin đơn vị cung cấp dịch vụ, ưu tiên doanh nghiệp lữ hành uy tín, được cấp phép. Người dùng tuyệt đối không truy cập đường dẫn lạ, không cài đặt ứng dụng không rõ nguồn gốc hoặc cung cấp mã OTP cho người khác. Khi phát hiện dấu hiệu bất thường hoặc trở thành nạn nhân, người dân cần trình báo ngay cho cơ quan công an gần nhất để được hướng dẫn xử lý. Nhật Vy",1,spam
Kiểm tra Chọn Video Babe của bạn @ sms.shsex.netun fgkslpopw fgkslpo,1,spam
Người chiến thắng!,1,spam
"Chủ sở hữu chứng từ thân mến, 2 yêu cầu cung cấp tuần này, tại PC của bạn, bạn truy cập http://www.e-tlp.co.uk/expressoffer ts & cs Áp dụng.2 Dừng văn bản TXT dừng đến 80062.",1,spam
Phần thưởng Å £ 400 xmas đang chờ bạn!,1,spam
"Orange mang đến cho bạn nhạc chuông từ các anh hùng biểu đồ mọi thời đại, với một cú đánh miễn phí mỗi tuần!",1,spam
Xin chào từ Orange.,1,spam
Nhìn thấy?,0,ham
Thông tin đời sống: Giải bóng đá vô địch quốc gia diễn ra hấp dẫn với những trận cầu kịch tính. Các đội bóng tích cực tăng cường lực lượng và cải thiện thể lực để chuẩn bị cho giai đoạn lượt về. Sự việc đang thu hút sự chú ý của dư luận.,0,ham
Thực sự đã sẵn sàng rời khỏi nhà.,0,ham
Xin vui lòng gửi cho tôi tên chính xác da.,0,ham
Tố giác chiêu trò: Chiêu trò lừa đảo trúng thưởng chương trình quay số may mắn của các tập đoàn lớn. Đối tượng yêu cầu người trúng nạp tiền thẻ cào hoặc chuyển khoản để làm thủ tục đóng thuế trước khi nhận thưởng. Mọi người tuyệt đối không làm theo!,1,spam
Tín dụng của bạn đã được đứng đầu cho http://www.bubbletext.com Pin gia hạn của bạn là TGXXRZ,1,spam
Xin lưu ý: Nếu bất cứ ai gọi từ Công ty di động & amp;,0,ham
Hamster của bạn có chết không?,0,ham
Ok không có vấn đề gì.,0,ham
Muốn được đặt 2Nite?,1,spam
"Themob> Kiểm tra lựa chọn mới nhất của chúng tôi về nội dung, trò chơi, âm điệu, tin đồn, Babes và Sport, giữ cho thiết bị di động của bạn phù hợp và wap văn bản vui nhộn đến 82468",1,spam
"Né gấp thủ đoạn này: Chiêu trò lừa đảo tuyển dụng cộng tác viên chốt đơn hàng online trên các sàn thương mại điện tử. Ban đầu đối tượng trả hoa hồng đầy đủ, sau đó yêu cầu nạp số tiền lớn hơn để làm nhiệm vụ rồi khóa tài khoản. Mọi người tuyệt đối không làm theo!",1,spam
Ồ vậy ư?,0,ham
Chúng tôi đi bộ từ mẹ tôi.,0,ham
nói cảm ơn2.,0,ham
"Này, chúng ta đang đi học tập LO hay phòng tập thể dục?",0,ham
"Trong cảnh báo ngày 13/2, Meta nhận định kẻ lừa đảo thường lợi dụng các dịp lễ hoặc sự kiện lớn để tìm kiếm nạn nhân. Trong dịp Valentine, một chiêu lừa đang có xu hướng gia tăng là lừa đảo tình cảm. Kẻ gian tiếp cận nạn nhân bằng nhiều cách khác nhau, như thông qua tin nhắn, email lừa đảo, ứng dụng hẹn hò, bài đăng trên mạng xã hội, diễn đàn thảo luận, và nhiều nền tảng khác. Chúng ""đóng giả là người hấp dẫn, độc thân, thành đạt, như quân nhân hoặc doanh nhân"", Meta cho biết. Chúng gửi tin nhắn hàng loạt đến nhiều mục tiêu khác nhau để tìm kiếm người phản hồi. Khi có người trả lời, kẻ lừa đảo tìm cách tạo dựng lòng tin, nói ""đang cô đơn"", và có thể kiên nhẫn tạo dựng mối quan hệ tình cảm trong một thời gian dài trước khi đề nghị gửi tiền hoặc lôi kéo đầu tư vào các dự án lừa đảo. Meta cho biết đã tham gia triệt phá nhiều nhóm lừa đảo tình cảm giả danh quân nhân, người nổi tiếng tiếp cận nạn nhân qua nền tảng mạng xã hội như Facebook, Instagram, Threads, TikTok và YouTube. Ngoài ra, công ty cũng phát hiện mạng lưới giả danh nền tảng mai mối. Chúng quảng bá dịch vụ kết nối hẹn hò, hứa hẹn giới thiệu những người đàn ông, phụ nữ giàu có, hoặc giúp định cư nước ngoài nếu muốn. Sau đó, nạn nhân sẽ được mời tham gia nhóm chat, bị yêu cầu trả phí để nhận thông tin liên hệ của người muốn hẹn hò. Meta khuyến nghị người dùng cẩn trọng với tin nhắn lạ, có thể dùng tính năng hạn chế nhận tin nhắn từ người lạ, cần kiểm tra thông tin như các tài khoản liên quan, thời điểm tài khoản được tạo, hoặc dùng công cụ tìm kiếm hình ảnh để xác minh tính xác thực của ảnh avatar... Ngoài ra, người dùng cần cảnh giác với yêu cầu cung cấp thông tin cá nhân hoặc chuyển tiền. ""Trước khi gửi tiền qua thẻ quà tặng, ứng dụng thanh toán hoặc chia sẻ dữ liệu cá nhân, nên trao đổi với bạn bè hoặc người thân đáng tin cậy để tránh bị lừa"", cảnh báo nêu. Meta cho biết trong năm 2024, công ty đã gỡ bỏ hơn 15.000 đường dẫn chứa nội dung lừa đảo tại Việt Nam, hơn 9.000 đường dẫn giả mạo thương hiệu của công ty tại Singapore. Công ty cũng xóa hơn hai triệu tài khoản trên các nền tảng của mình liên quan đến các tổ chức lừa đảo tại Campuchia, Myanmar, Lào, Các Tiểu vương quốc Ả Rập Thống nhất và Philippines. Trên Messenger, tính năng Cảnh Báo An Toàn (Safety Notices) đã được triển khai để nhắc nhở người dùng khi trò chuyện với một tài khoản có dấu hiệu đáng ngờ, đặc biệt nếu tài khoản đó có thể đến từ một quốc gia khác. Lưu Quý",1,spam
Nhạc chuông hàng đầu miễn phí -Sub đến nhạc chuông hàng tuần-get đầu tiên tuần đầu tiên miễn phí đến 81618-?,1,spam
Thật ngu ngốc khi nói rằng tôi thách thức Chúa. Bạn không nghĩ gì về những gì tôi viết thay vì bạn trả lời ngay lập tức.,0,ham
"Điện thoại di động mới từ năm 2004, phải đi!",1,spam
"Tố giác chiêu trò: Đối tượng giả danh cán bộ Bộ Công an, Viện kiểm sát gọi điện thông báo tài khoản ngân hàng bị rò rỉ thông tin bảo mật, yêu cầu cung cấp tên đăng nhập và mã OTP để bảo vệ tài khoản. Mọi người tuyệt đối không làm theo!",1,spam
"Thủ tướng Nhật cúi đầu xin lỗi vì tinh thần phi thể thao của đội bóng
Sáng 19/6, Thủ tướng Nhật Bản Shinzo Abe công khai gửi lời xin lỗi tới Nhật hoàng và toàn bộ người dân vì tinh thần thi đấu phi thể thao của đội tuyển Nhật tại World Cup 2018.
""Với tinh thần của những võ sĩ đạo Samurai, nhưng đội tuyển Nhật Bản đã có những hành động thiếu tinh thần thượng võ trong thi đấu tại World Cup, để lại nhiều chỉ trích và bất bình cho toàn dân, làm mất hình ảnh kiên cường của người dân Nhật Bản trên đấu trường quốc tế. Là người đứng đầu, tôi xin thành thật nhận trách nhiệm và gửi lời xin lỗi sâu sắc tới nhân dân"", ông Abe cúi đầu nhận trách nhiệm về mình.
Tôi cảm phục hành động này của Thủ tướng Nhật. Ông ấy ý thức rất cao về hình ảnh, danh dự quốc gia!
Nước Nhật được thế giới tôn trọng, kính nể không phải vì nước này là cường quốc kinh tế mà chính là cường quốc về lòng tự trọng!",1,spam
Cuộc họp kết thúc của 1 Gọi cho tôi.,0,ham
"Ngày 2/4, Văn phòng Cơ quan Cảnh sát điều tra Công an TP Đà Nẵng đã khởi tố bị can, ra lệnh cấm đi khỏi nơi cư trú đối với Như (31 tuổi, trú phường Hải Châu) về hành vi Lừa đảo chiếm đoạt tài sản. Theo điều tra, do thiếu tiền tiêu xài, Như lợi dụng mối quan hệ thân thiết với nạn nhân để thực hiện hành vi lừa đảo. Bị can sử dụng tài khoản Zalo, tạo dựng các nhân vật không có thật và giả danh cơ quan công an để nhắn tin cho bị hại. Với danh nghĩa ""cơ quan công an"", Như nhắn tin cho bị hại với nội dung ""Như đã bị bắt"" vì liên quan đến tội phạm ma túy, đồng thời cho rằng bị hại là đồng phạm do từng cho Như mượn tiền. Đánh vào tâm lý lo sợ, Như liên tục yêu cầu nạn nhân chuyển tiền để ""chạy án"". Cơ quan điều tra xác định, với thủ đoạn này, Như đã chiếm đoạt ít nhất 415,5 triệu đồng. Sau nhiều lần chuyển tiền theo yêu cầu, nạn nhân nghi ngờ bị lừa nên đã trình báo cơ quan chức năng. Tại cơ quan điều tra, Lê Nguyễn Quỳnh Như đã thừa nhận toàn bộ hành vi phạm tội. Vụ án đang được cơ quan cảnh sát điều tra củng cố hồ sơ để xử lý. Ngọc Trường",1,spam
Thông tin quan trọng 4 Người dùng màu cam.,1,spam
Hmm ... chú tôi chỉ thông báo cho tôi rằng anh ấy đang trả tiền trực tiếp cho trường.,0,ham
"Hot girl có vòng 1 tự nhiên khủng nhất châu Á phát ngôn gây sốc về lý do không bao giờ mặc hở
Loạt ảnh mới nhất về cô gái có vòng 1 khủng nhất Châu Á khiến cộng đồng mạng cả châu lục mắt tròn mắt dẹt, không tin vào sự thật.
Yu Han là cô gái đang gây ra cơn sốt trên khắp châu Á vì vòng 1 tự nhiên khủng bậc nhất châu lục, cô nàng sinh năm 1995 này hiện đang sinh sống và làm việc tại Seoul
Chỉ từ một bức hình Yu Han chụp tại tàu điện ngầm khiến cô nàng nổi như cồn trên mạng xã hội Hàn Quốc và lan sang các quốc gia khác
Yu Han tự nhận mình là cô gái có vòng 1 tự nhiên khủng nhất châu Á và thường xuyên tung bằng chứng hình ảnh của mình lên mạng xã hội
Một hình ảnh chụp cận cảnh khiến ai cũng cúi đầu thừa nhận về sự khủng của vòng 1 cô nàng
Không biết rõ số đo vòng 1 nhưng bất cứ ai cũng cảm thấy nghẹt thở khi nhìn vào những bức hình của cô nàng
Có một đặc điểm khá thú vị đối với cô gái này là cô hiếm khi mặc áo hai dậy và hở ngực vì lo lắng vòng 1 của mình sẽ tràn ra bên ngoài
Dù kín cổng cao tường nhưng Yu Han vẫn là tâm điểm khi xuất hiện ở bất cứ đâu
Vòng 1 quá đà khiến Yu Han có cảm giác nặng nề, khó di chuyển và không bao giờ dám chạy bộ
Cô gái này từng nhận được rất nhiều lời mời gọi, gạ tình từ nhiều người đàn ông trên mạng xã hội
Những tấm ảnh của cô gái luôn thu hút mọi người, dù gương mặt của Yu Han cũng giống như các hot girl tầm trung tại Hàn Quốc
Ảnh Internet
Ảnh Internet
Ảnh Internet
Ảnh Internet
Ảnh Internet
Ảnh Internet
Ảnh Internet
Ảnh Internet",1,spam
"Tố giác chiêu trò: Chiêu trò lừa đảo tuyển dụng cộng tác viên chốt đơn hàng online trên các sàn thương mại điện tử. Ban đầu đối tượng trả hoa hồng đầy đủ, sau đó yêu cầu nạp số tiền lớn hơn để làm nhiệm vụ rồi khóa tài khoản. Cần hết sức cảnh giác để tránh mất tiền.",1,spam
Nhạc chuông miễn phí của bạn đang chờ được thu thập.,1,spam
Thông tin quan trọng 4 Người dùng màu cam 0789XXXXXXX.,1,spam
Yêu nó!,0,ham
Tôi đang tham gia hôm nay chính thức.pls tiếp tục cầu nguyện. Hãy nói chuyện sau.,0,ham
"Né gấp thủ đoạn này: Cảnh báo bẫy lừa đảo làm dịch vụ xóa nợ xấu ngân hàng, nợ xấu CIC. Kẻ gian yêu cầu chuyển chi phí dịch vụ trước rồi gửi hóa đơn/xác nhận giả mạo nhằm chiếm đoạt tiền. Cần hết sức cảnh giác để tránh mất tiền.",1,spam
Không hoạt động sau & lt;#& gt;,0,ham
Urgent ur Å £ 500 Giải thưởng được đảm bảo vẫn chưa được yêu cầu!,1,spam
"Hẹn hò người thương nơi sân trường, nam sinh khóc thét cầm dép bỏ chạy khi thấy thứ này lòi ra từ vòng 3 thiếu nữ
“Người ấy” chưa kịp quay mặt lại chàng trai đã chạy xa cả cây số chỉ vì thứ nhạy cảm chết ngất lộ ra sau lớp áo dài.
Vô tư ngồi giữa sân trường, nữ sinh không hề hay biết vòng 3 đầy đặn của mình đã “phản chủ”.
Mẫu áo dài này khoét hơi quá đà rồi!
Còn bộ cánh nào có thể xuyên thấu hơn thế này không các chế?
Chỉ có thể trách vải quá mỏng mà thôi!
Nội y trắng cũng không thể giúp cô gái che hết phần nhạy cảm.
Xem thêm: Hàng chục con rắn bạch tạng lột da giữa nhà, người phụ nữ lại gần chạm nhẹ mới phát hiện bí mật ngã ngửa
Các chị em chú ý, chỉ cần dính một chút nước thôi là lộ hết bên trong đấy!
Chọn màu thế này thì khó đỡ quá rồi!
Chỉ vén tà áo lên thôi là anh em xịt máu mũi vì điểm nhạy cảm bên trong.
Có lẽ nóng quá nên các cô gái mới phải xài chiêu này để hạ nhiệt.
Cơn gió và ánh sáng đã vô tình khiến 2 cô gái “lộ hàng”.
Khóc dở mếu dở với mốt “color block” của thiếu nữ.",1,spam
Oh k k :) nhưng anh ấy không phải là một người đánh bóng lớn.,0,ham
Khi nào chương trình radio của bạn?,0,ham
"Thủ đoạn lừa đảo hỗ trợ vay vốn ngân hàng lãi suất 0%, yêu cầu đóng phí hồ sơ trước rồi chiếm đoạt.",1,spam
"Tháng 6/2024, bà Vũ Thị Thanh, 65 tuổi, chuyển bán nhà ở Hà Giang xuống Hà Nội sống cùng con gái. Một hôm, bà nhận được cuộc gọi mời dự hội thảo du lịch. Dù từ chối, nhân viên vẫn biết rõ địa chỉ, gọi xe ôm đến tận nhà đón bà. Họ giới thiệu gói ""hợp đồng kỳ nghỉ"" trị giá 230 triệu đồng thời hạn 20 năm, cam kết mua lại với giá cao hơn sau một đến hai tháng. Đúng lúc vừa bán nhà và dự định cho con gái tiền mua căn hộ trả góp, bà Thanh đồng ý ký. Sau 6 tiếng được các ""chuyên gia"" tư vấn, người phụ nữ 65 tuổi chuyển khoản hơn một tỷ đồng để mua 5 hợp đồng. ""Lúc đó tôi nghĩ kiếm thêm chút tiền cho con mua nhà cũng tốt"", bà kể. Khi về đến nhà, bà Thanh mới bắt đầu sinh nghi, biết là mình đã bị lừa nên gọi điện yêu cầu hủy hợp đồng. Nhân viên hứa đầu tuần trả tiền, nhưng đến nay số tiền vẫn ""bặt vô âm tín"". Hai năm qua, bà gửi đơn tố cáo đi khắp nơi và kết nối một nhóm gần 300 nạn nhân khác cùng đến trụ sở công ty lừa đảo đòi quyền lợi, đồng thời để cảnh báo những người khác. 90% thành viên trong nhóm của bà là người cao tuổi. Người mất ít nhất vài trăm triệu, người nhiều lên đến 20 tỷ đồng. ""Nhiều người nói chúng tôi tham nên mới bị lừa. Nhưng ở tuổi này chúng tôi có nhu cầu gì nữa mà tham. Không còn khả năng lao động, ai cũng mong kiếm thêm chút tiền giúp con cháu"", bà Thanh nói. 5 hợp đồng của bà Thanh nằm trong số 17.000 hợp đồng sở hữu kỳ nghỉ do 27 công ty ở Hà Nội đã ký, chiếm đoạt khoảng 2.700 tỷ đồng của hàng nghìn khách hàng, phần lớn là người cao tuổi vừa bị công an Hà Nội khởi tố. Tại TP HCM, gần 200 giám đốc và nhân viên các công ty du lịch cũng bị cáo buộc dùng chiêu thức tương tự để lừa khách hàng ký hơn 5.500 hợp đồng, chiếm đoạt trên 600 tỷ đồng. Theo cơ quan điều tra, các đối tượng thường đánh vào tâm lý thích nhận quà tặng, du lịch miễn phí của người dân, đặc biệt là người cao tuổi. Sau khi tạo dựng lòng tin, chúng từng bước dẫn dắt nạn nhân ký hợp đồng và liên tục đóng thêm tiền với lời hứa lợi nhuận cao. PGS TS Vũ Mạnh Lợi, nguyên Phó viện trưởng Viện Xã hội học, cô đơn là khoảng trống lớn nhất khiến người cao tuổi dễ trở thành nạn nhân của lừa đảo. Họ thường phải đối mặt với sự suy giảm sức khỏe và thu hẹp các mối quan hệ xã hội sau khi nghỉ hưu. Cuộc sống hiện đại bận rộn khiến con cái ít có thời gian giao tiếp cha mẹ già. Khi cầu được quan tâm, được trò chuyện tăng lên, họ dễ mở lòng với những kẻ lừa đảo tỏ ra thấu hiểu. Bên cạnh đó, mong muốn tự chủ tài chính và hỗ trợ con cháu cũng khiến họ dễ tham gia các khoản đầu tư sinh lời. Bà Trịnh Thị Liễu, 78 tuổi, ở Hà Nội, rơi vào bẫy lừa đảo trong hoàn cảnh tương tự. Chồng mất năm 2018, bà sống cùng con cháu nhưng ngày càng thấy cô đơn. ""Các con chăm chút miếng ăn, giấc ngủ, nhưng để ngồi nói chuyện, chia sẻ thì rất ít"", bà nói. Năm 2021, bà nhận lời dự một hội thảo du lịch. Muốn ra ngoài gặp gỡ người khác cho khuây khỏa, người phụ nữ nghỉ hưu nhận lời. Tại đây, bà được giới thiệu gói hợp đồng 231 triệu đồng kèm lời hứa được nghỉ dưỡng 20 năm, có thể bán lại kiếm lời hoặc để dành cho con cháu. Gia đình bà sống dựa vào lương hưu 7 triệu đồng mỗi tháng sau khi con trai bị tai nạn lao động. Nghĩ đây là cơ hội cải thiện kinh tế, bà quyết định nộp tiền. ""Khi tôi nói không mang tiền, các cháu ấy đưa về tận nhà"", bà kể. Tiến sĩ tâm lý học tội phạm Bùi Thị Liên (Học viện An ninh nhân dân) cho biết nhóm lừa đảo thao túng người cao tuổi bằng cách tạo lòng tin qua sự quan tâm, khen ngợi. Sau khi nạn nhân phụ thuộc cảm xúc, chúng gieo tâm lý hoang mang và thúc ép họ ra quyết định bằng cách tạo cảm giác khan hiếm, cam kết lợi nhuận cao. Khoảng trống thứ hai là người cao tuổi rất sợ bị con cái trách móc, cho rằng ""tham nên mới bị lừa"" nên đa số giấu giếm. ""Họ sợ bị con cháu trách móc nên âm thầm vay mượn, đóng thêm tiền với hy vọng lấy lại khoản đã mất nên càng lún sâu"", bà Liên nói. Trong nhóm nạn nhân của hợp đồng kỳ nghỉ đang đi đòi lại tiền cùng bà Thanh có mẹ của một cán bộ ngành kiểm sát. Người phụ nữ này mất nhiều tỷ vì mua hàng chục hợp đồng nhưng vẫn tiếp tục vay mượn mua thêm để gỡ gạc. Dù là nạn nhân nhưng mỗi lần đi đòi tiền, biết có người quay video, bà lại trốn trong nhà vệ sinh. ""Mình ngu thì mình tự chịu, không để các con biết và suy nghĩ"", bà nói. Về phần bà Liễu, sau một năm ký hợp đồng, sức khỏe bà giảm sút do bệnh tim và huyết áp. Muốn bán hợp đồng lấy tiền chữa bệnh, bà được tư vấn nâng cấp lên gói VIP và mua hợp đồng mới để dễ chuyển nhượng. Bà tiếp tục nộp tiền. Đến nay, bà đã bỏ gần 2 tỷ đồng vào các hợp đồng này, trong đó 2/3 là tiền tích lũy, còn lại là tiền vay mượn. Dù từng nghi ngờ bị lừa và đã trình báo công an, hồi đầu tháng 6, bà Liễu tiếp tục đi vay nóng trả lãi ngày để đóng thêm 40 triệu đồng sau khi được hứa chuyển nhượng hợp đồng trong một tháng. ""Chúng nói rất chân thành, hợp lý, tôi lại tin người"", bà kể. Bà chỉ tỉnh ngộ sau khi xem các phóng sự cảnh báo về bẫy kỳ nghỉ. Để giảm nguy cơ lừa đảo nhắm đến người già, PGS TS Vũ Mạnh Lợi cho rằng cần mạng lưới bảo vệ từ gia đình và cộng đồng. Khi người cao tuổi được trò chuyện, chia sẻ thường xuyên và tham khảo ý kiến con cháu trước các quyết định liên quan đến tiền bạc, nguy cơ sập bẫy sẽ giảm đáng kể. Tiến sĩ Bùi Thị Liên cũng khuyến nghị các gia đình thường xuyên cập nhật cho người cao tuổi những thủ đoạn lừa đảo mới, hướng dẫn họ nhận diện các tình huống bất thường. Khi sự việc không may xảy ra, không nên trách móc hay đổ lỗi. Điều quan trọng là cần giúp người cao tuổi ngắt liên lạc với kẻ lừa đảo, trình báo công an và đồng hành tinh thần. Hai năm sau vụ lừa đảo, bà Thanh vẫn chưa lấy lại được tiền. Hiện tại, mỗi khi nhận cuộc gọi từ số lạ, bà thường chần chừ trước khi nghe máy. ""Ai bảo cho, tặng gì hay mời dự hội thảo, tôi từ chối hết"", bà cho biết. *Tên nhân vật trong bài đã đổi. Phạm Nga",1,spam
"Là một khách hàng có giá trị, tôi vui mừng khuyên bạn rằng sau khi xem xét gần đây về mob của bạn, bạn được trao giải thưởng thưởng Å £ 1500, hãy gọi 09066364589",1,spam
Chúng tôi đã cố gắng gọi cho bạn Re trả lời của bạn cho SMS của chúng tôi cho một video di động 750 phút văn bản không giới hạn + Máy quay phim miễn phí Trả lời cuộc gọi 08000930705 ngay bây giờ,1,spam
Freemsg: Fancy a Flirt?,1,spam
Hy vọng bạn không sợ hãi!,0,ham
"Xin lỗi chikku, di động của tôi có một số vấn đề mà tôi đã có thể trả lời u hoặc msg u ..",0,ham
"Né gấp thủ đoạn này: Đối tượng lừa đảo giả danh công an phường hướng dẫn cài đặt ứng dụng Dịch vụ công trực tuyến giả mạo (file .apk). Khi cài đặt, ứng dụng chứa mã độc tự động chiếm quyền điều khiển điện thoại và rút sạch tiền ngân hàng. Nạn nhân nên trình báo cơ quan công an gần nhất.",1,spam
"Thật tuyệt, hãy cho tôi biết trước khi nó khởi động xung quanh & lt;#& gt;",0,ham
Chúng ta đang gặp nhau ở đâu?,0,ham
"Cảnh báo thủ đoạn hack tài khoản Facebook của người thân, sau đó nhắn tin mượn tiền gấp hoặc nhờ chuyển khoản thanh toán hóa đơn. Nhiều người thiếu cảnh giác đã chuyển tiền cho kẻ gian. Cần hết sức cảnh giác để tránh mất tiền.",1,spam
"Liên tục được con trai báo mộng, bà mẹ kinh hãi khi nhìn thấy cảnh tượng khi thăm mộ con
Vì mải chơi đùa mà cậu bé 5 tuổi vô tình rơi xuống cống gần nhà và thiệt mạng khiến ai cũng phải đau xót.
Nạn nhân là một cậu bé 5 tuổi không may thiệt mạng vì rơi xuống cống rãnh thoát nước trước nhà gây xôn xao dư luận Trung Quốc. Được biết, miệng cống thoát nước này không được đậy nắp sau đến 1,5m và chứa đầy nước thải. Vài giờ sau khi cậu bé gặp nạn người nhà mới phát hiện ra thi thể cậu bé.
Sự ra đi của cậu bé khiến cha mẹ đau xót vô cùng. Tuy nhiên, chỉ sau hai ngày được chôn cất, mẹ của cậu bé luôn gặp phải những giấc mộng khiếp sợ. Chị cho rằng con trai đêm nào cũng báo mộng cầu xin.
Người mẹ đau xót vô cùng trước sự ra đi của con trai mới chỉ 5 tuổi.
Chị Kiều Lâm, mẹ cậu bé luôn tự dằn vặt vì không thể cứu được con mình nên cậu bé mới báo mộng cho biết không chỉ một lần. Nghĩ đến điều chẳng lành cho nên sau khi cậu bé qua đời được 4 ngày, vợ chồng anh chị quyết định ra nghĩa trang đào mộ con trai kiểm tra.
Cậu bé liên tục báo mộng khiến người mẹ đau xót không nguôi.
Thế nhưng vừa lật nắp quan tài thì cảnh tượng trước mắt khiến anh chị đau đớn vô cùng. Trước khi được chôn cất cậu bé được đặt nằm ngay ngắn nhưng hiện tại lại giơ một cánh tay lên như đang cầu cứu.
Mặc dù rất đau xót con trai nhưng anh chị cố kìm nén nỗi đau để lo hậu sự cho cậu bé.",1,spam
Double Mins & Double TXT & 1/2 Giá lót giá trên điện thoại di động Bluetooth màu cam mới nhất.,1,spam
"Có :) Từ tuần trước, tôi đang thực hiện cuộc gọi trực tiếp.",0,ham
"K Tôi đã sẵn sàng, & lt;#& gt;",0,ham
ĐÚNG!,1,spam
10 mth di động của bạn?,1,spam
"Thật không may, tôi vừa phát hiện ra rằng chúng tôi phải đón em gái tôi từ sân bay vào tối hôm đó vì vậy đừng nghĩ rằng tôi sẽ đi ra ngoài.",0,ham
"Tunji, Nữ hoàng thế nào?",0,ham
"Theo thông tin từ Tập đoàn Điện lực Việt Nam (EVN), một số khách hàng sử dụng điện nhận tin nhắn với tên người gửi là ""EVN CSKH"". Nội dung tin nhắn có chứa thông tin gồm ""mã số OTP"" giả mạo gồm 6 chữ số, kèm đường link lạ có chứa ký tự ""evn"" nhưng phần cuối tên miền khác lạ. EVN khẳng định đây là thủ đoạn lừa đảo mới bằng tin nhắn OTP giả mạo nhằm lừa đảo, đánh cắp thông tin cá nhân, tài khoản ngân hàng và dữ liệu khách hàng. Với ứng dụng EVN CSKH mới đưa vào thử nghiệm từ ngày 15/6, đại diện EVN cho biết người sử dụng chỉ nhận tin nhắn chứa mã xác thực OTP khi đăng nhập lần đầu hoặc xác thực giao dịch khi dùng ứng dụng EVN CSKH. Đồng thời, tin nhắn OTP thật không gắn kèm theo bất kỳ đường link nào. Để bảo đảm an toàn thông tin, EVN khuyến cáo khách hàng nâng cao cảnh giác trước thủ đoạn lừa đảo bằng tin nhắn OTP giả mạo. Tuyệt đối không nhấp vào các đường link lạ được gửi qua tin nhắn, email, mạng xã hội hoặc các ứng dụng nhắn tin tự xưng là EVN. Người dùng không cung cấp mã OTP, mật khẩu, thông tin tài khoản ngân hàng hoặc dữ liệu cá nhân cho bất kỳ tổ chức, cá nhân nào mạo danh nhân viên điện lực hay EVN. Khách hàng chỉ nên tải ứng dụng EVN CSKH từ Google Play và App Store, kiểm tra kỹ tên ứng dụng, đơn vị phát hành, tránh cài đặt từ các đường link lạ hoặc không rõ nguồn gốc. Người dùng có thể quét mã QR để tải ứng dụng từ các kho ứng dụng chính thức trên iOS và Android. Khi phát hiện tin nhắn nghi ngờ giả mạo, lừa đảo, khách hàng có thể liên hệ Tổng đài Chăm sóc khách hàng các Tổng Công ty Điện lực để được hỗ trợ, xác minh thông tin. Hải My Liên hệ Tổng đài Chăm sóc khách hàng: - Tổng công ty Điện lực miền Bắc: 19006769.
- Tổng công ty Điện lực miền Trung: 19001909.
- Tổng công ty Điện lực miền Nam: 19001006 - 19009000.
- Tổng công ty Điện lực TP Hà Nội: 19001288.
- Tổng công ty Điện lực TP HCM: 1900545454.",1,spam
Nơi nào có thể tải về phim rõ ràng.,0,ham
"Bức vẽ giúp bạn đánh giá mức độ stress của bản thân
Nhìn bức tranh, bạn có thể thấy vòng tròn đang chuyển động một cách chậm rãi. Người khác lại cho biết họ thấy hình ảnh chuyển động rất nhanh và đau đầu khi nhìn chúng quá lâu.
Theo giáo sư thần kinh Yamamoto, Nhật Bản, nếu nhìn thấy hình ảnh không chuyển động, cơ thể bạn đang khỏe mạnh. Khi ảnh di chuyển từ từ, bạn hơi căng thẳng và mệt mỏi. Nếu thấy quả cầu quay liên tục, bạn đang bị stress và có thể mắc vấn đề về tâm lý.
Tiến sĩ thần kinh học Alice Mado Proverbio, Đại học Milano-Bicocca, Italy, người đăng tải bức ảnh này, đảm bảo rằng đây không phải là GIF hay ảnh động. ""Bức ảnh chính xác là một hình ảnh tĩnh 100%"", bà Alice nói.
Bức tranh kiểm tra stress được tiến sĩ Alice Proverbio giới thiệu. Ảnh: BBC
Theo BBC, là người chuyên nghiên cứu về cách thức hoạt động của bộ não con người, tiến sĩ Alice giải thích tâm trí của chúng ta đang bị lừa dối để nghĩ rằng hình ảnh đang chuyển động. Hiệu ứng này được tạo ra trong vỏ não thị giác, có trách nhiệm xử lý mọi thứ con người thấy.
Trong vùng vỏ não thị giác có các V1, V2, V3, V4 và V5. Trong đó, V4 chịu trách nhiệm về màu sắc và hình dạng, ưu tiên nhận thức về hình xoắn ốc và hình cầu; V5 (được gọi là MT) là một khu vực xử lý các chuyển động và những hình ảnh 3D. Hiệu ứng này được kích hoạt bởi độ bão hòa của các tế bào thần kinh V4 khiến tốc độ các nơron V5 di chuyển được hiểu là tín hiệu cảm giác.
""Hai hình ảnh khác nhau chiếu vào võng mạc của mỗi mắt là một tương tác rất phức tạp. Về cơ bản, nó là một ví dụ về sự cạnh tranh trong vỏ não thị giác. Khi một tín hiệu suy yếu hoặc bị ức chế vì bất kỳ lý do gì, các yếu tố khác có thể được biểu diễn ở mức nhận thức cao hơn"", bà Alice nói.
Hiệu ứng diễn ra bên trong não khi nhìn thấy hình ảnh: Ảnh: BBC
Theo tiến sĩ Alice, xem bức vẽ nếu không thấy bất kỳ chuyển động nào, hãy thử nhìn bằng góc mắt khác hoặc có thể do bạn sử dụng màn hình chưa đủ lớn. Hiệu ứng cũng có thể thay đổi tùy vào khoảng cách mà người đó nhìn thấy hình ảnh.
Khi nhìn hình ảnh này quá lâu, vòng tròn dường như chuyển động nhanh hơn khiến bạn đau đầu, chóng mặt. Điều này lý giải vì sao nhiều chuyên gia tâm lý đánh giá mức độ căng thẳng qua cách chuyển động nhanh dần của bức ảnh.
Alice Mado Proverbio tốt nghiệp ngành Tâm lý học thực nghiệm của Đại học Rome La Sapienza, Italy. Các nghiên cứu của bà đã nhận được rất nhiều tài trợ bao gồm Quỹ khoa học châu Âu, Hiệp hội Tâm lý học nhận thức châu Âu và Quỹ James McDonnel về Khoa học thần kinh nhận thức...
Cẩm Anh",1,spam
Dunno dat wat anh ấy nói với tôi.,0,ham
"Choáng! Cơ trưởng đeo khăn quàng quẩy banh nóc trên sân khấu trường!!!
Xót xa hình ảnh thầy trò lội bùn băng rừng đến trường ở Nghệ An
Sau lũ, nhiều học sinh vùng cao và giáo viên ở Nghệ An phải đối mặt với thiếu thốn vì giao thông bị chia cắt, cơ sở vật chất bị lũ cuốn trôi.
Dưới đây là một số hình ảnh học sinh và giáo viên ở Nghệ An lội bùn băng rừng đến trường:
Xã biên giới Mường Típ, Mường Ải, huyện miền núi Kỳ Sơn, Nghệ An là một trong những nơi đã bị lũ dữ ập đến. Nhiều đoạn đường, bị hàng ngàn khối đất đá sạt lở tràn lấp khiến nơi đây bị cô lập.
Nhiều em học sinh phải lội bùn, băng rừng để đến trường trong hoàn cảnh khó khăn.
Thầy Nguyễn Công Danh, Hiệu trưởng Trường Phổ thông dân tộc bán trú THCS Nập Típ (huyện Kỳ Sơn) cho biết, đến thời điểm hiện tại, các giáo viên của trường mới chỉ vận động được 184/387 học sinh THCS đến trường học và 180/197 học sinh ở bậc tiểu học đến trường học trở lại.
Để đến trường với đoạn đường chưa đến 2km, nhiều em học sinh nơi đây phải trầy trựợt suốt hơn 2 giờ đồng hồ.
Các học sinh và giáo viên ở những nơi lũ đi qua, rất cần được sự giúp đỡ để vượt qua khó khăn này.
Nguồn: https://giadinhvietnam.com/xot-xa-hinh-anh-thay-tro-loi-bun-bang-rung-den-truong-o-nghe-an-d132732.html",1,spam
Mmm ... chết tiệt .... Giáng sinh vui vẻ với tôi,0,ham
Hmm ... Tin xấu ... Hyde Park Plaza $ 700 Studio được thực hiện ... chỉ còn lại 2 phòng ngủ-$ 900 ...,0,ham
Bạn không bao giờ không thể làm gì,0,ham
"""Tội phạm lừa đảo trực tuyến là hiện thân rõ rệt của cái ác. Chúng không phân biệt nạn nhân theo quốc tịch hay đức tin, đánh cắp hàng tỷ USD, lợi dụng tiền mã hóa và buôn người"", Phó giám đốc Cục Điều tra Liên bang Mỹ (FBI) Andrew Bailey ngày 10/6 nói trong cuộc họp báo trực tuyến với các phóng viên quốc tế. Theo FBI, các trung tâm lừa đảo trực tuyến hiện là một trong những mối đe dọa lớn nhất tại châu Á, bên cạnh hoạt động sản xuất và buôn bán ma túy tổng hợp. Nhiều cơ sở được vận hành từ các khu phức hợp lừa đảo quy mô lớn ở Đông Nam Á và có liên hệ với các tổ chức tội phạm xuyên quốc gia. Ông Bailey cho hay các cuộc điều tra của FBI gần đây đã phát hiện những ""mối liên hệ rõ ràng"" giữa các mạng lưới tối phạm gốc Hoa với các ổ lừa đảo hoạt động tại Đông Nam Á và nhiều khu vực trên thế giới. Khi được hỏi về chiến lược đối phó tội phạm lừa đảo trực tuyến xuyên biên giới, ông Bailey cho biết Mỹ muốn nhắm mục tiêu toàn bộ ""hệ sinh thái"" đang dung dưỡng mô hình tội phạm này và những kẻ cầm đầu đứng sau, thay vì chỉ tiến hành các chiến dịch triệt phá từng khu lừa đảo riêng lẻ. ""Chúng tôi ưu tiên điều tra những cá nhân và trung tâm lừa đảo lớn nhất, sử dụng thông tin tình báo để nhận diện mạng lưới ngầm đang dung dưỡng và hưởng lợi từ hoạt động lừa đảo toàn cầu"", ông nói với VnExpress. Ông thừa nhận việc triệt phá từng cơ sở lừa đảo riêng lẻ vẫn cần thiết, nhưng đó chỉ là một phần trong chiến lược lớn hơn nhằm thu thập chứng cứ để bóc gỡ các tổ chức tội phạm lớn hơn, trong đó có những đơn vị phát triển ứng dụng cho mục đích lừa đảo, cũng như những đường dây tuyển dụng theo hình thức ""việc nhẹ lương cao"", để rồi đẩy nạn nhân vào xiềng xích nợ nần. Bộ Tư pháp Mỹ và FBI hồi tháng 10/2025 công bố cáo trạng đối với Chen Zhi, còn được gọi là Vincent, chủ tịch kiêm nhà sáng lập tập đoàn Prince Holding ở Campuchia, cáo buộc ông này điều hành các trại lao động cưỡng bức trên khắp quốc gia Đông Nam Á để tiến hành những vụ lừa đảo tiền điện tử. Theo Bộ Tư pháp Mỹ, tập đoàn Prince Holding thực chất là bình phong cho ""một trong các tổ chức tội phạm xuyên quốc gia lớn nhất châu Á"". Cơ quan này cũng tiến hành vụ tịch thu tài sản lớn nhất trong lịch sử khi thu giữ khoảng 127.271 Bitcoin của Chen Zhi, có tổng giá trị gần 15 tỷ USD theo tỷ giá hiện hành. Chen Zhi bị giới chức Campuchia bắt và bị dẫn độ về Trung Quốc hồi tháng 1. Phó giám đốc FBI nhận định các tổ chức tội phạm đứng sau hoạt động lừa đảo toàn cầu đang nắm giữ nguồn lực tài chính, công nghệ và cơ sở hạ tầng khổng lồ, lợi dụng các lỗ hổng quản trị và những công nghệ mới nổi để mở rộng hoạt động ra quy mô toàn cầu, ""như thể đã có một cuộc cách mạng công nghiệp về lừa đảo"". ""Những tổ chức mafia của thế kỷ 20 có lẽ phải ghen tị với số tiền, nguồn lực, công nghệ và hạ tầng mà các tổ chức lừa đảo sở hữu. Đây là loại hình tội phạm có tổ chức với quy mô lớn chưa từng thấy trên thế giới"", ông nói. Bailey cho hay FBI sẽ tiếp tục phối hợp với các cơ quan thực thi pháp luật trong khu vực Đông Nam Á để truy vết dòng tiền, chia sẻ thông tin tình báo và nhắm tới các đầu mối quan trọng đứng sau mạng lưới lừa đảo xuyên quốc gia. Một trong những cơ chế ứng phó tiêu biểu là mô hình Lực lượng Chống Trung tâm Lừa đảo (SCSF), được thành lập hồi tháng 11/2025 với đầu mối chủ lực tại Thái Lan và đang có nhiều đối tác khu vực. Ông cho biết giới chức Thái Lan hồi tháng trước đã phối hợp với FBI bắt một nghi phạm bị truy nã với cáo buộc lừa đảo công dân Mỹ. Tuần trước, cảnh sát Thái Lan cũng bắt thêm 63 người bị cáo buộc tham gia vào các trung tâm lừa đảo. Ông cho rằng với khả năng điều tra trên quy mô toàn hệ thống, FBI có thể nhận diện, làm suy yếu và cuối cùng là triệt phá các mạng lưới tội phạm thay vì chỉ xử lý những ổ nhóm riêng lẻ. ""Chúng tôi muốn xác định và nhắm tới những tổ chức tội phạm xuyên quốc gia hoạt động mạnh nhất, gây thiệt hại lớn nhất, bằng cách tập trung vào các tác nhân đe dọa chủ chốt và những mắt xích then chốt trong hệ sinh thái tội phạm"", Bailey cho biết. Theo Viện Hòa bình Mỹ, các băng nhóm lừa đảo ở Đông Nam Á chiếm đoạt hơn 43 tỷ USD từ các nạn nhân mỗi năm. Văn phòng Liên Hợp Quốc về Ma túy và Tội phạm hồi tháng 4/2025 cảnh báo ngành công nghiệp lừa đảo trực tuyến đang lan rộng khắp thế giới, gồm cả Nam Mỹ, châu Phi, Trung Đông, châu Âu và một số đảo ở Thái Bình Dương. Thanh Danh",1,spam
Dịch vụ khách hàng annoncility.,1,spam
"Cảm ơn cho đơn đặt hàng nhạc chuông của bạn, số tham chiếu x49.",1,spam
NGHIÊM TÚC.,0,ham
Bạn có muốn một video mới Phone750 bất cứ lúc nào bất kỳ mạng nào,1,spam
Tôi muốn một số vòi nước!,1,spam
Bạn sẽ không tin điều đó nhưng đó là sự thật.,1,spam
LÀM TỐT!,1,spam
Không có cuộc gọi..Messages..missed cuộc gọi,0,ham
Nhiều món ăn truyền thống của Việt Nam tiếp tục được các tạp chí ẩm thực quốc tế vinh danh trong danh sách những trải nghiệm văn hóa không thể bỏ qua tại khu vực Đông Nam Á. Chi tiết xem tại cổng thông tin chính thức.,0,ham
"Xin lỗi, đó là rất nhiều thứ bạn bè, tôi vừa mới nói chuyện với anh chàng thực sự muốn mua",0,ham
Thanx rất nhiều ...,0,ham
Nhưng xin vui lòng không chơi trong cuộc sống của người khác.,0,ham
"Khách hàng Orange, bây giờ bạn có thể yêu cầu nâng cấp điện thoại camera miễn phí của bạn cho lòng trung thành của bạn.",1,spam
"Không phải là tôi biết, hầu hết mọi người ở đây vẫn ra khỏi thị trấn",0,ham
"Vụ chạy thận chết người: Cựu giám đốc bệnh viện bị truy tố từ 3-12 năm tù
Hòa Bình:
Ngày 5/12/2018, VKSND tỉnh Hòa Bình đã hoàn tất bản cáo trạng của vụ án chạy thận làm chết 9 người xảy ra tại Bệnh viện Đa khoa (BVĐK) tỉnh Hòa Bình ngày 29/5/2017.
Theo nội dung bản cáo trạng, bị can Trương Quý Dương – Giám đốc BVĐK tỉnh Hòa Bình, với vai trò là người đứng đầu bệnh viện đã không thực hiện đầy đủ nhiệm vụ được giao, buông lỏng trong công tác quản lý, chỉ đạo, điều hành, thiếu kiểm tra thường xuyên đối với cấp dưới, để cho cấp dưới có những vi phạm nghiêm trọng trong một thời gian dài.
Bị can Trương Quý Dương.
Bị can Dương là người ký quyết định số 175 về việc thành lập Đơn nguyên lọc máu, theo điều 2 của quyết định 175, theo trả lời của Bộ Y tế và Bệnh viện Bạch Mai thì Đơn nguyên lọc máu, khi hoạt động phải có đầy đủ thành phần, nhân lực cần thiết theo quy chế công tác khoa lọc máu nhưng từ khi thành lập Đơn nguyên lọc máu, bị can không bố trí kỹ sư, kỹ thuật viên hoặc cũng không phân công ai làm nhiệm vụ của kỹ sư, kỹ thuật viên để “Kiểm tra chất lượng nước, chất lượng dịch lọc trước, trong và sau khi lọc máu” theo quy định; Từ năm 2014 đến năm 2017 không có quyết định giao người phụ trách Đơn nguyên lọc máu.
Trương Quý Dương đã không chỉ đạo Phòng Vật tư thiết bị y tế xây dựng và ban hành quy định vận hành, bảo quản và kỹ thuật an toàn sử dụng máy; cụ thể là vận hành, bảo quản và kỹ thuật an toàn sử dụng hệ thống RO; Hệ thống RO số 2 thực tế không được giao cho cá nhân quản lý và sử dụng theo quy chế quản lý và sử dụng vật tư thiết bị y tế ban hành kèm theo quyết định 1895 của Bộ Y tế, dẫn đến Đơn nguyên lọc máu tùy tiện sử dụng hệ thống RO sau sửa chữa không chờ kết quả xét nghiệm nước.
“Là người ký các hợp đồng, thanh lý hợp đồng sửa chữa hệ thống RO nhưng bị can Trương Quý Dương không sâu sát trong kiểm tra, không phát hiện Đơn nguyên lọc máu thường xuyên sử dụng hệ thống RO ngay sau sửa chữa, không chờ kết quả xét nghiệm chất lượng nguồn nước để kịp thời chỉ đạo, chấn chỉnh” – nội dung cáo trạng cho biết.
Phó giám đốc bệnh viện buông lỏng quản lý, thiếu kiểm tra đôn đốc
Bị can Hoàng Đình Khiếu – Phó Giám đốc, phụ trách 13 khoa, phòng, trong đó có phòng Vật tư thiết bị y tế và kiêm Trưởng khoa Hồi sức tích cực của BVĐK tỉnh Hòa Bình, với vai trò và trách nhiệm được giao, bị can là người chịu trách nhiệm về chất lượng nước sử dụng trong lọc máu nhưng đã buông lỏng trong công tác quản lý, thiếu kiểm tra đôn đốc, giám sát đối với cấp dưới để xảy ra tình trạng trong một thời gian dài tại Đơn nguyên lọc máu sau khi sửa chữa, bảo dưỡng hệ thống lọc nước RO đều tùy tiện đưa vào sử dụng khi chưa có kết quả xét nghiệm chất lượng nước, chưa nghiệm thu.
Bị can Khiếu là người ký duyệt sửa chữa ngày 20/4/2017, biết rõ nội dung sửa chữa là “Tẩy màng RO và các đường ống của hệ thống”, biết ngày 28/5/2017 sửa chữa RO số 2 và Đơn nguyên lọc máu không có kỹ sư, kỹ thuật viên kiểm tra chất lượng nước, chất lượng dịch lọc trước, trong và sau khi lọc máu nhưng bị can đã không triển khai các biện pháp để đảm bảo chất lượng.
Bị can Hoàng Đình Khiếu.
Ngoài ra, với trách nhiệm theo quy định, bị can Khiếu đã thiếu kiểm tra đôn đốc việc thực hiện nhiệm vụ của lãnh đạo phòng Vật tư thiết bị y tế, không sát sao trong việc kiểm tra, giám sát việc bàn giao hệ thống RO số 2 sau sửa chữa giữa phòng Vật tư thiết bị y tế và Đơn nguyên lọc máu; không phối hợp cùng Trưởng phòng Vật tư thiết bị y tế để kiểm tra an toàn sử dụng RO số 2 sau sửa chữa nên không phát hiện Đơn nguyên lọc máu sử dụng hệ thống RO số 2 sau sửa chữa khi chưa có căn cứ đảm bảo an toàn, chưa nghiệm thu, chưa bàn giao đưa vào sử dụng.
Bị can Trần Văn Thắng – Trưởng phòng Vật tư thiết bị y tế BVĐK tỉnh Hòa Bình, trong quá trình thực hiện nhiệm vụ, trách nhiệm được giao đã buông lỏng, không sâu sát trong công tác quản lý, thiếu kiểm tra đôn đốc, nhắc nhở cấp dưới trong một thời gian dài; không làm hết trách nhiệm trong việc tham mưu, đề xuất với giám đốc ban hành văn bản quy định cụ thể đối với việc quản lý, sửa chữa, sử dụng các thiết bị y tế nói chung và hệ thống RO nói riêng.
Bị can Trần Văn Thắng biết ngày 28/5/2017 sửa chữa hệ thống lọc nước RO số 2 nhưng đã không kiểm tra, đôn đốc việc thực hiện nhiệm vụ của Sơn, dẫn tới Sơn bỏ mặc Bùi Mạnh Quốc thực hiện việc sửa chữa, bảo dưỡng hệ thống lọc nước RO số 2, khi chưa lấy mẫu nước để xét nghiệm theo tiêu chuẩn AAMI đã bỏ mặc cho Đơn nguyên lọc máu sử dụng hệ thống lọc nước RO số 2 không đảm bảo an toàn cho người bệnh. Sáng ngày 29/5/2017, trong buổi giao ban, Sơn báo cáo với bị can là đã sửa xong hệ thống lọc nước RO số 2, nhưng bị can không phối hợp cùng Trưởng khoa Hồi sức tích cực kiểm tra an toàn sử dụng đối với hệ thống RO số 2 để đảm bảo an toàn cho bệnh nhân.
“Bị can Thắng với vai trò là Trưởng phòng Vật tư thiết bị y tế đã không xây dựng quy trình quản lý chất lượng, bảo dưỡng, sửa chữa dẫn đến việc bàn giao sau sửa chữa không rõ ràng” – cáo trạng cho biết.
Bị can Trần Văn Sơn là Kỹ thuật viên trường Cao đẳng y, được tập huấn tại Bệnh viện Bạch Mai và được cấp chứng chỉ về quản lý và bảo dưỡng trang thiết bị y tế. Từ năm 2015, Sơn là viên chức hợp đồng dài hạn công tác tại phòng Vật tư thiết bị y tế Bệnh viện Đa khoa (BVĐK) tỉnh Hòa Bình. Trần Văn Sơn được Trần Văn Thắng – Trưởng phòng giao nhiệm vụ quản lý, sửa chữa thiết bị y tế của Đơn nguyên Lọc máu; là người lập đề nghị mua sắm, sửa chữa, thay thế phụ tùng và trực tiếp trao đổi với Bùi Mạnh Quốc (Giám đốc Công ty TNHH xử lý nước Trâm Anh) sửa chữa, bảo dưỡng hệ thống RO số 2 tại Đơn nguyên lọc máu ngày 28/5/2017. Trong quá trình Quốc thực hiện sửa chữa RO số 2, Sơn đã không có mặt, không theo dõi, giám sát việc sửa chữa; chỉ trao đổi với Bùi Mạnh Quốc qua điện thoại vào chiều 28/5/2017.
Từ trái qua phải: Bị cáo Hoàng Công Lương, Trần Văn Sơn, Bùi Mạnh Quốc.
""Sơn biết rõ Quốc chưa lấy mẫu nước đi xét nghiệm, nhưng sáng ngày 29/5/2017 khi có mặt tại Đơn nguyên lọc máu Sơn vẫn để mặc cho Đơn nguyên lọc máu đưa hệ thống RO số 2 vào sử dụng, dẫn đến hậu quả đặc biệt nghiêm trọng"" - cáo trạng cho biết.
Với các tài liệu, chứng cứ có trong hồ sơ, đủ căn cứ truy tố bị can Trương Quý Dương, Hoàng Đình Khiếu, Trần Văn Sơn, Trần Văn Thắng về tội “Thiếu trách nhiệm gây hậu quả nghiêm trọng” quy định tại Khoản 2, Điều 285 BLHS năm 1999, với khung hình phạt từ 3-12 năm tù.
Nguyễn Dương",0,ham
Dunno lei anh neva nói ...,0,ham
1Apple/day = Không có bác sĩ.,0,ham
"Đối tượng lừa đảo giả danh công an phường hướng dẫn cài đặt ứng dụng Dịch vụ công trực tuyến giả mạo (file .apk). Khi cài đặt, ứng dụng chứa mã độc tự động chiếm quyền điều khiển điện thoại và rút sạch tiền ngân hàng. Nạn nhân nên trình báo cơ quan công an gần nhất.",1,spam
Ya vừa mới.,0,ham
Ì đã nhận được những gì để mua cho chúng tôi sau đó Ì_ không cần phải vào lại.,0,ham
"Nhận 3 Lions England Tone, Trả lời Lionm 4 Mono hoặc Lionp 4 Poly.",1,spam
"Nghĩ lại một chút suy nghĩ: 'Tốt hơn là tán tỉnh, tán tỉnh n tán tỉnh, thay vì yêu ai đó và bị tổn thương, tổn thương và tổn thương ... :-) Chúc ngủ ngon",0,ham
Dip's Cell đã chết.,0,ham
Ở đâu @,0,ham
"'Thần dược' mùa đông
 Đây chính là ""thần dược"" mùa đông giúp chữa bách bệnh mà nhiều người đang thờ ơ!
 
 Su hào hay xu hào (từ tiếng Pháp: chou-rave, danh pháp hai phần: Brassica oleracea nhóm Gongylodes) là một giống cây trồng thân thấp và mập của cải bắp dại, được chọn lựa vì thân mập, gần như có dạng hình cầu, chứa nhiều nước của nó. Su hào được tạo ra từ quá trình chọn lọc nhân tạo để lấy phần tăng trưởng của mô phân sinh ở thân, mà trong đời thường được gọi là củ. Nguồn gốc tự nhiên của nó là cải bắp dại.
 
 Mùi vị và kết cấu của su hào là tương tự như của thân cải bông xanh hay phần lõi của cải bắp (cả hai loại này là cùng loài với su hào, nhưng khác nhóm giống cây trồng), nhưng nhẹ hơn và ngọt hơn, với tỷ lệ phần cùi thịt/vỏ cao hơn. Ngoại trừ nhóm giống Gigante, thì các giống su hào trồng vào mùa xuân ít khi có kích thước trên 5 cm, do chúng có xu hướng bị xơ hóa, trong khi đó các giống trồng vào mùa thu lại có thể có kích thước trên 10 cm; giống Gigante có thể có kích thước lớn hơn mà vẫn giữ được chất lượng tốt để ăn.
 
 
 Giúp thai nhi phát triển tốt hơn
 
 Các vitamin và khoáng chất có trong su hào như selen, axit folic, kali, magiê… giúp bổ sung dưỡng chất cho quá trình mang thai tốt hơn, hoạt động não bộ, hệ thần kinh của trẻ khỏe hơn.
 
 Tăng cường hệ miễn dịch: Su hào là một trong những thực phẩm giàu vitamin C nhất. Thời tiết giao mùa, cơ thể có khả năng nhiễm một số bệnh như sốt, cảm cúm, ho, viêm họng…
 
 Nên bổ sung lượng su hào trong bữa ăn giúp tăng cường hệ miễn dịch, tăng khả năng phòng tránh bệnh tốt hơn.
 
 
 Bài thuốc chữa bệnh từ su hào
 
 Chữa viêm loét dạ dày, hành tá tràng: củ su hào 30g, lá cây thuốc bỏng (sống đời) 30g. Hai thứ giã nhỏ, thêm nước, vắt lấy nước cốt uống.
 
 Hoặc thường xuyên ăn su hào, dùng su hào chế biến các món ăn khác nhau cũng có tác dụng hỗ trợ trị liệu.
 
 Chữa âm nang (tinh hoàn sưng to): Dùng su hào, thương lục thái lát, giã nhuyễn đắp ngoài.
 
 Chữa đờm tích: Dùng lá su hào nấu với dầu vừng, ăn và uống cả nước.
 
 
 Giảm cân, chữa béo phì: su hào chứa nước và chất xơ, ít chất béo hòa tan, không cholesterol nên là thực phẩm lý tưởng của người bị béo phì hoặc muốn giảm cân, phòng chống bệnh tim mạch và đột quỵ.
 
 Thanh Thu (TH)/Khoevadep",1,spam
"Ngày 11/8, bà Hạnh, 45 tuổi, dự kiến bị TAND Hà Nội xét xử về tội Lừa đảo chiếm đoạt tài sản. Bị cáo có tiền án về tội Truy cập bất hợp pháp vào mạng máy tính, mạng viễn thông, mạng Internet hoặc thiết bị số của người khác. Trong vụ lừa đảo này, hành vi của Hạnh lọt tầm ngắm cơ quan điều tra từ 2023 khi nhiều người gửi đơn tố giác. Tập đoàn Mỹ Hạnh hoạt động từ 2017, dù nhiều cổ đông song thực tế chỉ là ""cho mượn"" tên. Mọi hoạt động kinh doanh đều do bị cáo điều hành. Tháng 8/2020, Hạnh tổ chức loạt hội thảo quảng bá về các dự án trồng, chăm sóc sâm Ngọc Linh tại Kon Tum và Quảng Nam. Để tạo niềm tin cho nhà đầu tư, bà Hạnh dùng các hình ảnh ký kết hợp đồng với đối tác nước ngoài, trưng bày các bằng khen và các video, hình ảnh chụp chung với người có địa vị. Bị cáo kêu gọi góp vốn qua 3 loại hợp đồng: Chuyển nhượng cổ phần; Hợp tác đầu tư trồ ng sâm Ngọc Linh và Hợp đồng vay vốn; cam kết trả lợi nhuận đến 48% mỗi năm và được trả lãi định kỳ hàng tháng cho đến khi hết hạn hợp đồng. Được trả lãi cao, các bị hại tin tưởng và tiếp tục nộp tiền. Nhưng thực chất, VKS cáo buộc Hạnh lấy tiền của người sau trả người trước để duy trì niềm tin, kéo dài vụ lừa đảo. VKS xác định bằng thủ đoạn trên, gian đoạn 2020-2023, bà Hạnh ký hơn 3.600 hợp đồng với 1.213 nhà đầu tư, thu 1.279 tỷ đồng. Trong đó, bị cáo đã trả 441 tỷ đồng tiền gốc cho 814 nhà đầu tư, trả lãi 164 tỷ đồng cho 1.053 người và tặng kèm voucher 34 tỷ đồng. Hiện, 1.093 nhà đầu tư chưa được tất toán, tổng tiền hơn 850 tỷ đồng. Mạnh tay chi hoa hồng cho trung gian Hạnh bị xác định đã thiết lập một hệ thống các trưởng nhóm trung gian môi giới để tìm kiếm ""nạn nhân"" mới. Bị cáo đưa ra chính sách trả hoa hồng trực tiếp cho trung gian 3-12% giá trị mỗi hợp đồng ký kết thành công. Tổng số tiền hoa hồng đã chi trả cho hệ thống trung gian lên tới hơn 158 tỷ đồng. Điển hình là trường hợp của trung gian Phạm Thanh Tùng, người đã môi giới cho 740 nhà đầu tư ký 2.422 hợp đồng, nhận về số tiền hoa hồng lên tới hơn 98 tỷ đồng. Đa số các trung gian ban đầu cũng là những nhà đầu tư, sau đó thấy lãi suất được trả đúng hạn nên giới thiệu cho người thân, người quen tham gia để hưởng lợi nhuận từ hoa hồng. Nhà chức trách cáo buộc, tiền thu lợi được bị cáo Hạnh rút ra tiêu riêng, trong đó 125 tỷ đồng đặt cọc và mua nhiều bất động sản tại trung tâm Hà Nội, Quảng Ninh, Phú Quốc cùng hai xe sang. Tùng hiện vắng mặt ở nơi cư trú và chưa xác định được tung tích. Cơ quan chức năng chưa đủ căn cứ để xem xét xử lý trong vụ án này. Hải Thư",1,spam
Né gấp thủ đoạn này: Thủ đoạn mạo danh nhân viên ngân hàng gọi điện hỗ trợ nâng hạn mức tín dụng hoặc mở thẻ tín dụng online. Đối tượng gửi đường link giả mạo yêu cầu nhập mã OTP và thông tin tài khoản để chiếm đoạt tiền. Hãy chia sẻ cho người thân cùng biết.,1,spam
"Xin lỗi, tôi sẽ gọi sau & lt;#& gt;",0,ham
Bạn miễn phí trên sat nghi thức?,0,ham
"Theo báo cáo của Liên Hợp Quốc được công bố tháng trước, thiệt hại do các vụ lừa đảo trực tuyến xuyên quốc gia tại khu vực châu Á - Thái Bình Dương đã tăng gấp ba so với năm 2023, lên 114 tỷ USD vào năm ngoái. Báo cáo cho rằng mức tăng này bắt nguồn từ ""một nền kinh tế tội phạm ngày càng liên kết chặt chẽ, xuyên quốc gia và tinh vi về công nghệ"", trong đó các băng nhóm chia sẻ với nhau kinh nghiệm rửa tiền, buôn người và thu thập dữ liệu. Các đường dây lừa đảo trực tuyến dựa vào lao động bị mua bán, các khu phức hợp được canh gác và những trung tâm lừa đảo quy mô lớn hoạt động như tổng đài có thể sớm trở nên nguy hiểm hơn khi tội phạm lợi dụng AI tự chủ (AI có khả năng tự chủ thực hiện chuỗi nhiệm vụ để đạt mục tiêu, thay vì chỉ trả lời từng yêu cầu riêng lẻ của con người) để tự động hóa một số hoạt động lừa đảo. Khác với những cách sử dụng AI trước đây như viết kịch bản, dịch tin nhắn hoặc tạo deepfake, các hệ thống AI tự chủ có thể tự thực hiện nhiều nhiệm vụ liên tiếp với rất ít sự can thiệp từ con người. Điều này làm tăng khả năng xảy ra những vụ lừa đảo nhanh hơn, ít chi phí, được cá nhân hóa và khó bị cơ quan chức năng truy vết hơn. Jonno Newman, chuyên gia về tội phạm mạng tại TRM Labs, nền tảng chuyên phân tích và truy vết dữ liệu blockchain, cho rằng mức độ phức tạp của các đường dây lừa đảo trong khu vực có thể tăng theo cấp số nhân khi tội phạm tìm ra cách khai thác AI tự chủ một cách hiệu quả. Theo Newman, các băng nhóm đã bắt đầu đầu tư mạnh vào việc đào tạo các tác nhân AI tự chủ, biến chúng thành những công cụ có khả năng tận dụng lượng dữ liệu được các mô hình ngôn ngữ lớn thế hệ trước tích lũy qua nhiều năm để nhắm mục tiêu tới nhiều nạn nhân bằng nhiều ngôn ngữ. ""Thay vì một người, họ có thể sử dụng một bot làm công việc của 10 người. Khi đó, họ không còn cần 'pháo đài' quy mô lớn nữa, đường dây lừa đảo có thể được thiết lập và vận hành từ bất cứ đâu thông qua hình thức từ xa. Quy mô và phạm vi tiếp cận của các đường dây lừa đảo do AI vận hành sẽ rất lớn. Nó sẽ trở thành đại dịch"", Newman nói. Các hoạt động như vậy đã bắt đầu phi tập trung hóa, khi giới chức tại nhiều nước trong khu vực, từ Malaysia, Trung Quốc đến Philippines, bắt giữ hàng chục người bị cáo buộc làm việc cho trung tâm lừa đảo ngay tại nơi họ sinh sống, thay vì ở các hang ổ khét tiếng tại Myanmar hay Campuchia. Theo Newman, việc tội phạm lừa đảo chuyển sang sử dụng AI tự chủ có thể khiến chính phủ và các cơ quan chức năng bị động, bởi những hiểu biết hiện tại của họ về cách thức hoạt động của các đường dây lừa đảo có thể nhanh chóng trở nên lỗi thời. ""Trước đây, chẳng hạn trong những vụ lừa đảo qua điện thoại, bạn có thể dễ dàng nhận ra dấu hiệu điển hình, như khi kẻ lừa đảo nói không thể bật video vì camera bị hỏng. Giờ đây, AI có thể tạo ra những deepfake cực kỳ thuyết phục, đồng thời theo dõi bối cảnh và lai lịch của nạn nhân như nơi họ sống, thậm chí cả thói quen của họ"", chuyên gia này cho hay. Newman cho rằng xu hướng này không đồng nghĩa cơ quan chức năng hoàn toàn không có cách đối phó, nhưng họ cần đẩy nhanh việc ứng dụng AI để phát hiện và vô hiệu hóa đường dây lừa đảo trực tuyến. Ông nhấn mạnh các quốc gia cũng cần tăng cường hợp tác xuyên biên giới giữa chính phủ và khu vực tư nhân để cắt đứt các nguồn lực của những đường dây lừa đảo đã được xác định hoặc bị nghi ngờ, như kết nối Internet và nguồn điện. ""Hợp tác, quan hệ đối tác giữa khu vực công và tư là yếu tố sống còn, nếu không chúng ta sẽ không thể theo kịp các vụ lừa đảo sử dụng AI tự chủ. Quan trọng là cách chúng ta sử dụng công nghệ để phòng vệ"", Newman kết luận. Huyền Lê (Theo SCMP, AFP)",1,spam
"Ngày 22/4, trong phiên xét xử thứ hai, TAND tỉnh An Giang tiếp tục xét hỏi các bị hại, tập trung làm rõ hành vi của nguyên trưởng Công an Phú Quốc Lê Văn Mót và ""em gái nuôi"" Nguyễn Thị Hằng về tội Lừa đảo chiếm đoạt tài sản. Riêng Hằng bị truy tố thêm tội Rửa tiền. Ông Mót bị cáo buộc năm 2018-2023, dù biết các thửa đất là đất rừng, đất Nhà nước quản lý, không thể cấp giấy chứng nhận nhưng vẫn giới thiệu ""em gái nuôi"" ký hợp đồng ""làm sổ đỏ"", mua bán đất. Thực tế, cả hai không có khả năng thực hiện nhưng vẫn đưa thông tin sai sự thật nhằm chiếm đoạt gần 68 tỷ đồng. Bị hại nói 'mọi giao dịch đều từ ông Mót' Khai trước tòa, bị hại Hồ cho biết toàn bộ giao dịch mua bán đất, nhận làm sổ đỏ đều xuất phát từ ông Mót. Việc ký hợp đồng với Hằng cũng do ông này chỉ định. Tin tưởng, ông thậm chí chuyển tiền mua đất mà không biết vị trí cụ thể, nghĩ đó là ""đất của Trưởng công an Phú Quốc"". Ngoài ra, ông Hồ còn nhờ Mót kiểm tra tính pháp lý một thửa đất dự định mua tại Bãi Trường. Mót yêu cầu chuyển giấy tờ cho Hằng kiểm tra. Khi nhận được phản hồi ""làm được sổ"", Mót nhắn số tài khoản để ông Hồ chuyển 500 triệu đồng đặt cọc và dặn ""còn lại chuyển cho Hằng"". ""Từ đó về sau tôi chuyển tiền cho Hằng rồi báo lại cho anh Mót qua tin nhắn. Anh nhắn lại - ok em"", ông Hồ khai. Tương tự, bị hại Thái cho biết khi nhờ Mót và Hằng làm sổ đỏ, cả hai từ chối do diện tích không đủ, nói chỉ nhận từ một ha trở lên. Vì vậy, ông Thái rủ thêm bạn bè có đất ở Phú Quốc để làm cùng. Sau nhiều lần chuyển tiền cho Hằng nhưng chỉ nhận được lời hứa hẹn, ông đã tố giác đến công an. 'Em gái nuôi' khai làm theo chỉ đạo, ông Mót phủ nhận Trước đó, Hằng khai quen các bị hại thông qua ông Mót. Với bà Trần (bị chiếm đoạt gần 22 tỷ đồng), Hằng cho biết lần đầu gặp tại một khách sạn để ký hợp đồng làm sổ đỏ. Theo lời khai, dù không có mặt tại buổi ký kết, ông Mót vẫn chỉ đạo từ xa qua điện thoại, yêu cầu ký hợp đồng ""đúng giá 380 triệu đồng mỗi 1.000 m2"". Cuối buổi giao dịch, Mót gọi Hằng hỏi mượn một tỷ đồng nhưng bà không có. Khi đó, bà Trần đứng gần, biết việc nên gọi trực tiếp cho ông. ""Sau cuộc gọi, bà ấy xin số tài khoản của tôi, muốn thông qua tôi chuyển cho anh Mót 800 triệu đồng"", Hằng khai. Hằng cho biết tin tưởng Mót do có quan hệ tình cảm. Bà nhiều lần nhận tiền thay rồi chuyển lại theo yêu cầu. ""Anh Mót thường cầm điện thoại của tôi, nhắn tin cho các bị hại, sau đó anh xóa hết tin nhắn"", Hằng nói. Trong khi đó, ông Mót bác bỏ cáo buộc cùng Hằng lừa đảo. Ông khai có giới thiệu khách hàng cho bà Hằng, chỉ người quen mua đất tại Phú Quốc, song không hưởng lợi. Với các khoản chuyển vào tài khoản mang tên mình, ông giải thích do ""anh em chơi thân có số tài khoản của nhau"", bị hại tự chuyển để ""tăng độ tin cậy"" cho giao dịch với Hằng. Theo HĐXX, lời khai của hai bị cáo có mâu thuẫn; vụ án còn nhiều vấn đề chưa được làm rõ, trong đó có bản chất dòng tiền chiếm đoạt... nên quyết định trả hồ sơ cho VKS để điều tra bổ sung. Ngọc Tài",1,spam
"Các trường đại học đẩy mạnh hợp tác với doanh nghiệp nhằm nâng cao chất lượng đào tạo thực hành, tạo điều kiện cho sinh viên có việc làm ngay sau khi tốt nghiệp. Sự việc đang thu hút sự chú ý của dư luận.",0,ham
Và bất cứ khi nào bạn và tôi thấy chúng ta vẫn có thể kết nối.,0,ham
"Bí mật động trời mà không một nhân viên khách sạn nào dám nói cho bạn biết
Đảm bảo bạn sẽ shock khi biết những bí mật được giấu nhẹm đi này mỗi lần ghé chân tới khách sạn.
Khách sạn, nhà nghỉ… là một phần không thể thiếu trong những chuyến di du lịch. Tuy nhiên, mỗi khách sạn đều ẩn chứa bí mật mà nếu nắm được “chìa khóa” này, bạn có thể tiết kiệm được kha khá tiền và tận hưởng trọn vẹn kỳ nghỉ của mình tại đó. Dưới đây là một số tổng hợp từ các khách sạn trên thế giới:
1. Giá phòng có thể giảm chỉ còn một nửa
Khách sạn luôn sẵn sàng cho khách thuê căn phòng trống cuối cùng với giá rất rẻ, tuy nhiên họ sẽ không bao giờ công khai điều này bởi biết đâu lại có 1 vị khách nào đặt phòng với giá công bố vào phút cuối.
Vì thế, bạn cứ nên khảo sát giá phòng trước khi quyết định. Ngoài ra, có 1 bí quyết nữa giúp bạn đặt được phòng giá rẻ, đó là hãy đặt sau 6 giờ chiều.
2. Bạn hoàn toàn có thể trả giá khi đặt phòng
Các khách sạn phải trả phí cho hệ thống, trang web đặt phòng trực tuyến 1 khoản tiền hoa hồng lên đến 30%.
Vì thế, nếu bạn đã ưng khách sạn nào, có thể gọi điện trực tiếp đến lễ tân để trao đổi. Rất có thể, bạn sẽ được giảm giá rất nhiều, đặc biệt là 1 khách sạn nhỏ, tư nhân nào đó.
3. Khách sạn nào cũng có dịch vụ miễn phí
Trước khi check in, bạn nên hỏi khách sạn về những dịch vụ mà mình có thể nhận được. Đa số khách sạn cung cấp miễn phí wifi, nước đóng chai, máy sấy tóc… Ngoài ra, bạn cũng có thể sử dụng dịch vụ bơi, phòng tập gym, xông hơi… miễn phí nếu khách sạn có.
Bên cạnh đó, khách sạn cũng có thể giúp bạn đặt bàn ở nhà hàng, gọi taxi, hay đánh thức bạn vào giờ cố định mà bạn muốn. Không những thế, các nhân viên cũng vui lòng khi phục vụ bữa sáng tận phòng cho bạn.
4. Phòng nghỉ không phải lúc nào cũng sạch như bạn tưởng
Chắc chắn bạn không phải là người đầu tiên “bóc tem” cho căn phòng này, vì thế hãy để ý tới những món đồ mà ít được sử dụng ví dụ như chiếc drap trang trí trên giường chẳng hạn. Hãy gấp nó và cất vào tủ. Hay như chiếc ly để uống rượu, sẽ có rất ít khách dùng đến vật này nên nó thường bị bỏ qua, không thay mới khi nhân viên dọn phòng.
5. Không phải phòng nào cũng giống phòng nào
Lễ tân có thể nói với bạn rằng: “Phòng nào cũng giống nhau” nhưng sự thật lại hoàn toàn khác.
Jacob Tomsky – một người từng làm việc trong ngành khách sạn nhiều năm đã chia sẻ những bí mật trong khách sạn tại 1 cuốn sách của mình. Ông cho hay: “Các phòng đều có sự khác biệt: phòng này view đẹp hơn, phòng tắm phòng khác sẽ tốt hơn, TV ở phòng nọ chất lượng hay phòng nằm trong góc cũng sẽ rộng rãi hơn… Vì thế, bạn nên trò chuyện với lễ tân 1 chút để được tư vấn phòng chất lượng cũng như tiện ích đi kèm phù hợp nhất”.
6. Những tư vấn quán ăn của lễ tân chỉ nên để tham khảo
Lễ tân hay quản lý khách sạn thường tư vấn cho bạn những địa điểm ăn uống, tham quan tới những nơi đã được thỏa thuận trả hoa hồng nếu giới thiệu khách đến.
Mặc dù chỗ này đồ ăn không thực ngon nhưng giá cả thì khá cao. Để tránh rơi vào trường hợp “dở khóc dở cười”, bạn nên tham khảo quán ăn trên mạng hay hỏi bạn bè trước.
7. Càng phàn nàn càng có lợi
Nếu có cơ hội, bạn hãy cứ phàn nàn về những dịch vụ mà khách sạn còn thiếu sót hay hàng xóm ồn ào… Bởi các khách sạn luôn không muốn bị hạ điểm đánh giá nên sẽ tìm cách để bù đắp cho bạn bằng cách giảm giá hay bổ sung dịch vụ miễn phí.
Tuy nhiên, bạn nên nói nhẹ nhàng, lịch sự và trao đổi với người có thể giải quyết vấn đề giúp bạn.",1,spam
"Trước hết, tôi viết bài này với mong muốn không còn ai bị lừa giống tôi nữa. Tôi có một khoản nợ khoảng 270 triệu đồng, muốn vay tín chấp theo lương. Với mức lương của tôi, các ngân hàng thường chỉ cho vay tối đa 90 triệu đồng. Vì lòng tham, bị nợ dí đến tận cổ nên suy nghĩ của tôi không còn được minh mẫn, tỉnh táo như mọi lần. Chuyện là tôi tìm kiếm trên mạng xã hội (cụ thể là Facebook), có một người nói rằng với khoản lương và hợp đồng lao động của tôi có thể cho vay số tiền tôi mong muốn. Tất cả các câu hỏi của họ rất giống với người cho vay uy tín: hỏi về 3 tháng lương gần nhất, hợp đồng lao động, điểm tín dụng..., nói chung là lừa đảo khá chuyên nghiệp. Lúc đầu tôi cũng nghi, rồi vì khoản nợ nên tôi mù quáng mà tin tưởng vào những lời nói đó, tôi nghĩ nếu không bị nợ nần cũng không tin như vậy. Đầu tiên họ sẽ yêu cầu cung cấp căn cước công dân, hình ảnh lương 3 tháng gần nhất, hình ảnh về điểm CIC, hình ảnh về hợp đồng lao động. Sau đó họ sẽ tư vấn với mức lương của tôi có hạn mức tín dụng bao nhiêu? Họ sẽ mời chào khoản vay ưu đãi do bên ngân hàng bạn đang dùng, bảo là bên đó đang chạy chỉ tiêu, đâu đó khoảng 0,8% một tháng, còn là lãi cố định (như vậy đã là khá vô lý trong khi hiện tại ngân hàng cho gửi tiết kiệm gần tới khoản đó rồi). Tôi phải nói với các bạn đang trong trạng thái nợ nần, khủng hoảng tài chính giống tôi như này: Hành vi này chắc chắn là lừa đảo, không có ngân hàng nào cho vay với lãi suất gần ngang với lãi gửi tiết kiệm như vậy cả. Khi vay tôi cũng tham khảo các bên khác, nhưng vẫn đồng ý là vì nợ dí nên sự mù quáng càng đẩy lên cao. Sau khi cho biết khoản vay với số tiền đó (thật ra bạn có vay lên một tỷ đồng với mức lương 5 triệu đồng) họ vẫn cho vay. Vì mục đích của họ là nhắm vào số tiền còn lại trong tài khoản của bạn. Họ sẽ yêu cầu vào tài khoản ngân hàng trên điện thoại, sau đó từng bước một cho đến mục vào cái thẻ ghi nợ, chụp lại cho họ và che đi những thứ không cần tiết lộ với họ. Đến bước này, họ sẽ bảo có cấp trên thẩm định và duyệt vay khoản này. Chính người tư vấn sẽ bảo là hồ sơ của mình sẽ được duyệt giải ngân rất cao (mà thật ra ai cũng vậy). Lúc này sẽ có một người điện đến cho các bạn, nói một tràng dài để xác định mình là chính chủ. Sau khi nói để thuyết phục, họ sẽ bảo bạn rằng để giải ngân được khoản vay 270 triệu đồng này, sẽ cần tôi cung cấp mã OTP gửi từ SMS. Lúc này là lúc tôi quá chủ quan, không đủ tỉnh táo để nghĩ rằng đã là ngân hàng thì cái gì họ chẳng nắm được, đằng này lại đòi OTP gửi về máy mình làm gì. Họ sẽ giải thích rằng để giải ngân khoản vay 270 triệu đồng này, tôi cần phải đưa cho họ mã OTP trong SMS. Người chủ quan hoặc đơn giản như tôi sẽ đọc mã luôn cho họ. Thực chất điều các bạn cần làm ở đây là mở tin nhắn đó lên, cú pháp tin nhắn sẽ là như này: ""Mã OTP của quý khách là..., số tiền là... (thường số tiền này gần bằng hoặc bằng với số tiền bạn hiện có trong tài khoản), đề nghị không cung cấp OTP này cho người lạ (các bạn phải nhớ kỹ và luôn lưu ý cái này). Nếu các bạn hỏi rằng tại sao nó lại bảo không gửi OTP cho người lạ. Bên tư vấn lừa đảo kia sẽ bảo họ cần số tiền mà OTP gửi cho bạn để nâng hạng tín dụng của bạn lên. Vì vậy cần số tiền này để nâng hạng tín dụng. Lúc này cũng vì nợ cần phải trả nên tôi đã ngu dốt mà tin tưởng vào, rồi nói cho họ mã OTP. Ngay tức thì khoản tiền hơn 20 triệu đồng trong tài khoản của tôi bốc hơi. Sau đó điện lại cho ""bên lừa đảo"", nó bảo em cần khoản này để nâng hạng tín dụng cho anh. Nó lại định lừa tôi tiếp bằng cách sau: ""Anh cần có 10 triệu trong tài khoản để có thể tiếp tục khoản vay 270 triệu đồng này"". Lúc này tôi đã biết mình bị lừa rồi. Nó bảo anh chỉ cần để 10 triệu đồng trong tài khoản là em sẽ giải ngân cho anh khoản vay 270 triệu đồng và trả lại cho anh khoản vay 20 triệu đồng kia ngay. Tổng số tiền sẽ là 290 triệu gửi về tài khoản anh. Với những người có kinh nghiệm, tâm lý vững vàng sẽ không bị lừa ngay từ đầu như tôi. Như tôi bị mất 20 triệu đồng kia là biết mình bị lừa rồi. Tôi tắt máy luôn và khóa tài khoản lại, tức là chỉ cần tôi chuyển 10 triệu đồng vào tài khoản là sẽ bốc hơi luôn, không biết sẽ như thế nào nữa. Hiện tại tôi không biết chuyển thêm tiền sẽ bị mất luôn hay không, tôi sợ tháng sau lương chuyển vào tài khoản sẽ không cánh mà bay. Mong được các bạn chia sẻ. Như Ngọc",1,spam
"Né gấp thủ đoạn này: Cảnh báo chiêu trò lừa đảo lập trang web, fanpage giả mạo các hãng hàng không bán vé máy bay giá rẻ. Người dân chuyển tiền xong thì không nhận được vé và bị chặn mọi liên lạc. Mọi người tuyệt đối không làm theo!",1,spam
S :-) Kallis sẽ không chơi trong hai ODI đầu tiên :-),0,ham
Họ đã phát hành áo Vday và khi bạn đặt nó lên nó làm cho nửa dưới của bạn trần truồng thay vì những bộ đồ lót màu trắng.,0,ham
Mẹ Prasanth Ettans của chúng tôi đã qua đời đêm qua.,0,ham
"Đứng bán nem chua rán, gái xinh khiến dân mạng tá hỏa vì “dụng cụ nguy hiểm” đặt ngay dưới vòng 1
Thanh niên đằng sau thấy rồi mà không ra cứu người ta đi mà đứng đó làm gì?
Hóa ra “dụng cụ nguy hiểm” dưới vòng 1 căng đầy của hot girl ném chua rán chính là chiếc kéo nhọn, nếu không cẩn thận sẽ có thể gây thương tích.
Thanh niên số nhọ nhất ngày hôm nay!
Lẩu băng chuyền Made in Việt Nam.
Có người chồng tâm lý thế này cần gì tặng quà các chế nhỉ!
Áo đôi hot nhất mùa “Vang-lung-tung”.
Tối nay thánh nào lập đàn cầu mưa điểm danh.
Xem thêm: Không phải iPhone hay hàng hiệu, đây mới là những món quà “Va-lung-tung” độc nhất vô nhị của các thánh troll Việt Nam
Không chê anh nghèo lên xe anh đèo!
Em cắt “quả” đầu này xong “gấu chó” đòi chia tay luôn các bác ạ!
Vì một lễ Tình nhân không cô đơn!
Sen ơi Boss tặng Sen trái tim này!!!
Đỉnh cao thuật phân thân ngày Tình nhân là đây!",1,spam
Bán nam tháng một!,1,spam
"Ngày 6/1, Cơ quan Cảnh sát điều tra Công an tỉnh Thanh Hóa khởi tố bị can Quân, trú phường Ngọc Sơn và vợ là Bùi Thị Linh, 31 tuổi, để điều tra hành vi Cưỡng đoạt tài sản. Theo điều tra, chiều 28/12/2025, Công an xã Hoằng Châu nhận tin báo của ông Nguyễn, ở thôn Chung Sơn về việc có một người đàn ông tự xưng Nguyễn Quốc Hoàng, cán bộ Phòng Cảnh sát hình sự Công an tỉnh Thanh Hóa, đến nhà làm việc với lý do vợ ông đang vi phạm pháp luật. Người này dùng lời lẽ đe dọa nhằm chiếm đoạt tài sản của gia đình. Công an xã Hoằng Châu tổ chức xác minh và bắt giữ người giả danh. Tại cơ quan công an, nghi can khai tên thật là Ngô Đức Quân. Quân thừa nhận do cần tiền tiêu xài cá nhân nên nảy sinh ý định giả danh cán bộ công an để uy hiếp tinh thần gia đình ông Nguyễn, đòi tiền. Trước khi gây án, Quân đặt mua trên mạng một chứng minh Công an nhân dân giả mang tên Nguyễn Quốc Hoàng. Khoảng 15h ngày 28/12/2025, Quân mang theo giấy tờ giả đến nhà ông Nguyễn. Trước đó đã bàn bạc với vợ là Bùi Thị Linh qua điện thoại và được người này hướng dẫn cách đe dọa nhằm buộc gia đình nạn nhân đưa tiền để ""được bỏ qua lỗi vi phạm"". Tuy nhiên, hành vi chưa thực hiện trót lọt thì bị phát giác. Lê Hoàng",1,spam
Tôi nhận thấy bạn thích nhìn vào tấm gương shit bạn đang biến thành một kẻ lập dị bên phải,0,ham
"Lấy chồng thực vật, 35 tuổi vẫn còn zin, 1 đêm chăm chồng mệt quá vợ ngủ thiếp đi, lúc tỉnh dậy thì hốt hoảng khi thấy…
Trang đã từng yêu vài người, nhưng lần nào chia tay người cô cũng đầy vết thương, cả bên ngoài lẫn bên trọng. Chỉ vì cô không chịu cho họ cái ngàn vàng của mình mà họ sẵn sàng chia tay. Vì thế, Trang căm thù bọn đàn ông thấu xương.
Đã định ở vậy đến già nhưng bố mẹ cô lại không cho phép, họ ép cô lấy chồng cho bằng được thì mới yên tâm nhắm mắt. Trang bất cần “thôi thì, cưới ai cũng được, chỉ là lấy chồng cho hết nhiệm vụ thôi mà.”
Sau đó, không để bố mẹ chờ lâu, Trang cưới ngay 1 anh chồng. Nhưng anh ta lại là người sống thực vật hơn nửa năm nay. Bố mẹ thắc mắc thì Trang cười nói:
-Vì con yếu anh ấy, sống thực vật còn hơn khối kẻ lành lặn.
Quả thật, về nhà này làm dâu ngoài sức tưởng tượng của Trang. Cô không nghĩ 1 người chồng thực vật có thể mang đến cho cô nhiều thứ đến thế.
Ban đầu, cô mất niềm tin vào đàn ông, nên đối xử với chồng không ra gì. Nhưng anh ta thì vẫn tươi cười niềm nở với Trang. 1 lần, nghe mẹ chồng kể vì sao anh ta bị rơi vào tình trạng này, Trang lại có cái nhìn khác về chồng, mẹ chồng đến giờ kể lại vẫn rưng rưng nước mắt:
-Ngày đó, nó yêu con bé kia hơn 6 năm, 1 lần vì cứu người yêu khỏi tai nạn mà nó đã ra nông nỗi này. Thế nhưng, từ ngày đó con bé kia cũng bặt vô âm tín.
Trang nghe vậy thì buột miệng:
-Sao anh ta ngu thế??
Biết mình nói hớ Trang vội vã lảng sang chuyện khác:
-Thôi để con đi nấu cơm.
Nhưng lại bị mẹ chồng cản ngay:
-Để mẹ nấu cho, con cứ lên nhà nghỉ ngơi đi, xem chồng thế nào.
Trang vâng lời đi lên gác. Đúng là từ ngày về làm dâu, Trang chưa phải nấu bữa cơm nào, cô được sống trong căn biệt thự cả nghìn mét vuông, tiền tiêu không phải nghĩ lại được bố mẹ chồng yêu thương còn hơn con đẻ. Vì thế, cô cũng coi họ như bố mẹ đẻ và hết lòng chăm sóc người chồng đau ốm không quản ngày đêm.
Suốt 3 tháng trời, Trang vẫn tự tay bón từng thìa cháo, lấy từng viên thuốc cho chồng. Việc vệ sinh của chồng cô cũng bảo mẹ giao lại cho mình. Không như vẻ ngoài bất cần thường thấy, khi chăm sóc chồng, Trang lại vô cùng dịu dàng.
Nhưng 1 thời gian sau đó, khi Trang đi chơi với hội bạn, chúng nó nói rằng, có tiền và chồng bất lực cũng vứt đi. Xem chúng nó dẫn người yêu tay trong tay Trang lại càng buồn rầu.
Tối đó, cô về nhà trong tình trạng mệt mỏi. Cô vào phòng làm vệ sinh cho chồng như mọi ngày. Anh thấy thái độ vợ là lạ thì nắm tay vợ lắp bắp:
-Em..mệt à??
-Không, chẳng qua là buồn vì bạn bè đều có đôi có cặp, còn tôi..
Đang nói thì Trang lại dừng, chồng nhìn cô cười:
-Em có ..anh..mà.
Nghe thế Trang ngồi phịch lên giường thở dài, lúc ấy cô còn thoáng có ý định sẽ ly hôn với anh:
-Có anh?? Anh thì chỉ làm chồng trên danh nghĩa thôi chứ làm được trò gì!!
Nói xong cô mệt quá ngủ thiếp đi lúc nào không biết. Nhưng đêm xuống, Trang thấy cả người nhột nhột, cô giật mình bật dậy, thấy chồng đang nằm sát sàn sạt:
-Cái gì thế??
Thì bỗng nhiên ông chồng thực vật quàng tay ôm trọn cô, Trang trợn tròn mắt rồi dụi mắt lia lia:
-Anh..sao thế này?? Có phải tôi đang mơ không??
Trang tự tát mình cho tỉnh thì chồng mới mỉm cười:
-Không, em không mơ đâu. Anh không bị thực vật gì hết. Lần đó chỉ là gẫy chân với ảnh hưởng xương chậu, cũng đã bình phục hoàn toàn 3 tháng trước. Lúc ấy, anh thử lòng người yêu 1 tý mà cô ta đã bỏ chạy mất dép rồi.
Trang há hốc mồm ngạc nhiên:
-Hóa ra..anh vẫn khỏe mạnh bình thường à??
-Ừ, anh làm em vất vả rồi.
-Nãy giờ là anh sờ soạng khắp người tôi hả??
-Đúng thế. Em bị sốt, người vã hết mồ hôi, anh vừa lau cho em đó.
Trang tức điên:
-Sao anh dám??
Chồng cô lém lỉnh nói:
-Ơ hay, em là vợ anh mà anh không được phép sờ sao??
Nói xong anh lao vào Trang và cười sặc sụa:
-Đêm nay anh với em chính thức động phòng nhé.
Sáng hôm sau, Trang vẫn lâng lâng như đang trên mây. Cô không tin những gì xảy ra hôm qua là sự thật. Đúng lúc đó chồng ôm chầm lấy vợ từ đằng sau và hôn lên má cô 1 cái. Giờ thì, Trang đã biết đấy không phải là giấc mơ, cô mỉm cười hạnh phúc.",1,spam
Làm thế nào về việc liên lạc với mọi người đang chờ công ty?,1,spam
"Cán bộ công an cảnh báo: Thủ đoạn lừa đảo cho vay tiền online qua app với lãi suất siêu thấp, không cần thế chấp. Tuy nhiên đối tượng bắt đóng nhiều khoản phí hồ sơ, phí bảo hiểm khoản vay rồi ôm tiền mất tích. Cần hết sức cảnh giác để tránh mất tiền.",1,spam
Suy nghĩ bạn có nghĩa là một cái khác.,0,ham
"Tố giác chiêu trò: Cảnh báo bẫy lừa đảo làm dịch vụ xóa nợ xấu ngân hàng, nợ xấu CIC. Kẻ gian yêu cầu chuyển chi phí dịch vụ trước rồi gửi hóa đơn/xác nhận giả mạo nhằm chiếm đoạt tiền. Mọi người tuyệt đối không làm theo!",1,spam
Ôi chúa ơi!,1,spam
"Freemsg Bạn đã được trao một máy ảnh kỹ thuật số mini miễn phí, chỉ cần trả lời Snap để thu thập giải thưởng của bạn!",1,spam
"Cán bộ công an cảnh báo: Thủ đoạn lừa đảo cho vay tiền online qua app với lãi suất siêu thấp, không cần thế chấp. Tuy nhiên đối tượng bắt đóng nhiều khoản phí hồ sơ, phí bảo hiểm khoản vay rồi ôm tiền mất tích. Mọi người tuyệt đối không làm theo!",1,spam
Bạn dạo này thế nào?,0,ham
"Chồng “chôn” chuối xanh và trứng xuống dưới đất cảnh tượng đằng sau khiến vợ kinh hãi
Lấy làm kì lạ khi thấy chồng chôn chuối xanh và trứng xuống dưới đất, nhưng cảnh tượng đằng sau khiến tất cả chết đứng.
Gần đây, trên một vài trang mạng xã hội đang bàn tán xôn xao về một câu chuyện khá kì lạ. Theo những thông tin được chia sẻ, người vợ sững người khi thấy chồng mang chuối xanh và trứng ra chôn xuống đất. Bà quá bất ngờ và khó hiểu không biết chồng mình định làm gì.
Kinh ngạc khi thấy chồng mang chuối và trứng chôn xuống dưới đất
Ngay khi câu chuyện này được chia sẻ lên mạng xã hội đã thu hút được rất nhiều sự quan tâm từ cư dân mạng. Đa phần các cư dân mạng đều muốn biết lí do tại sao người chồng lại đột nhiên mang chuối xanh và trứng chôn xuống dưới đất như vậy. Có một vài người còn cho rằng phải chăng từ quả chuối xanh và trứng có thể tạo ra một loại cây nào đó.
Tuy nhiên, có vẻ những tiên đoán của các cư dân mạng đã không chính xác. Thực chất, người chồng chôn chuối xanh và trứng xuống đất để làm phân bón cho cây. Theo các chuyên gia, trong chuối xanh và trứng có chứa những chất dinh dưỡng rất có lợi cho cây đặc biệt là các loại cây ăn quả.
Thì ra trong chuối và trứng có chứa những chất dinh dưỡng rất có lợi cho cây, đặc biệt là các cây lấy quả
Cây cối xanh tươi sau khi được bón bằng chuối và trứng",1,spam
"Yar lor he wan 2 go c ngựa đua hôm nay mah, vì vậy hãy ăn sớm hơn.",0,ham
Double Mins và TXTS 4 6 tháng Bluetooth miễn phí trên Orange.,1,spam
Đặt nhầm số của bạn và đã gửi tin nhắn đến số cũ của bạn.,0,ham
Điều đó thật kỳ lạ bởi vì tôi biết tôi đã có nó tại một thời điểm,0,ham
Tôi hy vọng bạn đã tức giận nhưng id thực sự muốn gặp bạn vào ngày mai.,0,ham
"Thanh niên 24 bỗng hóa người rắn sau 1 đêm, da dẻ nứt toác đen xì ai nhìn cũng hã-i
Chỉ mới 3 tháng phát bệnh, nam thanh niên điển trai bỗng trở thành “người rắn” với làn da nứt toát đen xì. Hoàn cảnh nghèo túng lại mặc cảm vì bệnh tật, chàng trai 24 tuổi không chịu ăn uống nên thân hình càng gầy còm đáng sợ.
 
 Sinh ra trong hoàn cảnh nghèo khổ, mẹ bệnh tật nằm viện nhiều năm trời, chàng trai 24 tuổi với bao hoài bão lập nghiệp để có khả năng chữa bệnh cho mẹ. Vậy mà, tất cả đã sụp đổ khi Sáng bất ngờ bị căn bệnh kì lạ, quái ác.
 
 Hoàn cảnh đáng thương của chàng trai 24 tuổi mắc bệnh “người rắn” ở ấp Vinh Thanh, thị trấn Ngãi Giao, huyện Châu Đức, Bà Rịa Vũng Tàu khiến nhiều người xót xa.
 
 Từ chàng trai khỏe mạnh hoạt bát.
 
 Mới 3 tháng, Sáng đã ốm yếu, da dẻ nứt toát như da rắn.
 
 Cách đây 3 tháng, Sáng vẫn là một thanh niên điển trai, khỏe mạnh. Thế nhưng, Sáng bất ngờ phát hiện là da trở nên xanh xao lạ thường. Vốn tưởng mình mắc bệnh thiếu máu thông thường nên chủ quan, không ngờ dần dần cả cơ thể dần nứt toác, đen xì như da rắn.
 
 Cũng vì hoàn cảnh khó khăn, Sáng chỉ nằm viện vài ngày rồi ở nhà. Mặc cảm bệnh tật khiến chàng trai 24 tuổi hoạt bát ngày nào không dám tiếp xúc với người lạ, cũng không chịu ăn uống nên cơ thể ngày càng gầy còm. Xót xa hơn, chàng trai sợ căn bệnh của mình làm khổ gia đình nên đã buông tay, không còn ý chí chữa bệnh.
 
 
 –
 
 Gia cảnh quá khó khăn nên chàng trai 24 tuổi buông xuôi, không muốn tiếp tục chữa bệnh.
 
 Biết được số phận đáng thương của Sáng, nhiều nhà hảo tâm đã kêu gọi giúp đỡ và động viên em vượt qua căn bệnh hiểm nghèo.
 
 Ảnh: FB
 
 Nghi Ân (Tổng Hợp)
 
 http://vi.blogtamsu.video/thanh-nien-24-bong-hoa-nguoi-ran-sau-1-dem-da-de-nut-toac-den-xi-ai-nhin-cung-hai.html",1,spam
Xin lỗi về sớm hơn.,0,ham
"Chỉ cần nhìn thấy cuộc gọi nhỡ của bạn, anh trai thân yêu của tôi.",0,ham
CẤP BÁCH!,1,spam
Oh k :) tại sao bạn có công việc thì có chuyện gì vậy?,0,ham
Tôi đang đọc văn bản tôi vừa gửi cho bạn.,0,ham
"Spook up mob của bạn với một bộ sưu tập pic logo halloween của nokia cộng với một giai điệu kỳ lạ miễn phí, thẻ txt cho đến 8007",1,spam
S :) 8 phút để đi ăn trưa :),0,ham
Năm nào.,0,ham
Bạn đang bị xé toạc!,1,spam
Đừng để nghiên cứu căng thẳng cho bạn.,0,ham
Anh ta không nhìn thấy cái bóng của mình.,0,ham
"Rạch đầu rắn mọc lổn nhổn đá dăm là cảnh tượng kinh hoàng không ai muốn chứng kiến quá 5 giây
Những hình ảnh dưới đây tuyệt đối không dành cho người yếu tim!
Một người đàn ông Thái Lan đã phát hiện ra một con rắn có hình thù vô cùng kỳ dị trong khi leo núi dã ngoại. Thoạt nhìn, đầu con rắn có vẻ như mọc rất nhiều “đá dăm” che khuất cả mắt và miệng của nó.
Hình ảnh sởn da gà của con rắn kỳ lạ.
Tuy nhiên, người đàn ông đã nhận thấy sự bất thường và quyết định mang nó về nhà để… chữa trị bởi nó dường như rất đau đớn vì dị vật trên đầu.
Ông đã tìm cách để bắt con rắn rồi mang đến trạm chăm sóc động vật hoang dã của địa phương để nhờ sự trợ giúp.
Điều khiến tất cả mọi người sửng sốt chính là con rắn không hề “mọc đá” mà bị một loài kí sinh trùng bám đầy trên đầu và thân mình để hút máu.
Được biết đây là loài sinh vật tuy nhỏ nhưng “có võ” bởi chúng có khả năng bám chặt vào vật chủ để hút máu.
Nếu không được cứu chữa kịp thời thì có lẽ con rắn sớm muộn cũng sẽ chết do mất quá nhiều máu. Sau khi loại bỏ những sinh vật nguy hiểm này, người đàn ông đã thả con rắn về rừng. Đối với vật nuôi trong nhà, chúng ta cũng nên chú ý đến những dấu hiệu bất thường tránh trường hợp đáng tiếc tương tự xảy ra.",1,spam
"Chào buổi sáng thân yêu, có một ngày tốt lành",0,ham
pdate_now - gấp đôi phút và 1000 txt trên thuế quan màu cam.,1,spam
Bạn luôn luôn đưa doanh nghiệp của bạn ra khỏi đó.,0,ham
Bây giờ bạn đã hủy đăng ký tất cả các dịch vụ.,1,spam
"Những người đồng tính đói đói cảm thấy đói và lên 4 nó, bây giờ.",1,spam
Tôi hy vọng bạn đó là kết quả của việc liên tục thông minh và tốt bụng.,0,ham
"K vậy tôi, bao nhiêu cho một thứ 8?",0,ham
"Tại tọa đàm về thí điểm sàn giao dịch tài sản số, sáng 25/3, Đại tá Hoàng Ngọc Bách, Cục An ninh mạng và phòng, chống tội phạm sử dụng công nghệ cao (A05, Bộ Công an), cho biết trong nhiều vụ án lừa đảo, dòng tiền sau cùng thường được chuyển sang tiền mã hóa để xóa dấu vết hoặc đưa ra nước ngoài. ""Các đối tượng coi đây là nơi ẩn trú an toàn"", ông nói, đồng thời cho biết việc truy vết, thu giữ loại tài sản này từng gặp nhiều khó khăn do thiếu cơ sở pháp lý để thu giữ loại tiền này và quy trình xử lý dòng tiền tiếp sau đó. Theo thống kê không chính thức, Việt Nam hiện có khoảng 20 triệu người sở hữu tiền mã hóa, tương đương 1/5 dân số. Quy mô giao dịch hàng chục nghìn tỷ đồng, nhưng phần lớn diễn ra trên các nền tảng nước ngoài, ngoài tầm kiểm soát của cơ quan chức năng. Thực tế này không chỉ gây thất thu thuế mà còn khiến người dùng đối mặt với nhiều rủi ro. Một trong những hình thức phổ biến là lập sàn giao dịch giả mạo để dụ dỗ nhà đầu tư. Do tính ẩn danh cao, việc xác minh và xử lý các đối tượng này không dễ. Theo ông Bách, nếu có các sàn giao dịch tiền mã hóa hợp pháp trong nước, hoạt động mua bán có thể được quản lý tương tự thị trường chứng khoán, với thông tin người mua, người bán rõ ràng. Điều này giúp cơ quan chức năng dễ truy vết dòng tiền khi xảy ra vi phạm. Không chỉ liên quan đến hoạt động lừa đảo, rửa tiền dữ liệu cá nhân trong hoạt động đầu tư tài sản số cũng là vấn đề đáng lo ngại. Khi tham gia các sàn quốc tế, người dùng thường phải cung cấp nhiều thông tin như căn cước công dân, số điện thoại, email, tài khoản ngân hàng. Đại diện A05 cho rằng, thực tế này dẫn đến nguy cơ ""chảy dữ liệu"" ra nước ngoài. Trong nhiều vụ việc, các đối tượng đã sử dụng chính những dữ liệu này để giả mạo danh tính, thậm chí mở tài khoản trực tuyến thông qua eKYC nhằm phục vụ hành vi phạm pháp. Từ thực tế trên, cơ quan công an cho rằng việc xây dựng sàn giao dịch trong nước không chỉ nhằm quản lý thị trường, mà còn góp phần bảo vệ dữ liệu công dân. ""Chúng tôi kỳ vọng khi có bước tiến về việc thành lập sàn giao dịch tiền mã hóa, dù là thí điểm, sẽ giảm thiểu các hành vi vi phạm pháp luật"", ông nói. Tuy nhiên, các hệ thống này cần được thiết kế với tiêu chuẩn an ninh cao ngay từ đầu, do đây là mục tiêu hấp dẫn của tội phạm công nghệ cao. Ông Bách cũng đề xuất cần kiểm soát nguồn tiền đầu tư, đồng thời tăng cường phổ biến kiến thức cho người tham gia thị trường. Những vấn đề này được đưa ra trong bối cảnh Việt Nam đang chuẩn bị thí điểm thị trường tài sản mã hóa, trong 5 năm. Bộ Tài chính đã bắt đầu nhận hồ sơ cấp phép, với khoảng 10 công ty chứng khoán và ngân hàng có kế hoạch tham gia. Số lượng sàn được giới hạn để đảm bảo kiểm soát rủi ro, nhưng vẫn duy trì cạnh tranh. Tại sự kiện, ông Phan Đức Trung, Chủ tịch Hiệp hội Blockchain và Tài sản số Việt Nam (VBA), cho biết các sàn giao dịch và những tổ chức lớn có tên tuổi trên thế giới rất mong chờ những quyết định, thông tin và bước đi cụ thể từ phía Việt Nam để có thể tham gia vào thị trường hơn 200 tỷ USD này. Ở góc độ quản lý, ông Tô Trần Hòa, đại diện Ban Quản lý thị trường giao dịch tài sản mã hóa - Ủy ban Chứng khoán Nhà nước, cho biết cơ quan chức năng sẽ tiếp cận theo hướng thận trọng, từng bước. Trong giai đoạn đầu, chỉ những nhà đầu tư trong nước đang có tài sản mã hóa và nhà đầu tư nước ngoài mới được giao dịch trên các sàn Việt Nam. Nguyễn Thanh - Trọng Đạt",1,spam
Nhập cảnh miễn phí vào cuộc thi Å £ 250 của chúng tôi chỉ nhắn tin từ WIN WIN đến 80086 ngay bây giờ.,1,spam
Điều cuối cùng tôi từng muốn làm là làm tổn thương bạn.,0,ham
"Ngày 3/10, Công, quê An Giang, bị Công an tỉnh Lâm Đồng điều tra về hành vi Tàng trữ, sử dụng trái phép công cụ hỗ trợ và trang phục Công an nhân dân. Trước đó, tổ công tác của Phòng Cảnh sát Hình sự tuần tra trên đường Hai Bà Trưng, phường Cam Ly - Đà Lạt, phát hiện Công mặc trang phục công an, chạy xe máy có biểu hiện nghi vấn nên kiểm tra, mời về làm việc. Anh ta thừa nhận hành vi giả công an, khai có ""sở thích được làm cảnh sát và muốn khoe khoang, tạo hình ảnh uy tín với người khác"" nên nhiều lần lên mạng đặt mua quân phục mặc ra đường. Cơ quan điều tra đã thu giữ các bộ cảnh phục, mũ kê - pi, bảng tên, phù hiệu, còng số 8... cùng một số vật dụng khác có liên quan. Phòng Cảnh sát Hình sự đang làm rõ động cơ của Công. Lê Tiến - Trường Hà",1,spam
"Tưởng nhặt được trứng khủng long giữa vườn, mang vào nhà sợ hãi tột độ khi thấy nở trên tay là…
Đang đào đất trồng cây vô tình chạm phải “quả trứng” kì lạ, nhưng người phụ nữ đã sợ hãi tột độ khi nhìn thấy…
Thế giới tự nhiên vô cùng rộng lớn và đa dạng. Nhiều khi con người tưởng rằng mình đã biết hết mọi thứ nhưng thực chất là không phải như vậy.
Hiện trên một trang mạng xã hội đang xôn xao câu chuyện một người phụ nữ vô tình nhặt được một quả trứng màu nâu kì lạ. Theo những gì mà cư dân mạng tìm hiểu được, khi người phụ nữ này đang ở ngoài vườn và vô tình nhìn thấy một vật thể có hình giống quả trứng nhưng kích thước thì to hơn. Hơn nữa màu sắc của “quả trứng” kì lạ này cũng vô cùng đặc biệt. Ban đầu người phụ nữ tưởng mình nhặt được trứng của một loài động vật đẻ trứng nào đó.
Hình dáng kì lạ cùng màu sắc vô cùng đặc biệt của “quả trứng” bí ẩn
Tuy nhiên, khi mang quả trứng vào nhà, người phụ nữ này mới hết hồn hết vía khi nhận ra đây không phải là quả trứng mà lại là một con nhím. Lúc đầu nhiều người không tin rằng đây là một con nhím bởi trên người con nhìn này không có một chút gai nào.
Hóa ra “quả trứng” kì lạ đó lại là một chú nhím
Không ai nghĩ rằng đây là một chú nhím vì trên người không hề có chút gai nào
Nhưng theo những gì được chia sẻ, chú nhím này bị một chứng bệnh khiến gai bị rụng.
Chú nhím này bị mắc một chứng bệnh khiến gai bị rụng",1,spam
Tôi đã không nhận được nửa sau của tin nhắn đó,0,ham
"Hôm nay là \ bài hát dành riêng cho ngày .. \ ""Bạn sẽ dành bài hát nào cho tôi?",0,ham
CDS 4U: Xin chúc mừng bạn được trao £ 500 của CD Vouchers hoặc Å £ 125 Gift được đảm bảo & FreeEntry 2 Å £ 100 WKLY Draw XT Music tới 87066 TNCS www.ldew.com1win150ppmx3age16,1,spam
"Tuyệt vời, điều đó sẽ sớm được sớm hay muộn?",0,ham
"Né gấp thủ đoạn này: Chiêu trò lừa đảo tuyển dụng cộng tác viên chốt đơn hàng online trên các sàn thương mại điện tử. Ban đầu đối tượng trả hoa hồng đầy đủ, sau đó yêu cầu nạp số tiền lớn hơn để làm nhiệm vụ rồi khóa tài khoản. Hãy chia sẻ cho người thân cùng biết.",1,spam
Bán nam Spjanemony!,1,spam
"Phạm Sỹ Huynh, 36 tuổi, trú tỉnh Bắc Ninh, được người đàn ông tên ""Châu Chủng"" thuê làm quản lý một đường dây giả danh sàn thương mại điện tử Lazada tại một đặc khu ở thành phố Myawaddy, Myanmar từ năm 2022. Nhóm này chuyên dụ người Việt thực hiện nhiệm vụ tăng tương tác, lượt bán hàng để chiếm đoạt tài sản. Ngày 17/11/2024, Đặng Trọng Khánh, nhân viên trong nhóm Huynh, lập tài khoản Facebook ""Thanh Thủy"", để hình đại diện một cô gái có khuôn mặt xinh đẹp, kết bạn, nhắn tin với ông Nguyễn, 68 tuổi, trú TP HCM, làm nghề kinh doanh, sở hữu khối tài sản lớn. Sau hai ngày làm quen, nhắn tin trò chuyện, ông Nguyễn đã có tình cảm với ""cô gái"". Khánh biết ""cá bắt đầu cắn câu"" nên đưa ra lý do ít dùng Facebook, rủ ông Nguyễn sử dụng Viber để tiện nói chuyện với tài khoản tên ""Bông Xinh"" do mình lập ra nhằm ""đảm bảo sự riêng tư"". Sau khi phản hồi rằng ấn tượng với cách nói chuyện dễ thương, nhận lời yêu ông Nguyễn và muốn hướng tới ""mối quan hệ nghiêm túc, tương lai lâu dài"", Khánh bàn giao tài khoản ""Bông Xinh"" cho tổ trưởng Ngô Minh Vương thực hiện công đoạn ""cắt khách"". Vương nhập vai, giả gái, tâm sự công việc chính là kế toán, ngoài ra còn làm thêm nghề tăng tương tác bán hàng trên sàn Lazada, dụ ông Nguyễn tham gia các nhiệm vụ để kiếm thêm thu nhập. Vương mong muốn được ông Nguyễn tặng một voucher giảm giá mua sắm trên sàn thương mại điện tử Lazada làm kỷ niệm. Để tặng quà, Vương bảo ông Nguyễn phải thực hiện ba nhiệm vụ tăng tương tác lượt bán trên sàn Lazada. Khi ""bạn trai"" đồng ý, Vương hướng dẫn kết nối với tài khoản ""Chăm sóc khách hàng"" để nhận đường link sản phẩm, chụp ảnh sản phẩm cùng giá tiền gửi lại cho mình. Sau đó, Vương gửi cho ông Nguyễn một bill chuyển tiền giả, thể hiện đã thanh toán đúng giá sản phẩm, đồng thời cảm ơn vì đã tặng quà, giúp hoàn thành nhiệm vụ và hứa trả hoa hồng hàng chục triệu đồng. Cách này khiến ông Nguyễn tin rằng những giao dịch trên sàn là thật. Ngày 19/11/2024, khi thấy ""con mồi"" bắt đầu sập bẫy, Vương bàn giao tài khoản ""Bông Xinh"" cho Đặng Thị Ngọc (quản lý nhóm) và Phạm Sỹ Huynh để thực hiện công đoạn ""chốt khách"". Hai người tiếp tục đẩy cao trào tình cảm bằng những lời hẹn hò, hứa gặp mặt ở một nơi lãng mạn. Huynh còn nhờ Lê Thị Trà đóng giả ""Bông Xinh"" nói chuyện ""đong đưa"" qua điện thoại với ông Nguyễn để ""câu"". Sau khi tạo được sự tin tưởng, Ngọc và Huynh hướng dẫn ông Nguyễn thực hiện các nhiệm vụ tăng tương tác để nhận phiếu quà tặng, giảm giá dành cho ""Bông Xinh"". Ở lần chuyển tiền đầu tiên, nhóm này hoàn lại 18 triệu đồng nhằm tạo cảm giác an toàn, khiến ông Nguyễn càng tin rằng có thể kiếm hoa hồng từ các nhiệm vụ. Sau đó, ""bạn gái"" tiếp tục yêu cầu ông chuyển tiền để thực hiện những đơn hàng có giá trị ngày càng lớn, với cam kết được nhận được các khoản hoa hồng lớn. Nhóm này tiếp tục ""lại quả"" thêm 18 triệu đồng cho ông Nguyễn, đồng thời cung cấp hai tài khoản ngân hàng để ""con mồi"" chuyển tiền làm nhiệm vụ. Tin rằng ""Bông Xinh"" là cô gái thật và những nhiệm vụ trên Lazada có thể giúp kiếm tiền, ngày 19 đến 21/11/2024, ông Nguyễn đã 64 lần chuyển tổng cộng khoảng 41 tỷ đồng từ hai tài khoản ngân hàng đứng tên mình vào các tài khoản do ""bạn gái"" cung cấp. Tại phiên xét xử sơ thẩm mở tại TAND tỉnh Nghệ An hôm 18/8, ông Nguyễn không có mặt song vẫn gửi đơn tới tòa yêu cầu các bị cáo bồi thường 41 tỷ đồng. Hiện nhóm của Huynh mới trả lại cho nạn nhân 392 triệu đồng. Nhắm vào người giàu Thông qua những lời hứa hẹn ""việc nhẹ lương cao"", các chân rết trong đường dây liên hệ với Huynh qua mạng xã hội, sau đó sang đặc khu ở thành phố Myawaddy, Myanmar làm việc và sinh hoạt tập trung tại một tòa nhà 4 tầng. Mỗi ngày, họ bắt đầu lúc 8h, nghỉ từ 10h30 đến 11h, làm tiếp đến 16h rồi nghỉ một tiếng, trước khi vào ca tối kéo dài đến khoảng 23h. Tùy hiệu quả công việc, có thể được về sớm hoặc phải tăng ca đến 1-2h sáng. Công ty lo ba bữa ăn, chỗ ở miễn phí và cho phép sử dụng điện thoại, đi lại, mua sắm trong khu tự trị vào thời gian nghỉ. Huynh và Ngọc là những quản lý cấp cao, có nhiệm vụ duyệt ""khách hàng"" để hoạt động lừa đảo đạt hiệu quả, chiếm đoạt được nhiều tiền. Chúng chỉ cho nhân viên tiếp cận những người có điều kiện kinh tế. Hàng ngày, tổ trưởng theo dõi kết quả làm việc, báo cáo Huynh rồi phổ biến chỉ đạo cho cấp dưới. Mỗi tháng sẽ có khóa đào tạo nhân viên thực hiện đúng kịch bản và trực tiếp ""chốt khách"" khi cần. Huynh và Ngọc khai, ông chủ yêu cầu tập trung vào những người có điều kiện kinh tế, bởi nhân viên mất nhiều thời gian làm quen, tạo lòng tin nhưng nếu khách không có tiền thì gần như không thể tiếp tục các bước dụ chuyển tiền. Vì vậy, những ""con mồi"" được xác định không có tiền sẽ bị loại ngay từ khâu ""duyệt khách hàng"", dành nguồn lực cho những người có thể bị chiếm đoạt số tiền lớn. Theo quy định, mỗi quản lý được trả lương cứng khoảng 30,8 triệu đồng mỗi tháng. Ngoài ra, tùy số tiền cả nhóm chiếm đoạt, họ được hưởng thêm 1-3% hoa hồng. Nếu nhóm lừa được khoảng 260 triệu đến 1,3 tỷ đồng, mức hoa hồng là 1%; trên 1,3 đến 2,6 tỷ đồng là 2%. Nếu tất cả nhân viên đều lừa được trên 2,6 tỷ đồng, quản lý được hưởng 3% tổng số tiền chiếm đoạt của cả nhóm. Nhân viên được trả lương cứng 15,4 triệu đồng mỗi tháng, nếu lừa được trên 2,6 tỷ đồng hưởng thêm 5% tổng số tiền chiếm đoạt. Lương được chuyển vào ngày 15 hàng tháng. Nhân viên được đào tạo, hướng dẫn kịch bản lừa đảo trong 1-2 tháng trước khi làm chính thức, vẫn được trả lương trong thời gian học việc. Sau đào tạo, mỗi người được cấp 3-6 điện thoại và một máy tính để thực hiện theo kịch bản. Cuối ngày, tổ trưởng họp rút kinh nghiệm, nhắc nhở những người mắc lỗi hoặc không đạt chỉ tiêu. Mỗi tháng, quản lý tổ chức 1-2 cuộc họp để tuyên dương người lừa được nhiều tiền, phê bình những ai không đạt chỉ tiêu và so sánh kết quả giữa các tổ. Chúng lập nhiều nhóm Telegram để điều hành công việc. Mỗi khi có nhân viên lừa được tiền, cả nhóm đánh kẻng, đánh trống, hô tên và vỗ tay chúc mừng nhằm khích lệ. Với thủ đoạn ""giả gái xinh"", ngoài ông Nguyễn, đường dây do Huynh quản lý còn lừa tiền thêm 5 người khác trên cả nước, tuổi từ 37 đến 58. Trong đó, một người đàn ông 44 tuổi ở Nghệ An mất hơn 15 tỷ đồng, cũng bắt nguồn từ việc ""trúng tiếng sét ái tình"", sau đó bị dẫn dụ làm nhiệm vụ trên sàn Lazada giả theo yêu cầu của ""bạn gái"". Tính tổng 6 phi vụ, nhóm này đã chiếm đoạt hơn 71 tỷ đồng. Tại phiên tòa mở giữa tháng 8, tất cả 48 bị cáo bày tỏ hối hận, thừa nhận hành vi. Một số trường hợp bật khóc, trình bày do hoàn cảnh khó khăn nên phạm sai lầm. Số tiền được hưởng từ hoạt động phạm tội chủ yếu dùng chi tiêu cá nhân tại Myanmar hoặc gửi về gia đình. Nhiều bị cáo cho biết trước khi sang Myanmar chỉ nghĩ sẽ tìm được việc làm có thu nhập cao, không lường trước công việc thực tế là lừa đảo và hậu quả pháp lý nghiêm trọng. Đến khi bị bắt, họ mới nhận ra những khoản tiền kiếm được từ việc lừa người khác đã phải đánh đổi bằng nhiều năm tù và tương lai của chính mình. HĐXX tuyên phạt Huynh 18 năm tù, Ngọc án chung thân về tội Lừa đảo chiếm đoạt tài sản, theo Điều 174 Bộ luật Hình sự. 46 bị cáo còn lại lĩnh từ 6 đến 16 năm tù. Đức Hùng * Tên nạn nhân đã thay đổi.",1,spam
Sexy sexy kiêm và nhắn tin cho tôi tôi ướt và ấm và sẵn sàng cho một số phim khiêu dâm!,1,spam
Câu đố về ánh nắng mặt trời wkly Q!,1,spam
"Thủ đoạn lừa đảo mua bán hàng trả góp, xe máy thanh lý giá rẻ trên MXH. Đối tượng yêu cầu đặt cọc trước từ 2 đến 5 triệu để giữ xe rồi chặn liên lạc ngay khi nhận được tiền cọc. Mọi người tuyệt đối không làm theo!",1,spam
Phần thưởng đặc biệt của HMV 500 pound các chứng từ HMV chính hãng sẽ giành được.,1,spam
Jus hoàn thành thổi tóc của tôi.,0,ham
"Quán trứng vịt lộn 1 đêm bán 1.000 quả: Khách đến mua sốc nặng khi biết bên trong nồi có…
Đây được xem là quán trứng vịt lộn “đắt khách” nhất Sài Gòn khi bán được khoảng 1.000 quả trứng mỗi đêm, cùng với việc kinh doanh nước mía, bia, đậu phộng… nên số tiền quán thu về trong một đêm bán hàng có thể lên tới 8 triệu đồng.
Những người dân sinh sống quanh khuôn viên khu căn hộ và biệt thự cao cấp Thảo Điền (quận 2, TP.HCM) đã quá quen thuộc với sự nhộn nhịp, đông đúc của một quán ăn nhỏ chỉ bán duy nhất món trứng vịt lộn. Không bán quá nhiều món ăn, có chăng chỉ thêm vài cốc nước mía, đậu phộng hay bắp rang lai rai cùng trứng vịt lộn nhưng từ khi mở ra bán đến lúc dọn hàng thì các nhân viên của quán chưa bao giờ ngơi tay.
Ảnh Internet
Hầu hết khách tới đây đều chỉ để ăn món “tủ” của quán là trứng vịt lộn, theo nhiều người chẳng hề ngoa khi khen trứng ở đây là ngon nhất Sài Gòn. Bởi vậy, số lượng trứng bán ra mỗi ngày của quán lên đến cả ngàn trứng.
Đương nhiên để có thể tạo nên tên tuổi và ngày càng nhiều người biết đến hơn, quán trứng vịt lộn này cũng cần có bí quyết riêng. Điều đầu tiên chinh phục hầu hết các thực khách chính là ở hương vị của món trứng.
Trứng vịt nơi đây không quá to mà có trọng lượng trung bình, quả nào cũng đều tăm tắp như nhau. Khi vừa đập vỏ, bạn sẽ cảm nhận rõ vị ngon bằng mắt với nước cốt khá nhiều và mùi thơm dậy lên rất đặc trưng. Trứng được chọn loại vừa lứa nên phần trứng nhiều, thực khách không lo ăn phải phần “con vịt” có nhiều lông tơ, không có vị tanh hoặc hóc phải xương như khi ăn trứng già.
Ảnh Internet
Một điểm đặc biệt nữa là phần mề của hột vịt dù có nhưng rất nhỏ và mềm, cực ngon nên hầu như không ai bỏ lại phần này như khi ăn ở những chỗ bán thông thường. Làm được những điều đó cũng nhờ vào bí quyết luộc trứng đặc biệt không thể tiết lộ của quán.
Ảnh Internet
Ảnh Internet
Ảnh Internet
Theo nhiều khách hàng, trứng vịt lộn ở đây còn “ghi điểm” nhờ các loại gia vị ăn kèm cũng được chế biến riêng. Muối tiêu dùng để chấm được rang kĩ, giã mịn, có độ mặn vừa, mùi thơm nhẹ nhưng không gắt của tiêu xay, ăn vào miệng là tan ngay chứ không lợn cợn muối.
Bên cạnh đó, ớt xay do quán tự làm có mùi thơm từ tỏi bằm và ngọt thanh vừa đủ của đường.
Ảnh Internet
Ảnh Internet
Vị ngon béo ngậy của trứng hòa quyện cùng vị mặn, thơm của muối tiêu, vị thơm của với rau răm non khiến món trứng vịt lộn của quán cực hấp dẫn và khó quên. Khách đến ăn hầu hết đều gọi khoảng 5 – 6 quả/lần, ăn xong chỉ thấy no và đã miệng chứ chưa bao giờ thấy chán.
Có lẽ do trứng ngon đặc biệt như vậy nên giá bán của quán cũng tương đối cao hơn so với những quán khác. Một quả trứng giá 8.000 đồng, nhưng theo nhiều người nhận xét là đáng đồng tiền. Ngoài ra quán còn bán thêm nước mía với giá 6.000 đồng/ly để kiếm thêm thu nhập. Trung bình một đêm, quán thu về hơn 8 triệu đồng từ tiền bán trứng và nước uống.
Ảnh Internet<
Ảnh Internet
Thêm một điều rất độc đáo nữa giúp cho quán trứng vịt lộn này hút khách đến vậy đó là quán còn có dịch vụ đưa đón khách bằng xe hơi. Nếu bạn đi theo nhóm 6 đến 8 người trong quận 2 thì chỉ cần gọi điện, quán sẽ cử một chiếc xe hơi đến đón và đưa bạn về hoàn toàn miễn phí.
Theo chủ quán, chiến dịch kinh doanh độc nhất vô nhị này nhằm tạo sự thoải mái và thân thiện, nhờ đó quán cũng bán được nhiều hơn.
Quán bắt đầu bán từ 3h chiều cho đến 11h đêm nhưng nếu đến vào giờ cao điểm ăn vặt ban đêm, khoảng 7h đến 9h có thể bạn sẽ không có chỗ ngồi do quá đông khách, và chuyện khách ngồi tràn ra cả vỉa hè cũng rất bình thường ở đây.",1,spam
Bây giờ tôi đang ăn trưa với gia đình sau đó tôi đi Str 2 Orchard Lor.,0,ham
FreemSG: Hồ sơ của chúng tôi cho thấy bạn có thể được hưởng 3750 pound cho vụ tai nạn bạn gặp phải.,1,spam
Tôi biết bạn là.,0,ham
"Trong đơn kiện vừa được đệ lên tòa án New York, Mayweather cho rằng Jona Rechnitz - người từng quản lý và có quan hệ thân thiết với anh - đã lợi dụng vị trí cố vấn để chuyển dòng tiền đầu tư của võ sĩ này vào các tài khoản liên quan đến quỹ Frist Apex Ventures, một công ty bất động sản và đầu tư tại Florida do Ayal Frist điều hành. Hồ sơ kiện nêu nhiều giao dịch bị cáo buộc sai phạm, gồm khoản đầu tư 7,5 triệu USD không được triển khai và không hoàn trả, cùng hàng chục triệu USD tiền vay, bồi thường và tái cấp vốn bị chuyển đi mà không có giải thích rõ ràng hoặc không có sự đồng ý của Mayweather. Ngoài ra, đơn kiện cho biết một thương vụ đặt cọc mua bất động sản tại New York bị chuyển hướng sử dụng sai mục đích, trong khi số trang sức trị giá gần 100 triệu USD của Mayweather bị đem làm tài sản đảm bảo nhưng chỉ thu về một phần nhỏ giá trị và chưa được hoàn trả đầy đủ. Mayweather cũng cáo buộc việc bán máy bay riêng Gulfstream IV đời 1996 không minh bạch. Thương vụ này không xác định rõ người mua và dòng tiền thu được bị sử dụng cho các nghĩa vụ tài chính khác, thay vì chuyển về cho anh. Ngoài Rechnitz và Ayal Frist, đơn kiện còn nêu tên Alexander Seligson - luật sư phụ trách tái cấp vốn một trong các bất động sản của Mayweather - với cáo buộc liên quan đến việc xử lý các giao dịch tài chính. Theo hồ sơ, Frist từng tự nhận là quản lý của Vada Properties - công ty đầu tư bất động sản của Mayweather - dù chưa từng được bổ nhiệm chính thức. Có thời điểm, trang web của Vada cũng ghi nhận Frist là CEO, điều mà đơn kiện cho rằng là ""thông tin sai lệch về chức danh"". Luật sư của Mayweather, ông Leo Jacobs, cho biết các cáo buộc liên quan đến việc chuyển hướng tiền bồi thường, tiền tái cấp vốn và dòng tiền bất động sản cần được làm rõ trước tòa. Ông khẳng định sẽ yêu cầu kiểm toán tư pháp toàn diện và thu hồi toàn bộ số tiền thân chủ bị thiệt hại. Ngoài vụ kiện này, Mayweather cũng đang là bị đơn trong một số vụ tranh chấp tài chính khác liên quan đến các khoản nợ chưa thanh toán. Đồng thời, võ sĩ người Mỹ là nguyên đơn trong vụ kiện trị giá 340 triệu USD cáo buộc Showtime có hành vi chiếm dụng tài chính trong thời gian hợp tác. Bên cạnh đó, Sở Thuế vụ Mỹ (IRS) cũng đã nộp lệnh cầm giữ tài sản trị giá khoảng 7,3 triệu USD đối với Mayweather liên quan đến các khoản thuế chưa thanh toán trong các năm 2018 và 2023. Mayweather là một trong những võ sĩ quyền Anh hay nhất mọi thời đại khi vô địch năm hạng cân khác nhau. Anh cũng tham dự bốn trong số năm trận so găng đắt giá nhất lịch sử, lần lượt với Oscar De La Hoya, Canelo Alvarez, Manny Pacquiao và Conor McGregor. Riêng trận gặp Pacquiao, Mayweather được cho là đã bỏ túi 300 triệu USD. Tuyên bố treo găng từ 2015, Mayweather phá lệ trở lại hồi tháng 8/2017 để đấu McGregor và chạm mốc 50 trận toàn thắng trong sự nghiệp nhà nghề. Trước đó, anh từng đạt HC đồng hạng lông tại Olympic 1996, ba danh hiệu Đôi găng vàng và vô địch giải quyền anh nghiệp dư quốc gia khi thi đấu nghiệp dư. Ở đỉnh cao sự nghiệp, Mayweather từng tạo ra khoảng 2,7 tỷ USD doanh thu từ các trận đấu và bỏ túi hơn 1,1 tỷ USD tiền thưởng thi đấu. Theo thống kê của Sportico, tổng thu nhập quy đổi theo lạm phát của võ sĩ người Mỹ vào khoảng 1,57 tỷ USD, thuộc nhóm VĐV kiếm nhiều tiền nhất lịch sử thể thao hiện đại. Nhưng đế tỷ USD của Mayweather đang chao đảo vì hàng loạt vấn đề tài chính, từ nợ thuế, kiện tụng đến nghi vấn thiếu thanh khoản. Hồng Duy (theo ESPN)",1,spam
"Thủ đoạn gọi điện thông báo trúng thưởng xe máy Sh, yêu cầu mua thẻ cào điện thoại để làm thủ tục nhận giải.",1,spam
:-) :-),0,ham
Bạn đang ở trong Castor?,0,ham
Bạn có 1 tin nhắn mới.,1,spam
K..k :) nó có giá bao nhiêu?,0,ham
"Đại sứ quán Đức tại Hà Nội từ chối cấp Visa cho lao động Việt Nam sang học nghề điều dưỡng
Quan hệ giữa Đức và Việt Nam vẫn tiếp tục căng thẳng khi tòa Thượng thẩm Berlin đang xét xử nghi phạm mật vụ Việt Nam Nguyễn Hải Long, các nhân chứng đã khai trước tòa, phát lộ đường dây bắt cóc ông TXT có liên quan đến những cán bộ cấp cao nhất của đảng như TBT Nguyễn Phú Trọng cũng như người đứng đầu cơ quan bảo vệ pháp luật, thượng tướng Tô Lâm.
Tới thời điểm này Chính phủ Việt Nam vẫn chưa đưa ra thông báo, đáp ứng các yêu cầu của Chính phủ Đức do cựu Bộ trưởng Bộ ngoại giao Đức Sigmar Gabriel đưa ra khi còn đương nhiệm với 3 điểm „Trả lại nguyên trạng ban đầu ( đưa TXT về Đức), xin lỗi nước Đức và hứa không tái phạm“ .
Hôm 14.7.2018, nhật báo Đức MOZ đưa tin Đại sứ quán Đức tại Hà Nội từ chối cấp Visa cho 13 người Việt Nam sang Đức học nghề điều dưỡng và làm việc.
Sau đây là bản dịch của bài báo này:
Đơn xin thị thực nhập cảnh Đức của điều dưỡng viên Việt Nam bị từ chối
13 người Việt Nam, lẽ ra bắt đầu một khóa đào tạo điều dưỡng viên vào tháng 10 ở Strausberg trong khuôn khổ một dự án chung của huyện Märkisch-Oderland và huyện Nghi Xuân ở Việt Nam, đã không được Đại sứ quán Đức cấp thị thực nhập cảnh vào Đức.
Hiệu trưởng Trường dạy nghề điều dưỡng Sowi Gregor Weiß đã cung cấp thông tin về vấn đề này. Việc từ chối cấp thị thực được lấy lý do để bảo vệ thị trường lao động Đức. Cơ quan Lao động cũng đã được tham vấn về dự án này. Trong tháng 4, một đoàn đại biểu Việt Nam đã tới thăm Strausberg và huyện này.
Được biết hiện nay tại Việt Nam với lực lượng rất lớn lao động trẻ có nhu cầu việc làm. Chính phủ cũng như các doanh nghiệp nước này đang tìm nhiều biện pháp để xuất khẩu lao động sang các nước khác, đặc biệt ngành điều dưỡng tại Đức đang có triển vọng, được nhiều người nhắm tới vì Đức có nhu cầu lớn và đây là công việc mà Việt Nam có thể đáp ứng.
Trong thời điểm này, khi căng thẳng giữa Đức và Việt Nam chưa được giải quyết, thì các hợp tác kinh tế, văn hóa, chính trị..giữa hai nước vẫn đang ở trong thời kỳ „ băng giá“ và tiếp tục gặp nhiều khó khăn.
Lê Anh – Thoibao.de
Link nhật báo MOZ của Đức: https://www.moz.de/landkreise/maerkisch-oderland/strausberg/artikel8/dg/0/1/1669103/
>> Tòa Thượng thẩm Berlin bác đề nghị tại ngoại của bị cáo N.H Long và tuyên bố các phiên tòa xử TXT tại Hà Nội không có giá trị pháp lý
>> Trịnh Xuân Thanh phải ngủ trong Gara ô tô ở Brno đêm 25.7.2017 trước khi giao cho Tô Lâm ?
>> Cảnh sát Đức xác nhận, đã có cuộc gọi từ Berlin vào số máy có đuôi 8888 của Bộ trưởng Tô Lâm, ngay trước khi vụ bắt cóc TXT diễn ra
>> Vụ bắt cóc Trịnh Xuân Thanh: Đức phát lệnh truy nã Trung tướng Đường Minh Hưng
>> Vợ của Trịnh Xuân Thanh xuất hiện, khai báo tại Tòa án Đức về vụ bắt cóc người chồng ở Berlin
>> Vũ Đình Duy đã khai gì tại Tòa án Đức về vụ bắt cóc Trịnh Xuân Thanh?",1,spam
"Sáng 18/8, anh Quang Huy (Hà Nội) và nhiều người nhận được tin nhắn từ số điện thoại quốc tế, tự xưng ""Bộ Công an"". ""Hệ thống xác nhận phương tiện của quý khách vi phạm vượt đèn đỏ ngày 6/8/2026, chưa thanh toán khoản phạt"", nội dung tin nhắn nêu, yêu cầu nộp phạt trong 48 giờ. Nếu quá thời hạn, ""mức phạt tăng thêm 50% và bị tạm giữ giấy tờ phương tiện"". Tin nhắn đính kèm một đường link để ""xem chi tiết và thanh toán"", thậm chí còn khuyến nghị người dùng phản hồi để nhận liên kết mới trong trường hợp đường link không truy cập được. Anh Huy cho biết, ban đầu anh tưởng là thông báo thật vì cách trình bày giống tin nhắn từ cơ quan chức năng. ""Liên quan đến xử phạt nên tôi khá lo. Đường link cũng có cụm 'gov', nhìn qua dễ tưởng là website của cơ quan nhà nước"" anh nói. Tuy nhiên, khi kiểm tra, anh thấy tin được gửi từ số điện thoại quốc tế còn tên miền không phải địa chỉ chính thức của cơ quan nhà nước, nên biết là lừa đảo. Không chỉ giả mạo Bộ Công an, dự án Chống Lừa Đảo cho biết hai ngày qua, nhiều người cũng nhận tin nhắn tự xưng ""Bưu điện Việt Nam (VNPost)"". Nội dung thông báo một bưu kiện sắp được giao nhưng địa chỉ nhận hàng ""chưa có số nhà cụ thể"", yêu cầu người dùng cập nhật thông tin để bưu tá giao hàng. Nhiều trường hợp được ghi nhận là tin nhắn dạng iMessage, gửi đến người dùng iPhone. Chuyên gia Chống Lừa Đảo khuyến nghị người dùng không thực hiện theo chỉ dẫn trong những tin nhắn này. Kịch bản phổ biến là kẻ gian mạo danh cơ quan nhà nước hoặc doanh nghiệp lớn, với nội dung đánh vào những tình huống mà người dùng dễ lo lắng hoặc có nhu cầu xử lý như giao hàng, phạt nguội. Ngoài ra, tin nhắn thường đưa ra các thời hạn ngắn nhằm hối thúc người dùng thực hiện nhanh, dễ bỏ qua bước kiểm tra nguồn gửi và tên miền. Nếu bấm vào đường link dẫn tới website mạo danh, người dùng có thể tiếp tục bị yêu cầu nhập thông tin cá nhân hoặc dữ liệu thanh toán, dẫn đến mất tiền, tài khoản, dữ liệu. Theo chuyên gia, những dấu hiện lừa đảo dễ nhận ra trong trường hợp trên là tin nhắn gửi từ số lạ, sử dụng cụm ""dichvycong"" ở tên miền để đánh lừa người dùng khi nhìn nhanh, nhưng sai chính tả. Việc mạo danh đơn vị lớn không còn hiếm. Trước đây, nhiều nhóm sử dụng trạm BTS giả, gửi SMS hàng loạt trong phạm vi vài km. Còn trong các tin nhắn mới, kẻ gian sử dụng số điện thoại nước ngoài, đầu số bắt đầu bằng +212. Các chuyên gia khuyến nghị, khi nhận tin nhắn có dấu hiệu lừa đảo, người dùng không nên trả lời hoặc tiếp tục tương tác. Nếu bấm vào link nhưng chưa cung cấp thông tin, nên đóng trang và không thực hiện thêm thao tác. Trường hợp đã nhập thông tin tài khoản hoặc dữ liệu thanh toán, cần liên hệ ngân hàng và đơn vị liên quan để kiểm soát, bảo vệ tài khoản. Lưu Quý",1,spam
"Giành chiến thắng mới nhất ‰ ûïharry Potter và thứ tự của Phoenix (Sách 5) Trả lời Harry, Trả lời 5 câu hỏi - Cơ hội là người đầu tiên trong số các độc giả!",1,spam
Hãy đến sau & lt; thập phân & gt;,0,ham
"Chuyện li kì người phụ nữ cứu rắn hổ chúa và bầy rắn hổ tìm đến nhà để…
Rắn hổ mang (danh pháp khoa học: Naja atra) là một loài rắn thuộc Họ Rắn hổ (Elapidae). Đây là loài rắn xuất hiện tại miền bắc Việt Nam và được người Việt quen gọi bằng tên rắn hổ mang. Trong tiếng Việt, danh từ rắn hổ mang bắt nguồn từ hình dạng của loài rắn này.
Rắn trưởng thành ăn chuột, cóc, rắn… rắn non ăn ếch nhái là chủ yếu. Rắn giao phối vào tháng 5 và đẻ trứng vào tháng 6, đẻ 9 – 22 trứng, kích thước 59-62 / 29-29mm và có hiện tượng con cái canh giữ trứng. Trứng nở vào tháng 8. Con non mới nở dài 200-350mm và có khả năng bạnh cổ.
Trong khi không ít vụ rắn báo thù khiến dân mạng rợn người, thì câu chuyện chú rắn trả ơn cứu mạng sau đây cũng đang thu hút sự chú ý.
Mới đây, một đoạn video clip ghi lại hình ảnh hai người đàn ông đang cố gắng cứu một chú rắn thoát khỏi chiếc bẫy bằng lưới. Sẽ không có gì đáng chú ý nếu như sau khi được cứu sống, chú rắn này không bỏ đi ngay lập tức vì sợ hãi như những gì nhiều người tưởng tượng. Mà ngược lại, con rắn còn tỏ ra khá bình tính, đứng nhìn người cứu mạng một lúc. Rồi sau đó từ từ nhả trong miệng ra một miếng mồi đã được nuốt trước đó như một cách để trả ơn.
Chính hai chàng trai cứu sống chú rắn này cũng vô cùng hoảng hốt trước hành động quá bất ngờ này. Cả hai không ngừng cảm thán với hành động “rất con người” này của chú rắn kia. Cư dân mạng sau khi theo dõi đoạn video đã nhanh chóng truyền tay nhau với tốc độ chóng mặc. Nhiều người cho rằng việc chú rắn này nhả mồi trả ơn người cứu mạng là quá kì diệu và ngoài sức tưởng tượng.
>
Trước đó, những câu chuyện “rắn thần” báo thù được lan truyền khắp nơi khiến nhiều người rợn tóc gáy. Trong khi chuyện rắn trả ơn cứu mạng gần như chỉ có trong những câu chuyện cổ tích. Chính vì vậy, việc chú rắn này bình tĩnh nhả mồi trả ơn cứu mạng đã và đang là chủ đề nóng được dư luận quan tâm.
Một trong những câu chuyện rắn hổ chúa trả ơn cũng đang rất thu hút sự quan tâm của cộng đồng mạng đó là câu chuyện của chị H, hiện đang cư trú ở Nghệ An.
Thấy con rắn hổ chúa bị mắc lưới, chị H đã liều mình lao vào giải cứu con rắn trước khi bị bầy kiến xơi. sau đó chị về nhà và thấy bậy rắn trên giương, chúng quấn lấy chị, không hề làm hại chị. từ đó chị có thể trò chuyện và cầm bắt rắn hổ mà không bị chúng làm hại
Chị H đùa giỡn với bầy rắn
thấy sự việc kinh hoàng, người dân trong vùng phong cho chị là thần rắn, họ tôn thờ rắn chúa và không bao giờ làm hại bất kì con rắn nào",1,spam
Đóng gói tất cả các chương trình của bạn tốt,0,ham
"[CẢNH BÁO LỪA ĐẢO] Cảnh báo thủ đoạn hack tài khoản Facebook của người thân, sau đó nhắn tin mượn tiền gấp hoặc nhờ chuyển khoản thanh toán hóa đơn. Nhiều người thiếu cảnh giác đã chuyển tiền cho kẻ gian. Cần hết sức cảnh giác để tránh mất tiền.",1,spam
"Đối tượng giả danh cán bộ Bộ Công an, Viện kiểm sát gọi điện thông báo tài khoản ngân hàng bị rò rỉ thông tin bảo mật, yêu cầu cung cấp tên đăng nhập và mã OTP để bảo vệ tài khoản. Hãy chia sẻ cho người thân cùng biết.",1,spam
"Ngày 26/6, Yip Chee Ming, quốc tịch Malaysia, bị tòa án ở Singapore tuyên phạt 16 tháng và 2 tuần tù dù không thực hiện thành công bất kỳ cuộc gọi lừa đảo nào trong thời gian ngắn làm việc tại khu phức hợp lừa đảo ở Phnom Penh, Campuchia. Yip đã nhận tội về một tội danh tham gia nhóm tội phạm có tổ chức, một tội danh lừa đảo khác không bị xét xử riêng mà được tòa tính đến khi quyết định hình phạt. Yip hoạt động từ ngày 21 đến ngày 23/11/2024 trong đường dây tội phạm có trụ sở tại Phnom Penh. Anh ta nằm trong nhóm 12 người bị truy tố về các hành vi lừa đảo vào tháng 9/2025. Ngoài Yip, lực lượng cảnh sát Singapore đã bắt giữ 20 người khác có liên quan đến đường dây này. Tính đến tháng 5/2026, Interpol đã phát lệnh truy nã đỏ đối với ít nhất 31 nghi phạm khác đang lẩn trốn. Cách thức hoạt động của đường dây lừa đảo Tổ chức này tuyển nhân viên gọi điện để lừa đảo các nạn nhân người Singapore bằng cách giả danh quan chức chính phủ. Đường dây hoạt động theo bốn tầng: nhóm cầm đầu điều hành và trả hoa hồng; nhóm giám sát đào tạo các ""điện thoại viên""; nhóm gọi điện giả danh quan chức nhà nước để lừa người dân Singapore; và nhóm rửa tiền, thu gom tài khoản ngân hàng từ những người cho mượn hoặc đứng tên tài khoản ngân hàng rồi chuyển tiền lừa đảo thành tiền mã hóa. Đường dây này đặt căn cứ tại một căn biệt thự thuê và một tòa nhà 9 tầng, có nhân viên an ninh canh gác. Các ""điện thoại viên"" được cung cấp vé máy bay, phương tiện di chuyển, chỗ ở và suất ăn, đồng thời được hỗ trợ xin giấy phép lao động tại Campuchia. Ngoài việc đào tạo ""điện thoại viên"", đường dây này còn cung cấp cho họ trang phục và đạo cụ, như phông nền được thiết kế riêng có in logo của các cơ quan chính phủ Singapore, qua đó tăng độ tin cậy của các cuộc gọi lừa đảo. Bị sa thải sau 3 ngày gia nhập Tháng 10/2024, Yip được một người tên Jason rủ cùng làm việc tại một trung tâm lừa đảo ở Campuchia. Sau đó, cả hai được thêm vào một nhóm trò chuyện trên Telegram. Kẻ cầm đầu đường dây nói rõ công việc của họ là lừa đảo các nạn nhân. Để thuyết phục hai người, tổ chức này mời họ sang tận nơi xem cơ sở hoạt động, cam kết đài thọ toàn bộ chi phí. Ngày 25/10/2024, hai người bay từ Malaysia đến Campuchia. Bốn ngày sau, họ được dẫn đi tham quan trụ sở - khi đó là một biệt thự 5 tầng. Tại đây, Yip nhìn thấy các ""điện thoại viên"" ngồi trong những buồng cách âm dựng tạm bằng mút xốp, liên tục thực hiện các cuộc gọi lừa đảo. Yip quyết định gia nhập đường dây và quay lại Campuchia cùng Jason vào ngày 21/11/2024. Khi đó, tổ chức lừa đảo này đang trong quá trình di dời sau khi nhận được thông tin rằng cảnh sát có thể đột kích trụ sở. Yip và Jason được đưa đến một tòa nhà khác. Yip được giao đóng giả nhân viên ngân hàng, lừa các nạn nhân tin rằng tài khoản của họ có giao dịch trái phép, rồi chuyển cuộc gọi cho đồng phạm. Anh ta nhận mức lương cơ bản là 1.800 USD/tháng, kèm hoa hồng 1% tính trên số tiền chiếm đoạt được từ các nạn nhân. Theo thỏa thuận, tiền lương và hoa hồng đều được trả bằng tiền mã hóa. Ngày 22/11/2024, sau khi được hướng dẫn về quy trình thực hiện các vụ lừa đảo, Yip bắt đầu được những ""điện thoại viên"" khác đào tạo. Tổ chức còn phát cho anh ta một chiếc iPhone 6 cài sẵn các công cụ cần thiết và danh sách khoảng 30 công dân Singapore để nhắm mục tiêu. Yip được yêu cầu học thuộc kịch bản để sử dụng khi gọi cho các nạn nhân. Thế nhưng, anh ta không thể nói lời thoại một cách trôi chảy và tự tin. Vì vậy, trong ngày 22/11, anh ta không thực hiện thành công bất kỳ cuộc gọi lừa đảo nào. Ngày hôm sau, Yip lại thất bại và bị sa thải. Trước khi cho anh ta rời đi, kẻ cầm đầu thu điện thoại cá nhân của Yip để xóa sạch mọi tin nhắn liên quan đến hoạt động của tổ chức. Tối hôm đó, Yip về Malaysia. Tháng 2/2025, Yip bắt đầu làm tài xế giao hàng tại Singapore, kiếm được khoảng 1.800 USD mỗi tháng. Anh ta bị bắt vào ngày 9/9/2025. 'Không phải rời đi vì hối hận' Luật sư bào chữa cho rằng việc Yip hợp tác với cơ quan điều tra và nhận tội từ sớm là các tình tiết giảm nhẹ trách nhiệm hình sự, đồng thời đề nghị mức án 13,8 tháng tù. Trong văn bản trình lên tòa, phía bào chữa nhấn mạnh: ""Trường hợp của ông Yip là một ngoại lệ, bởi ngay cả bên công tố cũng thừa nhận ông không thực hiện thành công bất kỳ cuộc gọi lừa đảo nào trong thời gian tham gia đường dây"". Luật sư nói thêm rằng Yip là thành viên của đường dây này trong ""khoảng thời gian cực kỳ ngắn"" và không được trả một xu nào. Trong khi đó, bên công tố đề nghị mức án ít nhất 18 tháng tù. Tại phiên tuyên án, thẩm phán nhận định đường dây lừa đảo mạo danh quan chức chính phủ nhắm vào người dân Singapore đã gây thiệt hại ít nhất 52,5 triệu SGD qua 528 vụ việc được báo cáo trong khoảng một năm. Riêng các nạn nhân cao tuổi mất ít nhất 11,8 triệu SGD, với khoảng 90 người bị hại. Theo thẩm phán, Yip không nắm giữ vị trí nào trong cơ cấu của đường dây lừa đảo, không trực tiếp gây ra thiệt hại tài chính nào được xác định, chưa từng nhận tiền công và chỉ tham gia trong thời gian ngắn trước khi bị sa thải. Tuy nhiên, thẩm phán cho rằng mức độ trách nhiệm của Yip đối với hành vi phạm tội không thấp như phía bào chữa lập luận. Anh ta nhận thức rõ đây là đường dây lừa đảo nhưng vẫn đồng ý tham gia với mức lương cơ bản cùng khoản hoa hồng theo thỏa thuận. Anh ta cũng được phát một chiếc điện thoại di động đã cài sẵn các công cụ hỗ trợ phạm tội. Thẩm phán cho rằng: ""Quyết định gia nhập của anh ta là có chủ đích và xuất phát từ động cơ tài chính... Về cơ bản, bị cáo bị sa thải vì không thể tự tin thực hiện các cuộc gọi lừa đảo dù đã cố gắng hết sức, không phải rời đi vì hối hận"". Là thành viên của nhóm tội phạm có tổ chức, Yip có thể bị phạt tới 100.000 SGD, hoặc bị phạt tù tới 5 năm, hoặc cả hai. Tuy nhiên, nhờ hợp tác cung cấp thông tin cho nhà chức trách và sẵn sàng làm chứng chống lại các đồng phạm, Yip nhận mức án 16 tháng và 2 tuần tù. Tuệ Anh (theo CNA)",1,spam
Gặp sau bữa trưa LA ...,0,ham
RIÊNG TƯ!,1,spam
Chúng tôi có những ngày địa phương mới trong khu vực của bạn - rất nhiều người mới đã đăng ký trong khu vực của bạn.,1,spam
Tôi sẽ ra ngoài để mua AR hiện tại của mẹ.,0,ham
Tôi đã làm việc 3D của nó rất imp,0,ham
Thanx ...,0,ham
Không cần phải nói bất cứ điều gì với tôi.,0,ham
Hai bạn thân mến ... đây là amp mới của tôi;,0,ham
Các số Vodafone của ngày kết thúc với 0089 (bốn chữ số cuối cùng của tôi) được chọn để nhận giải thưởng Å £ 350.,1,spam
Không bao giờ đổ lỗi cho một ngày trong cuộc sống của bạn.,0,ham
K.I sẽ gửi vào & lt;#& gt;,0,ham
* Nghĩ rằng tôi không gặp bạn.,0,ham
"* Thật sự rất tốt khi gặp bạn vào ngày khác Dudette, đã nhớ bạn!",0,ham
[CẢNH BÁO LỪA ĐẢO] Cảnh báo thủ đoạn giả danh công an gọi điện thông báo phạt nguội hoặc dọa liên quan đến đường dây ma túy. Đối tượng yêu cầu nạn nhân chuyển toàn bộ tiền vào tài khoản chỉ định để xác minh rồi chiếm đoạt. Cần hết sức cảnh giác để tránh mất tiền.,1,spam
"Bạn có một người ngưỡng mộ bí mật, người đang tìm kiếm 2 người liên lạc với bạn, họ đã tiết lộ ai nghĩ rằng bạn rất đặc biệt gọi vào ngày 09058094599",1,spam
Người lớn 18 Nội dung Video của bạn sẽ sớm ở bên bạn,1,spam
"Thảo, 21 tuổi, trú thành phố Cần Thơ, vừa bị Cơ quan cảnh sát điều tra Công an tỉnh Lai Châu bắt tạm giam để điều tra tội Lừa đảo chiếm đoạt tài sản. Thảo giữ vai trò trung gian quan trọng trong đường dây lừa đảo xuyên quốc gia mà Công an Lai Châu vừa triệt phá ở tại tỉnh Bokeo, Lào. Theo công an, kẻ cầm đầu đường dây này là người nước ngoài. Còn Thảo trực tiếp nhận lệnh rồi truyền đạt ý kiến chỉ đạo đến nhóm người Việt Nam làm việc trong tổ chức. Hiện, tổng cộng 41 người đã bị khởi tố về cùng tội danh. Công an bước đầu xác định trong khoảng 2 tháng gần nhất, đường dây này đã lừa được gần 10 tỷ đồng của các bị hại tại nhiều tỉnh, thành. Điều tra ban đầu xác định, từ tháng 4/2026, nhóm này lợi dụng chủ trương miễn học phí, hỗ trợ bảo hiểm y tế cho học sinh tiểu học, THCS và THPT để dựng kịch bản lừa đảo. Mục tiêu chúng nhắm đến là phụ huynh và học sinh. Nhóm thuê một căn nhà tại xã Tonpheung, tỉnh Bokeo (Lào), lắp đặt hệ thống máy tính, thiết bị viễn thông và vận hành đường dây lừa đảo dưới vỏ bọc ""nhân viên bảo hiểm"". Mỗi ngày, chúng sử dụng tổng đài ảo gọi điện theo danh sách thông tin học sinh và phụ huynh có sẵn. Khi gọi điện, các nghi phạm yêu cầu phụ huynh cập nhật thông tin trên ứng dụng VNeID, liên kết tài khoản an sinh xã hội, bảo hiểm y tế với tài khoản ngân hàng. Sau khi tạo được lòng tin, chúng gửi một mã QR giả, giới thiệu là ""mã hồ sơ"" và hướng dẫn nạn nhân quét để hoàn tất việc liên kết. Thực chất, thao tác này giúp các nghi phạm chiếm quyền truy cập hoặc thực hiện giao dịch trên tài khoản ngân hàng. Khi nạn nhân làm theo toàn bộ hướng dẫn, tiền trong tài khoản lập tức bị chiếm đoạt. Qua vụ án, công an khuyến cáo người dân không làm theo hướng dẫn cập nhật VNeID, liên kết bảo hiểm y tế hoặc tài khoản ngân hàng qua điện thoại, Zalo. Đồng thời, tuyệt đối không quét mã QR, cung cấp mã OTP, chia sẻ màn hình hoặc để người lạ theo dõi thao tác trên ứng dụng ngân hàng để tránh bị lừa đảo.",1,spam
Không có pic.,0,ham
Hai Priya là bạn đúng.,0,ham
Bangbabes Đơn hàng của bạn đang trên đường.,0,ham
"Ngày nhận lời yêu anh, tôi từng hạnh phúc biết bao. Chúng tôi cùng đi chơi, dành cho nhau những tình cảm trong sáng. Anh luôn giữ khoảng cách và khiến tôi tin tưởng tuyệt đối. Trong mắt tôi khi ấy, anh là người đàn ông chín chắn và đáng tin nhất tôi từng gặp. Rồi một ngày, tôi phát hiện anh thuộc về người khác từ lâu rồi. Anh nói với tôi đã sống riêng với vợ một thời gian, không muốn tiếp tục che giấu một cô gái như tôi và muốn nghiêm túc tính chuyện lâu dài. Nghe anh nói, tôi cố giữ bình tĩnh để nghe hết câu chuyện. Người đàn ông mà tôi từng thức hàng đêm trò chuyện, cùng anh vẽ ra bao nhiêu dự định cho tương lai, cuối cùng lại giấu tôi một sự thật quá lớn. Tôi đã khóc rất nhiều, bỏ về trong lúc trời mưa, mặc cho anh liên tục gọi điện giải thích. Tôi không thể chấp nhận việc mình trở thành người thứ ba nên quyết định rời đi, chuyển đến một nơi khác để bắt đầu lại. Thời gian trôi qua, tôi cũng dần nghĩ rằng mình đã quên được anh. Khoảng một năm sau, công việc ổn định, tôi trở về quê. Tình cờ gặp lại anh, trái tim tôi vẫn nhói lên dù đã cố tỏ ra bình thản. Bạn bè khuyên tôi nên nhìn mọi chuyện nhẹ nhàng hơn, rằng một người từng có gia đình không có nghĩa là họ không thể bắt đầu một cuộc sống mới. Tôi cũng tự hỏi, nếu anh đã thực sự độc thân thì tại sao tôi phải mãi định kiến với quá khứ của anh? Thực tế anh chỉ ly thân với vợ chứ đã ly hôn đâu. Sau đó anh liên tục nhắn tin nói nhớ tôi, rằng anh vẫn còn tình cảm và chưa thể quên những ngày tháng trước đây. Tôi vui khi đọc những lời ấy nhưng trong lòng vẫn đầy mâu thuẫn. Tôi hiểu nếu đến với anh, mình sẽ phải đối mặt với rất nhiều vấn đề. Thế nhưng những lời động viên của bạn bè khiến tôi dần mềm lòng. Sau một thời gian đấu tranh giữa lý trí và tình cảm. Cuối cùng tôi đồng ý cho anh một cơ hội khi anh nói đã làm xong thủ tục ly hôn. Rồi càng gần đến lúc bàn chuyện cưới xin, tôi càng nhận ra sự bất an trong cách anh nói chuyện. Anh nhiều lần né tránh khi tôi đề cập đến việc gặp gỡ gia đình và muốn chúng tôi đi riêng đến một nơi xa trước khi kết hôn. Trong lòng tôi bắt đầu xuất hiện nghi ngờ. Tôi không muốn nghĩ xấu về người mình yêu nên cố gắng kiềm chế, nhưng đồng thời nhất quyết yêu cầu anh đưa tôi về gặp người thân. Nhìn thái độ ngập ngừng của anh, tôi dần hiểu có điều gì đó không ổn. Rồi tôi quyết định tự mình kiểm chứng mọi chuyện. Những gì tôi phát hiện khiến tôi đau đớn nhưng cũng tỉnh táo hơn. Tôi nhận ra suốt một thời gian dài, có thể anh đã không thành thật với tôi về mục đích của mối quan hệ này, tất cả chỉ vì anh muốn tôi trao thân cho anh thôi. Những lời nói về tình yêu, hôn nhân và tương lai có thể chỉ là cách anh khiến tôi tin tưởng, còn điều anh thực sự muốn lại khác hoàn toàn. Lúc ấy tôi không còn khóc nữa. Tôi thậm chí bật cười, không phải vì vui mà vì cuối cùng mình cũng nhìn thấy rõ sự thật. Tôi từng nghĩ anh là người đạo diễn cuộc đời mình, nhưng hóa ra chính tôi mới là người có quyền quyết định đoạn kết. Từ khoảnh khắc đó, tôi không còn muốn trách móc, cũng chẳng cần anh giải thích thêm. Những nghi ngờ từng khiến tôi mất ngủ suốt nhiều tháng cuối cùng đã có câu trả lời. Tôi chọn bước ra khỏi mối quan hệ này, nhẹ lòng hơn rất nhiều vì ít nhất mình đã không tiếp tục đặt niềm tin vào một người không xứng đáng. Huyền Trâm",1,spam
Tôi định làm điều đó khi tôi nhắn tin.,0,ham
83039 62735 = £ 450 UK Break Chỗ ở Điều khoản & Điều kiện áp dụng.,1,spam
"Hot Live Fantasies Gọi ngay 08707509020 Chỉ cần 20p mỗi phút NTT LTD, PO Box 1327 Croydon CR9 5WB 0870..K",1,spam
K :) k.are bạn ở trường đại học?,0,ham
Hmm Yeah nếu bạn không quá rãnh!,0,ham
"Bạn là người chiến thắng, bạn đã được chọn đặc biệt 2 £ 1000 hoặc 4* Holiday (Flights Inc) Nói chuyện với Nhà điều hành trực tiếp 2 Yêu cầu 0871277810910P/phút (18+)",1,spam
"Đúng, Great Loxahatchee Xmas Tree Burning of & lt;#& gt;",0,ham
"Vâng, tôi đã không có sẵn vì tôi Washob Nobbing với đêm qua nên họ phải hỏi Nickey Platt thay vì tôi !;",0,ham
"Ngày 12/6, Công an TP HCM cho biết đang mở rộng điều tra vụ việc 83 người Trung Quốc này cùng hàng trăm người nước ngoài khác nhập cảnh trái phép, nghi vấn hoạt động lừa đảo. Đây là kết quả trong đợt cao điểm 45 ngày trấn áp tội phạm do Công an TP HCM triển khai. ""Việc triệt phá kịp thời đã góp phần ngăn chặn nguy cơ hình thành một trung tâm lừa đảo công nghệ cao xuyên quốc gia quy mô lớn"", Công an TP HCM đánh giá. Thuê trọn khách sạn làm 'đại bản doanh' Trước đó, trung tướng Mai Hoàng - Giám đốc Công an TP HCM chỉ đạo thành lập 22 tổ công tác do Phòng Quản lý xuất nhập cảnh chủ trì, phối hợp công an các đơn vị, địa phương đồng loạt kiểm tra 420 cơ sở lưu trú trên địa bàn. Trong ngày 8/6, lực lượng chức năng phát hiện một nhóm gồm 83 người mang quốc tịch Trung Quốc thuê trọn khách sạn The Emerald Gold tại khu phố Hòa Phú 4, phường Bình Dương. Theo nhà chức trách, phần lớn trong số này nhập cảnh trái phép từ Campuchia sang TP HCM để thiết lập ""đại bản doanh"" phục vụ hoạt động lừa đảo chiếm đoạt tài sản của người dân tại Trung Quốc. Khám xét nơi ở, cảnh sát thu giữ hàng trăm máy tính, điện thoại di động cùng nhiều thiết bị điện tử khác. Cơ quan điều tra xác định toàn bộ hệ thống nhân sự và cơ sở vật chất phục vụ hoạt động lừa đảo vừa được nhóm này tập kết, lắp đặt nên chưa kịp đưa vào vận hành. Gần 300 người nước ngoài vi phạm bị phát hiện Cũng trong đợt tổng kiểm tra, các tổ công tác phát hiện 84 trường hợp cơ sở lưu trú không khai báo lưu trú đối với người nước ngoài. Ngoài ra, gần 300 người nước ngoài bị phát hiện có các hành vi như nhập cảnh trái phép, lao động bất hợp pháp, đánh bạc và lừa đảo trên không gian mạng đối với người dân thuộc nhiều quốc gia. Qua làm việc, Công an TP HCM nhận thấy nhiều cơ sở lưu trú vì lợi nhuận đã cố tình cho người nước ngoài không có giấy tờ hợp pháp thuê phòng mà không thực hiện khai báo theo quy định. Nhà chức trách cảnh báo hành vi tiếp tay cho người nước ngoài lưu trú trái phép có dấu hiệu của tội Tổ chức, môi giới cho người khác xuất cảnh, nhập cảnh hoặc ở lại Việt Nam trái phép theo Điều 348 Bộ luật Hình sự, với khung hình phạt cao nhất lên đến 15 năm tù. Hồi đầu tháng 6, Công an tỉnh Phú Thọ cũng phát hiện một nhóm người Trung Quốc từ Campuchia sang Việt Nam thuê nhiều villa, farmstay và khu nghỉ dưỡng tại Hà Nội, Lào Cai, Phú Thọ để chuẩn bị lập trung tâm lừa đảo trực tuyến. Nhà chức trách thu giữ 73 máy tính, 134 điện thoại cùng nhiều thiết bị điện tử, xác định toàn bộ hệ thống vừa được lắp đặt và chưa kịp vận hành. Quốc Thắng",1,spam
"[CẢNH BÁO LỪA ĐẢO] Cảnh báo chiêu trò lừa đảo lập trang web, fanpage giả mạo các hãng hàng không bán vé máy bay giá rẻ. Người dân chuyển tiền xong thì không nhận được vé và bị chặn mọi liên lạc. Nạn nhân nên trình báo cơ quan công an gần nhất.",1,spam
Aiyo xin vui lòng ì_ có thời gian meh.,0,ham
"Rất tiếc, điện thoại của tôi đã chết và tôi thậm chí không biết.",0,ham
Tôi cũng thk quá nhanh ... xy gợi ý một người không phải là tôi.,0,ham
Tôi cũng đến phòng.,0,ham
Tôi không nên mua một chiếc xe BMW khẩn cấp..Thôi Vry Urgent.Nhưng hv thiếu & lt;#& gt;,0,ham
Từ 88066 Mất £ 12 trợ giúp,1,spam
"Cảm giác như trục quay trái đất sắp gãy khi xem loạt ảnh không thể không gào thét này
Bạn sẽ thấy bứt rứt, khó chịu, đau đớn thậm chí là tức nổ đom đóm mắt nếu một ngày rơi vào hoàn cảnh như vậy! Tôi khuyên bạn chân thành một câu, đừng để những thứ cối chày đó ảnh hưởng đến cảm xúc của mình, vì nó đang muốn mình già đi, xấu xí đi.
Thà không cắt còn bảo toàn được cái kéo chứ giờ thì…
Vật cuối cùng để liên lạc với người yêu cũng bị hỏng
Cảm giác như khó thở, bứt rứt đầy bất lực
Tại sao chúng mày lại chống lại tao thế kia?
Tan nát đời mông 😀
May chỉ hỏng cái ghế, hỏng bộ ấm chén thì còn nhục ấy
ĐÁnh rễ đánh cả cụm
Tấm lưng này mà mang đi tán gái, em không đổ cũng phải đổ
Tao xin mày, nhà tao con một mày ơi!
Bằng chứng xác thực của chân dài đến nách",1,spam
"Được rồi, tôi sẽ đi đến USF trong khoảng mười lăm phút",0,ham
Gọi 09094100151 để sử dụng các phút của bạn!,1,spam
"500 điện thoại di động mới từ năm 2004, phải đi!",1,spam
Câu trả lời đầu tiên câu hỏi của tôi.,0,ham
Hợp đồng của bạn có 11 Mnths không?,1,spam
Thanx 4 E brownie Nó rất tốt ...,0,ham
Bạn là một người chiến thắng mà bạn đã được chọn đặc biệt để nhận £ 1000 tiền mặt hoặc giải thưởng Å £ 2000.,1,spam
Nghĩ rằng bạn thông minh?,1,spam
Cảnh báo thủ đoạn mạo danh ngân hàng gửi tin nhắn SMS chứa liên kết độc hại để chiếm đoạt mã OTP.,1,spam
"Tôi ở bên ngoài những hòn đảo, đi về phía đá cứng và bạn sẽ gặp tôi",0,ham
Phony Å £ 350 Giải thưởng - Số Voda ngày nay kết thúc xxxx được chọn để nhận giải thưởng Å £ 350.,1,spam
Kênh nào :-) :-) :) :-).,0,ham
Này trực tuyến!,0,ham
"Cán bộ công an cảnh báo: Đối tượng giả danh cán bộ Bộ Công an, Viện kiểm sát gọi điện thông báo tài khoản ngân hàng bị rò rỉ thông tin bảo mật, yêu cầu cung cấp tên đăng nhập và mã OTP để bảo vệ tài khoản. Cần hết sức cảnh giác để tránh mất tiền.",1,spam
Jus đã hoàn thành Avatar Nigro,0,ham
"Cảnh báo thủ đoạn hack tài khoản Facebook của người thân, sau đó nhắn tin mượn tiền gấp hoặc nhờ chuyển khoản thanh toán hóa đơn. Nhiều người thiếu cảnh giác đã chuyển tiền cho kẻ gian. Nạn nhân nên trình báo cơ quan công an gần nhất.",1,spam
Thông tin đời sống: Xu hướng sử dụng xe điện tại các thành phố lớn đang tăng nhanh nhờ hệ thống hạ tầng trạm sạc ngày càng hoàn thiện và chính sách miễn thuế trước bạ từ phía nhà nước. Chi tiết xem tại cổng thông tin chính thức.,0,ham
Không có de.am nhìn thấy trong cửa hàng trực tuyến để tôi hỏi.,0,ham
1 tuổi về nhà Gọi cho tôi.,0,ham
"Bạn có khỏe không, tình yêu của tôi?",0,ham
Bạn có sẵn cho Soiree vào ngày 3 tháng 6 không?,0,ham
Cả ngày làm việc ngày :) ngoại trừ thứ bảy và chủ nhật ..,0,ham
"Những dấu hiệu nhận biết nhà bạn đang có ma và cách trừ ma quỷ trong nhà
Những dấu hiệu nhận biết nhà có ma đơn giản nhất
Dấu hiệu nhận biết nhà có maCác khung giờ 18 giờ chiều, 24 giờ đêm (0 giờ sáng) và 3 giờ sáng (quỷ môn quan) chính là 3 khung giờ mà vong hồn thường xuyên hoạt động mạnh mẽ nhất. Khi ấy, thường bầu không khí sẽ trở nên lạnh lẽo và ghê rợn vô cùng.
Dưới đây các cách trừ ma quỷ trong nhà ứng với từng trường hợp cụ thể
1. Vật nuôi có nhiều hành động lạ lùng hoặc chó sủa vu vơ
Vật nuôi bao gồm chó, mèo, chuột… đều là những con vật cực kỳ nhạy cảm với thế giới tâm linh. Chúng có thể nhìn thấy những gì mà người thường không thể phát hiện ra nổi, đặc biệt là chó mực.
Nếu thấy chó nhà bạn hay sủa vu vơ hay tru lên từng hồi dài hoặc chạy đến một căn phòng tối để kêu gào ầm ĩ.
Chó, mèo, chuột… đều là những con vật cực kỳ nhạy cảm với thế giới tâm linhRiêng chó mực, nếu thấy nó chạy 3 chân 4 căng, chạy kinh hồn bạt vía còn mèo cứ đờ đẫn nhìn chằm chằm vào một điểm nào đó thì ắt hẳn, trong nhà bạn đang ẩn chứa nhiều vong hồn vất vưởng.
Cách hóa giải âm khí trong nhà: Với trường hợp vật nuôi như chó mèo sủa inh ỏi hoặc đờ đẫn ngồi im hay chạy trốn khỏi căn phòng nào đó, hãy lấy giẻ lau (bẩn hoặc sạch đều được) có thấm nước tiểu của con vật đó rồi bí mật để vào một góc phòng.
Ma quỷ sẽ nhanh chóng rời đi mà không dám lưu lại “lộng hành”.
2. Nhiều tiếng động lạ xuất hiện xung quanh nhà
Nhiều người đã bị ám ảnh rất lâu bởi việc phải nghe những tiếng động đáng sợ xuất hiện quanh nhà vào những quãng thời gian ma quỷ nói trên.
Kinh khủng nhất là vào ban đêm, khi ở một mình phải căng tai lên nghe tiếng bát đĩa vỡ hay tiếng bước chân thình thịch đi lại ngoài hành lang hay tiếng khóc lóc thảm thiết cùng những tiếng cào ai oán…
Kinh khủng nhất là vào ban đêm, khi ở một mình nghe thấy tiếng đi lại ngoài hành lang hay tiếng khóc lóc thảm thiếtNếu nhà bạn không có nguồn gây ra tiếng ồn một cách chính đáng, như nuôi thú cưng hay trẻ nhỏ quấy về đêm hoặc gia đình có chuyện bất hòa và các âm thanh này liên tục lặp lại với tần suất ngày một dày lên thì chắc chắn, trong nhà có vong!
Cách hóa giải âm khí trong nhà: Muốn hóa giải trường hợp ma ám này, hãy treo 1 quả hồ lô có buộc dây tơ hồng ở chính giữa vào đúng hướng Tây Nam của cửa chính.
Ngoài ra cũng cần đặt một chiếc chổi cùn hay một chiếc quần đùi rách tại nơi phát ra những tiếng động kinh hoàng đó.
Nếu bạn hay nghe thấy những tiếng gõ “cộc cộc cộc” 3 tiếng gõ/lần ở trên trần nhà hoặc tại vách tường hay tiếng thả hòn bi rơi xuống nền nhà bằng gạch 3 viên/lần thì đừng bao giờ đáp trả hoặc gõ lại. Nếu không bạn sẽ bị ma quỷ hớp hồn hay nhập vong ngay tức khắc.
3. Đồ đạc biến mất hoặc dịch chuyển so với vị trí ban đầu
Các đồ đạc trong nhà hoặc rất to hoặc rất nhỏ thường xuyên biến mất bí ẩn dù bạn đã cất hoặc sắp xếp chúng gọn gàng như chìa khóa, điện thoại, ví tiền…
Hoặc bàn ghế, bát đũa, nồi niêu… biến mất một cách khó hiểu rồi bất ngờ xuất hiện trở lại…
Đồ đạc trong nhà thường xuyên biến mất bí ẩnHoặc đáng sợ hơn, vong hồn ma quỷ trong nhà cố gắng phát ra từ trường nhằm mục đích di chuyển đồ gia dụng để hù dọa chủ nhà, để họ phải chú ý đến sự tồn tại của chúng.
Thường chúng hành động về đêm, muốn biết chỉ cần đặt một vài tép tỏi khô ở vị trí khả nghi. Nếu đồ vật không hề suy xuyển thì chúng đang sợ hãi và cách nhận biết nhà có vong này là chính xác.
Cách hóa giải âm khí trong nhà: Đặt ở góc phải nhà một viên đá thạch anh tím phong thủy, vật phẩm này sẽ hấp thu năng lượng và từ trường xấu của các vong linh, khiến chúng ngày một suy yếu và tự động rời đi.
Có thể linh động sử dụng các cách trừ ma quỷ trong nhà lẫn nhau tùy theo từng vị trí và địa điểm xuất hiện ma quỷ.
Tốt nhất, ngay khi nhận thấy những dấu hiệu lạ thường ngày, ngoài các hành động trên, hãy mời thầy phong thủy và tâm linh có tiếng đến nhà hóa giải.
Một số dấu hiệu nhận biết nhà có ma khác
1. Cảm xúc thất thường như thấy người khác theo dõi từ sau lưng, trên cao hoặc luôn thấy ai đó đang nhìn chằm chằm vào mình hay bị một bàn tay vô hình nào đó chạm vào người.
2. Các thiết bị điện tử trong nhà hoạt động bất thường: Như đèn tự tắt bật, ti vi tự đổi kênh, tủ lạnh, máy giặt tự hoạt động khi không có người và hệ thống điện hoàn toàn bình thường.
3. Côn trùng bất ngờ xuất hiện và quấy phá trong khi từ trước đến giờ nhà bạn khá sạch sẽ. Có thể một thế lực vô hình đang cố tình lôi kéo chúng đến.
4. Nhà có mùi lạ: Đây là dấu hiệu chung ở những căn nhà bị ma ám trước do chính các vị chủ nhân khốn khổ kể lạ. Mùi lạ được ngửi thấy nhiều nhất là mui thuốc lá, mùi nước hoa, bột phấn rôm hay mùi của khói cả mùi thịt thối!
5. Gặp ác mộng thường xuyên: Các nhân vật xuất hiện trong mơ là những người lạ mặt, kỳ quái, hành động khó hiểu… Có thể, họ đang cố gắng “nhờ” bạn giúp họ liên lạc giữa cõi dương và cõi âm.
Gặp ác mộng thường xuyên6. Nhiệt độ thay đổi bất thường như đang nóng thì đột ngột lạnh toát hoặc lạnh gáy vì có ai đó thổi luồng không khí rợn người từ sau lưng
7. Nhìn thấy một hồn ma với đôi mắt vô hồn đang nhìn chằm chằm vào chính mình. Đây là dấu hiệu cuối cùng xác thực nhất chứng minh, trong nhà có vong!
Nhìn thấy một hồn ma với đôi mắt vô hồn đang nhìn chằm chằm vào chính mìnhCách hóa giải âm khí trong nhà: Nếu bạn là người tốt, đừng sợ, hãy cứ sống bình thường, ma quỷ sẽ không bao giờ làm hại bạn đâu!
Nếu cẩn thận hơn, hãy đốt một nhánh ngải trắng và khẽ đi xung quanh khắp ngôi nhà, vừa đi vừa nói “ngươi có thể đi được rồi” hoặc “những linh hồn đang ẩn dật và các tạp chất tiêu cực và mọi vận rủi, xin hãy yên nghỉ”.
Cách làm này sẽ đánh thức các vong hồn và đuổi chúng đi nhanh chóng. Khi thực hiện, nên mở toàn bộ cửa sổ, cửa ra vào để ma quỷ bị trục xuất nhanh chóng.",1,spam
"Thông tin khẩn cấp, quan trọng cho người dùng O2.",1,spam
Ffffffffff.,0,ham
Vẽ VA? Tôi không nghĩ vậy :),0,ham
"Chấp nhận đổ vỏ cho con nhỏ bạn thân và cái kết sốc
Tối đang ngồi nhậu với mấy thằng bạn thì con Lê (bạn thân của Tấn) gọi điện léo nhéo suốt. Bực mình Tấn bắt máy cau có.
– Gọi gì mà lắm tao thế đang đi chơi rồi.
– Tấn ơi, anh Vũ bỏ tao đi lấy đứa khác rồi. Giờ tao đang mang bầu 3 tháng rồi, tao phải làm sao với cái bụng bầu này đây, giờ mà mang nó về quê thì tao chỉ có nước thắt cổ tự vẫn thôi. Cứu tao với Tấn ơi.
– Mày điên à? Nó làm mày có bầu thì mày đến mà bắt đền nó, bảo nó bỏ con kia cưới mày là xong, gọi tao được cái tích sự gì?
– Nhưng hôm nay họ cưới rồi, tao hết cơ hội rồi.
– Con điên, thế sao giờ mày mới nói. Ở nhà đấy, tao sẽ đến ngay.
Sợ Lê thất tình nghĩ quẩn Tấn vội vã phóng xe đến nhà con bạn thân ngay lập tức. Thấy nó đóng kín cửa khóc lóc trong nhà Tấn vội đập cửa ầm ĩ thì Lê mới mở ra mà nước mắt ngắn nước mắt dài ôm lấy Tấn.
– Tao phải làm sao bây giờ, hay tao phá bỏ đi để mọi chuyện êm thấm nhé. Tao không dám đối mặt với dư luận, không thể nuôi con 1 mình được. Tao sợ, sợ lắm.
– Sợ mà lúc nó lừa mày vào nhà nghỉ mày cũng vui vẻ để nó thỏa mãn à? Giờ thì trắng mắt ra chưa, tao nói thì không nghe cứ đâm đầu vào yêu cái thằng sở khanh đó để khổ lây cả tao. Thôi đừng khóc nữa, tao tính thế này nhé mày xem có được không?
– Tính như nào, mày nói đi.
– Mày không được phá đứa con này đi, tao sẽ về quê nhận làm bố đứa trẻ này và cho mày 1 cái đám cưới giả nhưng lúc đứa bé chào đời thì mày đưa nó đi xét nghiệm giải oan cho tao đấy!
– Mày lấy tao vì không muốn tao phá đứa con này đi ư? Mày đùa hay là thật vậy?
– Con dở, đùa gì trong lúc này nữa. Trẻ con làm gì có tội mà mày bắt nó phải chết, người có tội là mày với thằng bồ mày đấy. Đừng có phá tội nghiệp đứa trẻ.
– Vậy là mày cưới tao đúng không, mai tao đưa mày về quê rồi nói chuyện cưới xin với bố mẹ tao nhá. Nhân cơ hội này tao cũng muốn trêu đểu gã người yêu cũ.
– Thôi, tôi lạy bà. Tôi không phải trò chơi của các người, nên nhớ tao giúp mày chỉ vì đứa bé kia thôi chứ còn thằng tình cũ của mày tao không liên quan nhá. Biết chừng biết mực thôi bà nội ạ.
Hôm sau Tấn đèo Lê về quê Lê chịu tội và xin phép bố mẹ Lê cho 2 đứa tổ chức đám cứoi. Tấn nói dối rằng mình là trẻ mồ hôi, không người thân thích gì hết nên cưới không có họ hàng đứng ra mong nhà gái thông cảm. Vừa giận Tấn là người khiến con gái mình có bầu, là trẻ mồ côi bố mẹ Lê tỏ vẻ không đồng ý nhưng vì cái thai trong bụng con gái đang lớn lên từng ngày họ đành gật đầu đồng ý vậy.
Đám cưới của đôi trẻ diễn ra sau đó của nửa tháng, ngày cưới Lê cứ khóc suốt vì cảm động trước việc thằng bạn làm vì mình. Còn Tấn thì cứ phải diễn thật tốt vai diễn của 1 người chồng có trách nhiệm, luôn yêu thương quan tâm vợ từng tý 1. Lên trao của hồi môm cho vợ chồng Lê, bố Lê nắm thật chặt tay Tấn đe.
– Anh mà để con gái tôi khổ, tổn thương thì liệu hồn đấy!
– Dạ, con yêu vợ không hết sao dám làm cô ấy buồn được ạ.
Cưới xong vợ chồng Lê định trốn lên thành phố ở luôn nhưng bố mẹ vợ bắt ở rể 1 tuần mới cho đi. Suốt 1 tuần phải tiếp tục vai diễn con rể ấy khiến Tấn sợ tái mặt, bố vợ thì suốt ngày gạ Tấn uống rượu đến mức anh say mềm không biết gì.
Lên được thành phố Tấn như chim sổ lồng, anh và Lê chia tay nhau ai ở phòng ấy thi thoảng Tấn chạy qua giúp đỡ Lê cái này cái kia và lúc nào bố mẹ vợ ở quê lên thăm thì 2 đứa anh lại về sống với nhau giả vờ như vợ chồng.
Thế rồi cũng đến ngày Lê vượt cạn, Tấn đến đưa Lê đi viện mà lo lắng hồi hộp như chính Lê là vợ anh không bằng ấy. Hồi hộp đợi Lê đẻ hơn tiếng đồng hồ mới xong, bác sĩ bế đứa bé đỏ hỏn ra trao cho Tấn và bảo.
– Chúc mừng anh, chị nhà đã vượt cạn thành công. Thằng bé giống anh y như đúc vậy? Cô ấy sinh thiếu tháng mà cu cậu khá khỏe đấy.
– Hả??? Giống tôi á bác sĩ, đứa bé này sao có thể giống tôi được.
– Anh nhìn kỹ nó đi rồi hãy hỏi lại nhé. Giống như đổ khuôn thế kia rồi thắc mắc gì, hay anh không phải bố nó.
– Tôi… tôi…
Bế đứa bé trên tay Tấn choáng khi cu cậu giống hệt mình mới lạ chứ? Rõ ràng đây là con của tình cũ của Lê sao nó lại giống anh được thế nhỉ. Lê tỉnh dậy sau cú vượt cạn tưởng chết đấy, thấy thằng bé sinh ra giống thằng bạn thân y như đúc cô cũng choáng váng lắm. Cả Lê và Tấn nhìn nhau không ai nói được câu gì rồi cả 2 quyết định đưa con đi xét nghiệm A DN cùng Tấn để làm rõ chuyện này.
Gần 1 tháng đợi kết quả xét nghiệm, Tấn đưa Lê về nhà mẹ vợ ở cữ để bà ngoại tiện chăm sóc. Ngày cầm tờ kết quả xét nghiệm về với dòng chữ kết luận: “Cùng huyết thống” Tấn sốc vẫn chưa hiểu tại sao đứa bé là con mình cho tới khi Lê giật tờ giấy xem rồi kẽ cười tủm.
– Thằng bé này là con mày đấy. Mày còn nhớ lúc cưới xong bố mẹ tao bắt mày ở rể 1 tuần không? Có tối mày uống rượu say khướt với bố tao rồi vào giường cứ đòi hỏi tao “chuyện ấy” như đúng rồi. Tao nghĩ đứa bé này ra đời là kết quả của đêm mày say quắc cần câu đó đấy.
– Ừ, cứ cho mày có con với tao thế cái thai 3 tháng của thằng người yêu cũ mày trước khi cưới tao đâu.
– Hì hì, đợt đấy tao thấy 2 tháng mà không có “đèn đỏ” tao cứ nghĩ mình dính bầu rồi mà không thử que, ai ngờ là không phải. Do tao ăn ngủ thất thường nên kinh nguyệt không đều thôi. Nào, giờ mày có muốn tao giải thoát cho mày không?
– Hả??? Tao cũng đến quỳ mày đấy con điên à? Có thai hay không cũng không chắc chắn nữa vậy mà khóc lóc như đúng rồi. Thôi thì tao với mày đã lỡ có con với nhau rồi thì ở với nhau như vợ chồng thôi. Tao có điên đâu mà bỏ con mình.
– Mày lấy tao thật á, hay chỉ vì đứa bé này là con mày?
– Cả 2. Sao đời tao lại phải lấy đứa bạn thân điên điên khùng khùng như mày. Thế nên từ giờ mày phải bủ đắp cho tao đấy nhé.
– Bù đắp cái gì?
– Thì mày phải làm vợ tao và làm mẹ của con tao suốt đời.
Sau vụ đấy thay vì Tấn và Lê đường ai nấy đi thì họ lại sống với nhau như vợ chồng thật. Giờ Tấn chuyển từ tình bạn sang tình yêu, ngôi nhà nhỏ của anh luôn đầy ắp tiếp cười và hạnh phúc. Nhiều đêm nằm ôm vợ Tấn cứ nghĩ đó như 1 giấc mơ, vậy mà giờ mọi thứ đã thành sự thật rồi.",1,spam
Nhà vô địch chỉ rời khỏi Glasgow!,0,ham
Đừng biết..wait tôi sẽ kiểm tra nó.,0,ham
Vừa thức dậy.,0,ham
Thưởng thức Câu lạc bộ Gold Video của Jamster với các khoản tín dụng của bạn cho 2 video mới+2 Logo+MusicNews!,1,spam
Nhiều trường đại học công bố phương thức xét tuyển học bạ THPT cho kỳ tuyển sinh mới.,0,ham
"Cùng với việc ban hành cáo trạng mới đây, VKSND Hà Nội kêu gọi bị can Nguyễn Thị Hương Giang, 53 tuổi, cựu Giám đốc Ngân hàng TMCP Đông Nam Á - chi nhánh Hai Bà Trưng (SeaBank Hai Bà Trưng), ra đầu thú để hưởng khoan hồng. Bà Giang bị truy tố tội Vi phạm quy định về cho vay trong hoạt động của các tổ chức tín dụng. Cùng vụ án, bị can Lê Anh Tâm, cựu Giám đốc Công ty TNHH Xây dựng An Việt Úc, bị truy tố tội Lừa đảo chiếm đoạt tài sản. Như Giang, bị can Tâm đã xuất cảnh giai đoạn 2012-2013 không về, được xác định đang trốn truy nã, và bị truy tố, xét xử vắng mặt. Cáo trạng xác định, Công ty Vina Megastar do Nguyễn Hoàng Long làm Chủ tịch HĐQT kiêm Tổng giám đốc, có dư nợ 400 tỷ đồng tại SeaBank Hai Bà Trưng từ giai đoạn 2010-2011. Để có tiền trả nợ và duy trì hoạt động kinh doanh, Long gặp và bàn bạc với Giang, giám đốc chi nhánh khi đó, về việc tiếp tục vay vốn SeaBank. Hai bên thống nhất phương thức lập khống các hồ sơ tín dụng bằng cách chỉ đạo giám đốc các công ty thành viên thuộc Tập đoàn Vina Megastar ký các hợp đồng mua bán hàng hóa, hợp đồng thuê kho bãi và biên bản kiểm kê hàng hóa không có thực. Các mặt hàng được đưa vào hồ sơ khống chủ yếu là sắt thép, nhưng thực tế không có hàng hóa lưu kho để làm tài sản đảm bảo. Bị can Tâm với vai trò là Giám đốc Công ty An Việt Úc và là em vợ của Long, được xác định đã giúp sức tích cực cho Long trong việc chiếm đoạt tài sản. Cụ thể, tháng 7/2011, Tâm ký hợp đồng tín dụng hạn mức 7 tỷ đồng với SeaBank Hai Bà Trưng. Để hợp thức hóa hồ sơ vay vốn, Tâm ký khống hợp đồng mua bán hơn 737 tấn thép cuộn trị giá gần 13 tỷ đồng với Công ty Cơ khí Megastar. Dưới sự chỉ đạo của Giang, các nhân viên SeaBank đã lập các biên bản thẩm định giá trị tài sản đảm bảo và biên bản kiểm kê hàng hóa khống để hoàn thiện hồ sơ. Toàn bộ số tiền giải ngân sau đó được chuyển cho Long sử dụng và chiếm đoạt. Ngoài sai phạm tại Công ty An Việt Úc, cáo trạng cũng xác định các hành vi tương tự xảy ra tại các công ty khác, dưới sự chỉ đạo của Long. Với thủ đoạn trên, Long được SeaBank cho vay tổng 30 tỷ đồng, trong đó số tiền bị chiếm đoạt hơn 14 tỷ đồng. Về trách nhiệm dân sự, SeaBank đã có văn bản xác nhận Long và các cá nhân liên quan đã thực hiện bồi thường toàn bộ số tiền đã chiếm đoạt cho ngân hàng. Ông Long đã bị phạt 10 năm tù trong phiên tòa năm 2017. Hải Thư",1,spam
"Tôi sẽ không đến, làm bất cứ điều gì bạn muốn",0,ham
"Tin tức hôm nay: Giá vàng trong nước hôm nay tiếp tục biến động nhẹ, giao dịch quanh mức niêm yết của các công ty kinh doanh vàng bạc đá quý lớn. Chuyên gia khuyến cáo người dân cẩn trọng khi đầu tư. Báo cáo mới nhất vừa được công bố.",0,ham
"Sau đó, bất kỳ đặc biệt ở đó?",0,ham
Bạn có muốn 750 bất cứ lúc nào bất kỳ mạng nào,1,spam
"""Bản thân tôi 25 tuổi bị bạn lừa 50 triệu đồng, mất cả bạn lẫn tiền. Năm 28 tuổi lại bị người lạ lừa 20 triệu đồng. Năm 32 tuổi bị người lạ lừa tiếp 40 triệu đồng. Năm 34 tuổi tôi cưới vợ, năm 35 tuổi bị lừa tiếp 50 triệu đồng. Buồn quá, tôi cho vợ giữ tiền, một năm sau vợ bị người ta lừa hơn trăm triệu. Bây giờ tôi nghĩ lại, giả sử lúc đó có người cản, mình có tin không? Câu trả lời là có nhưng khả năng sau đó sẽ bị mắc lừa tiếp và có thể là số tiền lớn hơn rất nhiều, đau hơn rất nhiều vì khi lớn tuổi hơn thông thường sẽ có nhiều tài sản hơn và trách nhiệm với con cái, gia đình nhiều hơn. Nói chung phải trải qua những lần mất mát lớn thì những người dại khờ như tôi mới rút ra được những bài học, chứ chẳng ai cản nổi, hoặc có cản được thì cũng chỉ là lúc đó thôi chứ về sau sẽ bị lừa lớn hơn nữa. Sau này tôi rút ra bài học chỉ đầu tư những gì mình thật sự biết rõ. Nếu không biết rõ hoặc lơ tơ mơ thì sẽ chắc chắn không tham gia. Tôi chấp nhận mình khờ hơn người khác, chấp nhận để người khác chê cười"". Độc giả nickname h vv chia sẻ về những lần bị lừa tiền như trên, đồng thời nêu quan điểm cho rằng rất khó khuyên nhủ và ngăn cản những người ""sắp bị lừa đảo"". Bình luận này được viết sau bài Tôi bị mắng 30 phút vì khuyên bảo bạn trẻ lừa hợp đồng kỳ nghỉ. Trong bài viết này, độc giả nickname giabinhist kể lại câu chuyện khuyên nhủ một bạn trẻ làm sale kỳ nghỉ không nên lừa đảo người khác. Hữu Nghị tổng hợp",1,spam
"Không có xúc xắc, nghệ thuật lớp 6 đến 9 :( cảm ơn. Bất cứ điều gì tôi nên đến vào ngày mai?",0,ham
Tôi hy vọng bạn biết tôi vẫn còn giận bạn.,0,ham
Khoản vay cho bất kỳ mục đích Å £ 500 - Å £ 75.000.,1,spam
Nhà điều hành mạng.,1,spam
"Chủ sở hữu chứng từ thân mến, để yêu cầu đề nghị tuần này, tại PC của bạn, vui lòng truy cập http://www.wtlp.co.uk/text.",1,spam
"Không anh bạn, nó không phải là giả ... của tôi đã nhận được tiền, bạn tôi đang nhắc nhở bạn ... nếu bạn thành viên liên kết thư của tôi, u vl được ghi có & lt;#& gt;",0,ham
Đây là lần thứ 2 chúng tôi đã thử 2 liên hệ u.,1,spam
"Ồ, vâng, tôi vừa bị thời tiết một chút nên tôi đã ở nhà",0,ham
Yar lor thực sự chúng tôi khá nhanh ... cos da ge slow wat ... haha ...,0,ham
Tôi đã đến trung tâm dự án,0,ham
07732584351 - Rodger Burns - MSG = Chúng tôi đã cố gắng gọi cho bạn trả lời của bạn cho SMS của chúng tôi cho một máy quay Nokia Mobile + miễn phí miễn phí.,1,spam
Yup ... Làm thế nào ì_ Noe leh ...,0,ham
Giải quyết trường hợp: Một người đàn ông đã được tìm thấy bị sát hại trên & lt; thập phân & gt;,0,ham
"Bill, như trong: Có bất kỳ chữ cái nào cho tôi.",0,ham
Urgent -Call 09066649731 từ điện thoại cố định.,1,spam
"Tăng cường mob của bạn với bộ sưu tập Halloween của một thông điệp logo & pic cộng với một giai điệu kỳ lạ miễn phí, thẻ txt cho đến 8007 ZED 08701417012150P mỗi logo/pic",1,spam
Thực sự khi bạn nhận được trên yo?,0,ham
Tôi quên 2 hỏi ì_ tất cả smth .. có một thẻ trên da hiện tại ... làm thế nào?,0,ham
Thay đổi âm thanh logoff windows ..,0,ham
Tôi ổn.,0,ham
Yar ... tôi đã biết dis sẽ xảy ra từ lâu rồi.,0,ham
"[CẢNH BÁO LỪA ĐẢO] Cảnh báo bẫy lừa đảo nạp tiền làm nhiệm vụ xem video Youtube, TikTok nhận tiền công. Sau khi nạn nhân nạp tiền tỷ vào hệ thống, các đối tượng viện lý do lỗi hệ thống để không cho rút tiền. Hãy chia sẻ cho người thân cùng biết.",1,spam
"Từ tháng tới, nhận được nhiều hơn 50% cuộc gọi 4 điện tích mạng tiêu chuẩn của UR 2 Kích hoạt cuộc gọi 9061100010 C Dây.",1,spam
Thông thường tôi sử dụng để uống nhiều nước hơn hàng ngày :),0,ham
Để có cơ hội giành được Å £ 250 Tiền mặt mỗi TXT: Chơi tới 83370.,1,spam
"Tài xế ép hàng loạt xe máy, ôtô nhập đúng làn ở Đà Nẵng
Hai mẹ con suýt bỏ mạng khi đi xe máy sát ôtô tải
Tối 3/6, trong giờ cao điểm, trên đường Đống Đa (quận Hải Châu, Đà Nẵng) dòng người đi xe máy nối đuôi nhau đi ngược nhiều. Nhiều ôtô cũng chạy lấn sang làn đối diện để vượt lên. Những người này đã bị tài xế ôtô gắn camera hành trình ép lùi và nhập vào đúng phần đường của mình.
Tài xế ép hàng loạt xe máy, ôtô nhập đúng làn ở Đà Nẵng
Video: Đào Duy Kiệt
Chia sẻ video của bạn tại đây.",0,ham
Wot bạn muốn làm sau đó missy?,0,ham
Bạn có thể nhận được 2 điện thoại bây giờ không?,1,spam
Tôi muốn nói với bạn những tưởng tượng đen tối sâu sắc nhất của tôi.,1,spam
"Cán bộ công an cảnh báo: Cảnh báo bẫy lừa đảo nạp tiền làm nhiệm vụ xem video Youtube, TikTok nhận tiền công. Sau khi nạn nhân nạp tiền tỷ vào hệ thống, các đối tượng viện lý do lỗi hệ thống để không cho rút tiền. Hãy chia sẻ cho người thân cùng biết.",1,spam
"Sau đó, bạn quay trở lại chính mình ...",0,ham
"Người bạn đời dễ dàng, * đoán đồ uống nhanh là một chút đầy tham vọng.",0,ham
"VKSND Hà Nội vừa truy tố Trần Khánh Huyền, 25 tuổi, trú Hải Phòng, cựu nhân viên Ngân hàng thương mại cổ phần Á Châu (ACB) về tội Cố ý làm lộ bí mật công tác. Cùng vụ án, Nguyễn Đình Chế, 24 tuổi, trú Bắc Ninh, bị truy tố về tội Lừa đảo chiếm đoạt tài sản và Làm giả con dấu, tài liệu của cơ quan, tổ chức; Lê Công Tuấn, 38 tuổi, trú Hà Nội về tội Làm giả con dấu, tài liệu của cơ quan, tổ chức. Vụ án khởi nguồn khi Chế nảy sinh ý định làm séc giả để rút tiền trong tài khoản ngân hàng của một số công ty. Cuối năm 2023, Chế quen Huyền qua Zalo, khi này Huyền là nhân viên Ngân hàng ACB, Phòng giao dịch Quán Toan, TP Hải Phòng. Chế hứa hẹn giới thiệu khách cho Huyền và nhờ Huyền cung cấp các thông tin số dư tài khoản, mẫu chữ ký và mẫu con dấu của khoảng 10 công ty. Theo quy định bảo mật của ngân hàng, nhân viên không được cung cấp thông tin khách hàng cho người khác. Cáo trạng nêu, do tin tưởng Chế sẽ giới thiệu khách hàng, Huyền truy cập vào phần mềm nội bộ để thu thập thông tin và gửi hình ảnh. Có được thông tin này, tháng 2/2024, Chế đặt mua 4 con dấu tròn và 4 dấu chức danh giám đốc của 4 công ty trong danh sách Huyền cung cấp. Sau đó, Chế vào mạng Internet và tải mẫu ""Giấy đề nghị cung ứng séc"" của ngân hàng, điền thông tin các công ty đề nghị cung ứng séc, ký tên giám đốc, điền tên Nguyễn Đình Chế vào phần ""Người được ủy nhiệm nhận séc"". Ngày 27/2/2024, Chế từ nhà ở tỉnh Bắc Ninh lên Hà Nội, nhận các con dấu giả; gọi điện nhờ Huyền kiểm tra số dư tài khoản của 4 công ty vừa làm giả con dấu và biết tài khoản một công ty không có tiền. Chế do đó chỉ đóng dấu giám đốc lên 3 giấy đề nghị cung ứng séc và đến chi nhánh ACB Thanh Xuân rút được 702,5 triệu đồng. Sau khi được Huyền báo tin tài khoản của ngân hàng còn lại đã có tiền, Chế dùng nốt con dấu thứ 4, tạo giấy đề nghị cung ứng séc giả và rút thêm được 95 triệu đồng. Khi Huyền tiếp tục báo tin tài khoản của hai công ty khác có tiền, Chế lại đặt làm giả các con dấu, đóng lên các giấy ủy nhiệm chi giả để rút tiền. Song do mất CCCD, không thể tự mình đến ngân hàng thực hiện thủ tục, Chế thuê Tuấn giả làm nhân viên của hai doanh nghiệp trên, tiền công một triệu đồng. Nhà chức trách cáo buộc Chế đã chiếm đoạt được thêm 265 triệu đồng, nâng tổng tiền của 6 công ty là hơn một tỷ đồng. Bị can đã trả lại 792 triệu đồng. Hải Thư",1,spam
Nghe có vẻ như một kế hoạch!,0,ham
"Trong cuộc họp báo ngày 20/8, người phát ngôn Bộ Ngoại giao Phạm Thu Hằng phản hồi về câu hỏi rằng chính quyền Pakistan vừa qua bắt hơn 230 người tham gia vào đường dây trung tâm cuộc gọi lừa đảo ở Islamabad, trong đó có 170 người Việt Nam. ""Theo tin từ Đại sứ quán Việt Nam tại Pakistan, Cục Điều tra Liên bang Pakistan và cơ quan điều tra tội phạm mạng quốc gia Pakistan vừa qua đã tạm giữ một số công dân Việt Nam với nghi ngờ về vi phạm cư trú và lao động"", người phát ngôn trả lời. Đại sứ quán Việt Nam tại Pakistan đã làm việc với các cơ quan chức năng sở tại để xác minh thông tin, tìm hiểu thông tin về nhân thân những người bị bắt giữ và tiến hành các biện pháp bảo hộ công dân cần thiết đối với những người này. Bộ Ngoại giao cũng đã chỉ đạo Đại sứ quán Việt Nam tại Pakistan tiếp tục phối hợp chặt chẽ với các cơ quan chức năng sở tại, theo dõi sát sự việc và yêu cầu bảo đảm an ninh, an toàn cho công dân Việt Nam, đồng thời phối hợp chặt chẽ với các cơ quan chức năng trong nước để xác minh nhân thân và tiếp tục có các biện pháp bảo hộ đối với những công dân này. Theo AFP, giới chức Pakistan hồi đầu tuần đột kích vào một cơ sở bị nghi là ""trung tâm lừa đảo qua điện thoại"" tại Islamabad, bắt hơn 200 người nước ngoài, trong đó có 40 công dân Trung Quốc, 170 người Việt Nam cùng một số công dân các nước Đông Nam Á. ""Họ vận hành một trung tâm lừa đảo qua điện thoại tại Gulberg Green, khu dân cư ở ngoại ô Islamabad. Họ nhập cảnh vào Pakistan bằng visa du lịch và không được phép thực hiện các hoạt động này"", quan chức Pakistan nói. Một cuộc đột kích tương tự cũng diễn ra vào tháng 7/2025, trong đó 149 người, bao gồm 71 người nước ngoài và chủ yếu là công dân Trung Quốc, đã bị bắt với cáo buộc làm việc cho trung tâm lừa đảo qua điện thoại. Ngọc Ánh",1,spam
Tôi thực sự nằm trên giường và đã lên như & lt;#& gt;,0,ham
Giá chung là & lt;#& gt;,0,ham
Trả lời với tên và địa chỉ của bạn và bạn sẽ nhận được qua một tuần hoàn toàn miễn phí ở các địa điểm toàn cầu khác nhau www.phb1.com PH: 08700435505150p,1,spam
Gửi cho tôi số mới,0,ham
Muốn có một điện thoại video mới?,1,spam
"Yo chuyến đi của tôi bị hoãn lại, bạn vẫn dự trữ?",0,ham
Bạn có thay đổi 2 DA báo cáo lớn không?,0,ham
"[CẢNH BÁO LỪA ĐẢO] Đối tượng lừa đảo giả danh công an phường hướng dẫn cài đặt ứng dụng Dịch vụ công trực tuyến giả mạo (file .apk). Khi cài đặt, ứng dụng chứa mã độc tự động chiếm quyền điều khiển điện thoại và rút sạch tiền ngân hàng. Mọi người tuyệt đối không làm theo!",1,spam
Sry da..jst nw chỉ tôi đã đến nhà ..,0,ham
"Xin chào, các cô gái gợi cảm đang chờ bạn nhắn tin cho họ.",1,spam
Trò chơi Deus Ex mới ra mắt vào đầu năm tới,0,ham
Để có cơ hội giành được Å £ 250 tiền mặt mỗi txt: hành động đến 80608.,1,spam
"Ồ vâng, tại sao nó giống như tra tấn khi xem nước Anh?",0,ham
Không thể đảm nhận bất kỳ vai trò chính nào trong tiếp cận cộng đồng.,0,ham
[CẢNH BÁO LỪA ĐẢO] Chiêu trò lừa đảo trúng thưởng chương trình quay số may mắn của các tập đoàn lớn. Đối tượng yêu cầu người trúng nạp tiền thẻ cào hoặc chuyển khoản để làm thủ tục đóng thuế trước khi nhận thưởng. Nạn nhân nên trình báo cơ quan công an gần nhất.,1,spam
Giành được một năm cung cấp CDS 4 Một cửa hàng của sự lựa chọn của bạn trị giá £ 500 và nhập Å £ 100 của chúng tôi.,1,spam
Chiêu trò lừa đảo mới: Giả danh nhân viên điện lực thông báo cắt điện và yêu cầu thanh toán qua ứng dụng lạ.,1,spam
Không DA nếu bạn chạy nó kích hoạt phiên bản đầy đủ DA.,0,ham
Xin chào 07734396839 Cung cấp khách hàng khách hàng của IBH: Mobile Nokia6600 mới chỉ từ Å £ 10 tại TXTAuction!,1,spam
Có vẻ như thời điểm kỳ lạ mà đêm mà tất cả những gì bạn và G muốn là tôi đến cùng một ngày như khi một cơn bão được gán cho tôi luôn luôn đến và khiến mọi người hút thuốc,0,ham
Chúng tôi đã cố gắng liên hệ với bạn phản hồi của bạn đối với lời đề nghị của chúng tôi về một Nokia Fone và máy quay mới trả lời hoặc gọi 08000930705 để giao hàng,1,spam
Freemsg> Fav Xmas Tones! Trả lời thật,1,spam
Có lẽ bạn nên tìm việc khác để làm thay thế ???,0,ham
"Trong bộ phim Simpsons được phát hành vào tháng 7 năm 2007, tên ban nhạc đã chết khi bắt đầu bộ phim?",1,spam
Panasonic & Bluetoothhdset miễn phí.,1,spam
Tôi cũng chỉ xem bộ phim Surya.,0,ham
Chiến thắng: Chúng tôi có một người chiến thắng!,1,spam
Nửa đêm sớm nhất,0,ham
"Đêm nào cũng nghe lục đục dưới gầm giường, sợ hãi lật tấm phản phát hiện bí mật kinh hoàng
Thấy gầm giường có những tiếng lục đục kì lạ, người đàn ông lật tấm phản lên và nhìn thấy điều kinh dị.
Thời gian gần đây, cộng đồng mạng xôn xao về một vài bức ảnh được một người đàn ông chụp lại. Những hình ảnh đó được chụp từ trong chính ngôi nhà của người đàn ông này. Từ lúc bức ảnh này được đưa lên, đã có rất nhiều lượt bình luận.
Theo lời chia sẻ của chính người đàn ông này, hằng đêm ông đều nghe thấy những tiếng động kì lạ văng vẳng bên tai. Lúc ban đầu, ông nghĩ có lẽ là đó là tiếng chuột chạy loạn trong nhà. Nhưng dần dần những tiếng động kì lạ càng ngày càng trở nên rõ ràng hơn. Do quá tò mò muốn biết thực chất những tiếng lục đục hàng đêm đó là gì, ông đã quyết định đi tìm hiểu. Đến khi nhìn thấy sự thật, ông thấy lạnh toát sống lưng, không dám tin vào mắt mình.
Hình ảnh con trăn khổng lồ trú ngụ dưới gầm giường của một gia đình
Hằng đêm con trăn này đã tạo ra rất nhiều tiếng động kì lạ
Hóa ra những tiếng lục đục hàng đêm đó là do con trăn khổng lồ dưới gầm giường tạo ra. Tuy nhiên, điều đáng sợ không dừng lại ở đó. Theo những lời được kể lại, phần bụng của con trăn này to gấp nhiều lần mức bình thường. Ông quyết định gọi những người hàng xóm xung quanh mang con trăn ra ngoài. Khi mổ bụng con trăn, tất cả những người ở đó đều mặt mày tái xanh khi trông thấy một xác người đàn ông nằm ở trong đó.
Người đàn ông đã nhờ sự giúp đỡ của những người hàng xóm để mang trăn đi
Phần lớn mọi người đều cảm thấy phần bụng của con trăn này rất kì lạ
Hình ảnh kinh dị khiến nhiều người ám ảnh khi mổ bụng trăn
Mọi người mặt mày tái dại khi trông thấy một người đàn ông đang nằm ở trong đó
Xem thêm: Đi biển về, bất ngờ bị mất cả mảng thịt ở chân, đến khi gặp bác sĩ cả nhà mới kinh hãi khi biết sự thật đằng sau
Cũng theo người đàn ông này, người đàn ông xấu số bị trăn ăn thịt là một người dân ở trong làng. Thực chất người đàn ông này đã bị mất tích khá lâu trước khi được tìm thấy trong bụng trăn.",1,spam
<Chuyển tiếp từ 21870000> HI - Đây là cảnh báo SMS của hộp thư của bạn.,1,spam
Cảm ơn bạn rất nhiều.,0,ham
Để lại cho tôi Lar ... Ì wan để mang meh quá nặng ... có phải là num 98321561 quen thuộc với Ì_?,0,ham
Tôi không thể đợi Cornwall.,0,ham
"Bạn có nói táo bạo, sau đó ngọn đuốc sau đó.",0,ham
Tôi đã quên nói với bạn?,0,ham
Câu lạc bộ nhạc chuông: GR8 New Polys trực tiếp đến điện thoại di động của bạn mỗi tuần!,1,spam
"Một ngày nọ, một con cua đang chạy trên bờ biển..có sóng đã làm sạch dấu chân của con cua .. Cua hỏi: Là người của tôi để xóa dấu chân tuyệt đẹp của tôi?",0,ham
"Chỉ vài giây dừng chờ đèn đỏ, người đàn ông này đã khiến cả quốc gia khóc thét khi tìm thấy điểm rùng rợn lấp ló trong áo
Nhiều người không dám ra khỏi nhà cũng chỉ vì sợ gặp phải những trường hợp như thế này đây.
Rất nhiều cư dân mạng nước ngoài những ngày gần đây đang bị chấn động mạnh bởi một bức ảnh được chụp lại tại ngã tư. Thoạt đầu, ai cũng nghĩ đó là bức ảnh bình thường, không có gì nổi bật nhưng khi nhìn tới lần 2, ai nấy đều nổi da gà vì quá sợ.
Trời ơi, trong vạt áo của người đàn ông đi xe máy có thứ gì kìa?
Nếu mắt cận chưa nhìn rõ thì chỉ cần zoom lên một chút là thấy ngay thôi…
Đó là gương mặt của một cậu bé đang lén nhìn mọi người qua lớp áo mưa. Thế nhưng, ai cũng sửng sốt vì phát hiện ra gương mặt này có chút gì đó quen thuộc. Nhìn kỹ hơn thì mới té ngửa, chẳng phải gương mặt ấy giống với cậu bé ma Toshio trong series phim kinh dị Ju-on của Nhật Bản hay sao?
10 thì 9 người gật đầu khi cho rằng gương mặt thò ra từ lớp áo rất giống với cậu bé ma
Bức ảnh này đã gây ra một cuộc tranh cãi dữ dội trên mạng xã hội. Một số ý kiến cho rằng có thể người đàn ông này chở theo con nhỏ và để ngồi đằng trước, vì tò mò nên cậu bé mới ló mặt ra để rồi mang tới nỗi ám ảnh cho người đi đường.
Trong khi đó, những người khác lại khăng khăng đây chính là hiện thân của ma quỷ và chắc chắn người đàn ông này đã bị ma ám.
Hiện tại, những tranh cãi trên vẫn đang bùng nổ trên mạng xã hội. Không ai biết được rằng ma quỷ có thật hay đây chỉ là sản phẩm của photoshop nhưng dù sao cũng làm nhiều người sởn da gà. Còn bây giờ, nếu đã ấm êm trên giường thì xin chúc bạn có một giấc ngủ thật ngon, mong là sẽ không ai gặp phải ác mộng.",1,spam
Bạn đã giành được một giải thưởng được đảm bảo Å £ 200 hoặc thậm chí Å £ 1000 Cash để nhận Giải thưởng UR Gọi miễn phí theo số 08000407165 (18+) 2 Stop GetStop trên 88222 PHP,1,spam
"[CẢNH BÁO LỪA ĐẢO] Thủ đoạn lừa đảo cho vay tiền online qua app với lãi suất siêu thấp, không cần thế chấp. Tuy nhiên đối tượng bắt đóng nhiều khoản phí hồ sơ, phí bảo hiểm khoản vay rồi ôm tiền mất tích. Nạn nhân nên trình báo cơ quan công an gần nhất.",1,spam
Người chiến thắng !!,1,spam
"Bạn có một người ngưỡng mộ bí mật, người đang tìm kiếm 2 người liên lạc với bạn, ai là người mà họ tiết lộ ai nghĩ bạn rất đặc biệt vào ngày 09065171142-Stopsms-08",1,spam
Tố giác chiêu trò: Thủ đoạn mạo danh nhân viên ngân hàng gọi điện hỗ trợ nâng hạn mức tín dụng hoặc mở thẻ tín dụng online. Đối tượng gửi đường link giả mạo yêu cầu nhập mã OTP và thông tin tài khoản để chiếm đoạt tiền. Cần hết sức cảnh giác để tránh mất tiền.,1,spam
Cảm ơn và!,0,ham
Tôi đang làm việc.,0,ham
Bạn có bao nhiêu để làm sạch,0,ham
G.W.R.,0,ham
"Đừng tìm kiếm tình yêu, hãy để tình yêu tìm thấy U. Đó là lý do tại sao nó được gọi là yêu, bcoz bạn không ép buộc chính mình, bạn chỉ ngã và bạn biết có smeone để giữ bạn ... bslvyl",0,ham
"Vâng, tôi đã nghĩ như vậy.",0,ham
Ah bạn thấy.,0,ham
Câu đố về ánh nắng mặt trời!,1,spam
Tài khoản của bạn đã được nạp lại thành công bởi INR & lt; thập phân & gt;,0,ham
Chú Timi có giúp dọn xe không,0,ham
Không. Cảm ơn bạn.,0,ham
"Tôi đang ở Solihull, |",0,ham
"Né gấp thủ đoạn này: Đối tượng giả danh cán bộ Bộ Công an, Viện kiểm sát gọi điện thông báo tài khoản ngân hàng bị rò rỉ thông tin bảo mật, yêu cầu cung cấp tên đăng nhập và mã OTP để bảo vệ tài khoản. Cần hết sức cảnh giác để tránh mất tiền.",1,spam
Tốt hơn b.,0,ham
Cũng nhớ lấy bát của dobby từ xe của bạn,0,ham
Lol vâng.,0,ham
Chúc may mắn!,1,spam
"Thủ đoạn lừa đảo mua bán hàng trả góp, xe máy thanh lý giá rẻ trên MXH. Đối tượng yêu cầu đặt cọc trước từ 2 đến 5 triệu để giữ xe rồi chặn liên lạc ngay khi nhận được tiền cọc. Nạn nhân nên trình báo cơ quan công an gần nhất.",1,spam
Din tôi nói với bạn jus bây giờ 420,0,ham
Máy in mát.,0,ham
"Cảnh báo hình thức lừa đảo nhận quà tặng tri ân từ nước ngoài. Đối tượng yêu cầu nạn nhân đóng phí vận chuyển, phí hải quan để nhận kiện hàng chứa tiền mặt hoặc đồ đắt tiền. Mọi người tuyệt đối không làm theo!",1,spam
Tôi cần ... vì tôi chưa bao giờ đi trước đây,0,ham
Có thể.,0,ham
Thông tin đời sống: Bộ Giáo dục và Đào tạo vừa công bố phương án thi tốt nghiệp THPT với nhiều điểm mới về cấu trúc đề thi và hình thức xét tuyển đại học. Học sinh cần nắm rõ lịch trình để chuẩn bị tốt nhất. Sự việc đang thu hút sự chú ý của dư luận.,0,ham
"[CẢNH BÁO LỪA ĐẢO] Bẫy lừa đảo đầu tư tài chính, chứng khoán quốc tế và sàn tiền ảo cam kết lợi nhuận khủng 30% mỗi tháng. Khi số tiền đầu tư lên cao, sàn báo lỗi sập hệ thống và chiếm đoạt toàn bộ tiền. Nạn nhân nên trình báo cơ quan công an gần nhất.",1,spam
"Cán bộ công an cảnh báo: Bẫy lừa đảo đầu tư tài chính, chứng khoán quốc tế và sàn tiền ảo cam kết lợi nhuận khủng 30% mỗi tháng. Khi số tiền đầu tư lên cao, sàn báo lỗi sập hệ thống và chiếm đoạt toàn bộ tiền. Nạn nhân nên trình báo cơ quan công an gần nhất.",1,spam
"Xin chào, tôi sẽ không b ard 4 Giáng sinh.",0,ham
Xem phim tiếng Telugu..có bạn thì sao?,0,ham
xuất sắc.,0,ham
Tôi tiếp tục nhìn thấy những thứ kỳ lạ và tất cả,0,ham
Tôi không biết phải làm gì để thoát ra khỏi vấn đề này nên chỉ có những câu hỏi như thế này không nhầm tôi.,0,ham
Đó không phải là thời điểm trong tháng cũng không phải giữa thời gian?,0,ham
Tôi có thể đi 2 sch.,0,ham
"Sự thật hài hước không ai dạy núi lửa 2 nổ ra, sóng thần 2 phát sinh",0,ham
K tôi chắc chắn sẽ thức dậy trước buổi trưa và xem những gì là gì,0,ham
Cô ấy tốt.,0,ham
Công việc kết nối là có.,0,ham
Chào buổi chiều Buns gợi cảm!,0,ham
"Mặc đồ bơi gợi cảm, Bảo Anh gây bất ngờ khi xăm chữ này lên đùi
Hình xăm trên đùi gây tò mò bấy lâu nay đã được nữ ca sĩ bật mí.
Sở hữu giọng hát đầy cảm xúc và nội lực, Bảo Anh còn được khán giả yêu mến bởi nhan sắc xinh đẹp, trong sáng, và cuộc sống đời tư “sạch” scandal. Bởi vậy, tất thảy ai cũng đều choáng khi hình ảnh nữ ca sĩ lộ hình xăm trên cơ thể.
Trong 1 lần biểu diễn ở quán bar, do mặc trang phục quá ngắn nên bạn gái Hồ Quang Hiếu đã để lộ 1 phần hình xăm ở trên đùi
Xem thêm: Phạm Hương nóng bỏng là thế nhưng cũng phải tắt điện khi đụng hàng Hoàng Thùy Linh
Vốn được yêu thích bởi hình ảnh trong sáng, dịu dàng nên việc Bảo Anh xăm mình đã từng trở thành chủ đề bàn tán khá sôi nổi
Mới đây, người đẹp đốt mắt người hâm mộ khi mặc bikini khoe thân hình gợi cảm và đồng thời cũng để lộ toàn bộ hình xăm ở trên đùi
Sau rất nhiều tò mò phán đoán của fans, nữ ca sĩ bật mí luôn ý nghĩa hình xăm là chữ “Music” – là niềm đam mê suốt đời mà Bảo Anh không bao giờ từ bỏ
Trước đó, cô cũng từng để lộ hình xăm khá lớn ở bên hông. Giọng ca Anh muốn em sống sao tiết lộ, cô có tận 6 hình xăm trên cơ thể và mỗi hình xăm mang 1 ý nghĩa riêng
Nữ ca sĩ chia sẻ: “Tính cách của một con người đâu thể chỉ đánh giá qua hình xăm. Tôi không hối hận khi đã quyết định xăm mình”.",1,spam
"Cán bộ công an cảnh báo: Cảnh báo bẫy lừa đảo làm dịch vụ xóa nợ xấu ngân hàng, nợ xấu CIC. Kẻ gian yêu cầu chuyển chi phí dịch vụ trước rồi gửi hóa đơn/xác nhận giả mạo nhằm chiếm đoạt tiền. Mọi người tuyệt đối không làm theo!",1,spam
Raviyog ngoại vi Bhayandar Đông,0,ham
"Bản án ngày 14/8 của TAND tỉnh Hà Tĩnh tuyên Vũ, 37 tuổi, trú phường Vũng Áng, phạm tội Lừa đảo chiếm đoạt tài sản, theo Điều 174 Bộ luật Hình sự. Tại tòa, Vũ hối hận, xin được giảm nhẹ hình phạt để sớm trở về chuộc lỗi. HĐXX đánh giá hành vi của bị cáo gây nguy hiểm cho xã hội, cần xử nghiêm để răn đe. Theo cáo trạng, ngày 6/6/2024, Phùng Văn Hùng, 30 tuổi, trú phường Hoành Sơn, bị công an bắt để điều tra hành vi Tổ chức sử dụng trái phép chất ma túy. Do hai gia đình quen biết, mẹ Hùng nhờ người thân tìm cách giúp con được tại ngoại và giảm án. Sau đó, bà cùng chị Trần Thị Hà (vợ Hùng) đến nhờ Vũ - làm kinh doanh tự do, được cho là có mối quan hệ rộng - ngỏ ý giúp đỡ. Vũ đồng ý. Ngày 15/6/2024, Vũ tìm đến một cán bộ để hỏi việc xin giảm án song bị từ chối giúp đỡ. Hôm sau, Vũ vẫn nói dối với chị Hà rằng có thể xin giảm án cho chồng còn 4 năm tù, sau 2,5 năm sẽ được về nhà và yêu cầu đưa tiền để lo việc. Để tạo lòng tin, Vũ tự tạo một tài khoản Zalo giả danh cán bộ này, sau đó tự nhắn tin qua lại, dựng nội dung trao đổi về việc xin giảm án cho Hùng, đưa ra mức chi phí lo lót khoảng 400 triệu đồng. Vũ chụp lại đoạn hội thoại gửi cho chị Hà. Tin lời, chị Hà nhiều lần đưa tiền và chuyển khoản cho Vũ, tổng cộng 560 triệu đồng trong tháng 6 và tháng 7/2024. Vũ sử dụng tiền để mua vật liệu xây dựng, trả nợ và chi tiêu cá nhân, không tác động ""chạy án"" như cam kết. Ngày 20/9/2024, bị cáo Hùng bị TAND thị xã Kỳ Anh (cũ) xử phạt 8 năm tù. Chị Hà thấy mức án mà chồng lĩnh quá cao, gọi điện hỏi thì Vũ tiếp tục nói sẽ xin giảm án ở cấp phúc thẩm và tìm tình tiết ""lập công chuộc tội"" cho Hùng. Vũ tiếp tục nhờ một người khác tìm tình tiết giảm nhẹ, chuyển 15 triệu đồng để cảm ơn. Sau đó, Vũ yêu cầu chị Hà đưa thêm 70 triệu đồng. Tuy nhiên, việc xin giảm nhẹ không thành, khoản 15 triệu đồng được trả lại cho Vũ. Biết không thể giúp chồng được giảm án, chị Hà yêu cầu Vũ trả tiền. Vũ lần lượt trả 270 triệu đồng. Đến ngày 19/10/2025, khi chị Hà gửi đơn tố giác, Vũ trả hết 290 triệu đồng còn lại. Đức Hùng",1,spam
"Né gấp thủ đoạn này: Cảnh báo hình thức lừa đảo nhận quà tặng tri ân từ nước ngoài. Đối tượng yêu cầu nạn nhân đóng phí vận chuyển, phí hải quan để nhận kiện hàng chứa tiền mặt hoặc đồ đắt tiền. Cần hết sức cảnh giác để tránh mất tiền.",1,spam
"Ngày 20/3, Phòng Cảnh sát Kinh tế (PC03) Công an TP HCM cho biết đang mở rộng điều tra vụ án Lừa đảo chiếm đoạt tài sản do bà Nguyễn Ngọc Tiền, 50 tuổi, Giám đốc Công ty TNHH Dịch vụ Bất động sản Đảo Vàng (Công ty Đảo Vàng). Bước đầu, cơ quan điều tra xác định sai phạm của bà Tiền gắn liền với dự án Khu biệt thự cao cấp Búng Gội (tên thương mại là Royal Streamy Villas) tại xã Cửa Dương, TP Phú Quốc, tỉnh Kiên Giang cũ, do Công ty CP Tập đoàn Tư vấn Đầu tư Xây dựng Kiên Giang (CIC Group) làm chủ đầu tư. Nữ doanh nhân 'vượt rào' pháp lý Tháng 3/2018, CIC Group ký hợp đồng hợp tác với Công ty Đảo Vàng của bà Tiền. Theo thỏa thuận, phía bà Tiền chỉ là đơn vị tham gia góp vốn để nhận quyền phân phối sản phẩm khi đủ điều kiện mở bán. Vai trò chính của công ty này là tìm kiếm khách hàng, còn mọi hợp đồng phải được ký trực tiếp giữa khách hàng với chủ đầu tư, và tiền cũng phải chuyển về tài khoản của chủ đầu tư. Tuy nhiên, cơ quan điều tra xác định bà Tiền đã ""vượt rào"". Dù dự án chưa hoàn thành nghĩa vụ tài chính với Nhà nước, chưa có giấy phép xây dựng và hoàn toàn chưa đủ điều kiện mở bán, bà vẫn chỉ đạo Công ty Đảo Vàng đứng ra ký ""Hợp đồng hợp tác đầu tư"" để huy động vốn. Thực chất, đây là hình thức bán nền đất ""trên giấy"" để thu tiền từ khách hàng. Để tạo lòng tin, bà Tiền tận dụng danh nghĩa đơn vị phân phối độc quyền để tư vấn cho khách hàng về tiềm năng của dự án. Một trong những nạn nhân là ông Nguyễn Văn Dược và ông Lưu Quân Anh (Giám đốc văn phòng đại diện một công ty bất động sản tại Đồng Tháp). Năm 2019, thông qua sự giới thiệu của ông Anh, ông Dược đã ký hai hợp đồng hợp tác đầu tư với Công ty Đảo Vàng để mua hai lô đất ký hiệu C65A và C65B tại dự án này. Tổng giá trị hai nền đất là hơn 4,5 tỷ đồng. Theo yêu cầu từ phía bà Tiền, khách hàng phải thanh toán theo tiến độ và ông Dược đã nộp tổng cộng hơn 4,2 tỷ đồng, tương đương 95% giá trị lô đất. Tuy nhiên, sau khi thu tiền, Công ty Đảo Vàng không thực hiện các cam kết giao đất. Đến thời hạn ký hợp đồng mua bán với chủ đầu tư, phía bà Tiền đưa ra lý do ""dự án đang thay đổi quy hoạch"" để trì hoãn. Khi khách hàng tìm hiểu mới vỡ lẽ dự án chưa hề nộp tiền sử dụng đất và Công ty Đảo Vàng không có thẩm quyền ký hợp đồng mua bán hay thu tiền từ khách. Phía chủ đầu tư CIC Group khẳng định đơn vị này không ủy quyền cho Công ty Đảo Vàng huy động vốn. Thậm chí, CIC Group còn tố cáo phía bà Tiền lợi dụng hình ảnh dự án để sử dụng tiền khách hàng sai mục đích, làm ảnh hưởng nghiêm trọng đến uy tín của chủ đầu tư. Không cung cấp danh sách và chứng từ liên quan cho công an Quá trình điều tra kéo dài hơn 2 năm cho thấy quy mô sai phạm của bà Tiền là rất lớn. Công an TP HCM đã đề nghị những người từng ký hợp đồng với Công ty Đảo Vàng đến trình báo. Đến nay, ngoài ông Dược, đã có thêm ít nhất 12 khách hàng khác gửi đơn tố cáo. Dữ liệu từ Công ty Đảo Vàng cung cấp cho thấy, đơn vị này đã thực hiện giao dịch 62 nền đất cho 42 khách hàng, thu về hơn 131 tỷ đồng. Trong khi đó, tính đến giữa năm 2023, cơ quan điều tra mới ghi nhận số tiền đóng từ 13 khách hàng gửi đơn là hơn 41 tỷ đồng. Trước những sai phạm nghiêm trọng và tranh chấp kéo dài, năm 2025, TAND tỉnh An Giang đã tuyên hủy hợp đồng hợp tác giữa CIC Group và Công ty Đảo Vàng. Tuy nhiên, số tiền hàng trăm tỷ đồng bà Tiền đã thu của khách hàng hiện vẫn chưa được minh chứng rõ mục đích sử dụng, khi bà này không cung cấp danh sách và chứng từ liên quan cho cơ quan điều tra. PC03 Công an TP HCM đang làm rõ trách nhiệm của các cá nhân liên quan và thu hồi tài sản cho các nạn nhân. Quốc Thắng",1,spam
Xin chào :) Bạn đã yêu cầu Waheeda Fathima về nghỉ phép?,0,ham
Ah dễ dàng? Sen được chọn có nghĩa là nó tốt ..,0,ham
"Xin lỗi, tôi đã khóa bàn phím của tôi.",0,ham
"Cảnh sát Brazil tiết lộ vụ việc sau khi bắt giữ người phụ nữ tại ngôi nhà ở khu Pirabeiraba thuộc thành phố Joinville, ngày 2/6. Theo điều tra viên, người phụ nữ này sử dụng tên giả là ""Gabriele"", đến một nhà thờ ở Joinville và kể với mục sư rằng chạy trốn từ bang Para đến vì bị ngược đãi. Các thành viên trong cộng đồng tôn giáo đã chung tay giúp đỡ tài chính, tìm chỗ ở cho đến khi một gia đình địa phương đón cô ta về nhà họ. Cặp vợ chồng này sau đó thấy gắn bó với ""Gabriele"" và đối xử như con ruột trong suốt 14 tháng. ""Gabriele"" nói bị mắc chứng tự kỷ và các bệnh lý khác để giải thích cho vẻ ngoài trưởng thành. Cô ta còn kể bị ép dùng hormone khi còn nhỏ nên các đường nét khuôn mặt trông già dặn hơn. Theo cảnh sát, ""Gabriele"" cố tình làm những hành vi trẻ con để duy trì vỏ bọc lừa dối, như sử dụng bình sữa, núm vú giả. Mưu mẹo tinh vi của cô ta còn bao gồm việc giả vờ lên cơn hoảng loạn vào ban đêm, nói bằng giọng the thé và tỏ ra dựa dẫm quá mức nhằm thu hút sự chú ý và lòng thương cảm. Cảnh sát cho biết gia đình đã tổ chức tiệc sinh nhật lần thứ 12 cho ""Gabriele"" và chi trả tiền thuốc điều trị béo phì. Cặp vợ chồng từng cân nhắc chính thức nhận nuôi ""Gabriele"", nhưng cô ta liên tục né tránh bàn luận về các thủ tục. Cô ta cũng không bao giờ mang theo giấy tờ tùy thân. ""Gabriele"" đã thuyết phục gia đình không đưa mình đến trường, nói rằng lo sợ người cha bạo hành có thể phát hiện nơi ở. Hành vi gian dối của cô ta bị phát hiện sau khi một người thân báo cho chính quyền địa phương, dẫn đến cuộc điều tra. Cảnh sát cho biết nghi phạm lừa đảo đã thú nhận sau khi bị bắt giữ vào ngày 2/6. Cô ta bị buộc tội lừa đảo và sử dụng danh tính giả, hiện bị tạm giam tại nhà tù khu vực Joinville. Truyền thông địa phương tiết lộ tên thật của ""Gabriele"" là Amanda Maria Sousa Oliveira. Theo cảnh sát, người phụ nữ này từng có tiền án về các vụ lừa đảo tương tự ở Sao Paulo, Rio de Janeiro, Minas Gerais, Rio Grande do Sul và Goias. Năm 2023, cô ta bị cáo buộc giả danh là một bé gái 12 tuổi tên là ""Maria Eduarda"" ở Nova Iguacu. Nghi phạm tự nhận mắc chứng tự kỷ, cho biết đã bị ngược đãi và bị ép thực hiện các nghi lễ phù thủy, qua đó lừa đảo thành công một cựu ủy viên hội đồng thành phố và người đứng đầu một dự án xã hội dành cho trẻ em dễ bị tổn thương để nhận được hỗ trợ. Điều tra viên cáo buộc cô ta đã tự đâm mình bằng ít nhất 100 cây kim để chứng minh câu chuyện bị ngược đãi. Kết quả chụp X-Quang cũng cho thấy có hơn 100 cây kim trong cơ thể cô ta. Người phụ nữ này bị bắt giữ liên quan đến vụ án năm 2023, nhưng được thả chỉ một ngày sau đó khi tòa án cho phép cô ta được tại ngoại có giám sát. Cảnh sát cho biết nghi phạm thường xuyên di chuyển giữa nhiều bang của Brazil bằng các danh tính giả khác nhau, vì vậy các vụ án của cô ta vẫn ở trạng thái đang được điều tra thay vì đã kết tội. Tuệ Anh (theo The Sun)",1,spam
Xin chào- Cảm ơn vì đã nhận cuộc gọi đó.,0,ham
"Campuchia đã trở thành điểm nóng của các băng nhóm tội phạm điều hành ngành công nghiệp phi pháp trị giá hàng tỷ USD. Tại đó, những kẻ lừa đảo chiếm đoạt tài sản của người dùng Internet toàn cầu thông qua các chiêu trò tình ái và đầu tư tiền ảo. Cảnh sát Campuchia ngày 10/3 đột kích tầng 30 của tòa nhà tại thủ đô Phnom Penh, triệt phá hang ổ lừa đảo, bắt 57 nghi phạm người Campuchia và 8 ""ông trùm"" người Trung Quốc. Campuchia đã trở thành điểm nóng của các băng nhóm tội phạm điều hành ngành công nghiệp phi pháp trị giá hàng tỷ USD. Tại đó, những kẻ lừa đảo chiếm đoạt tài sản của người dùng Internet toàn cầu thông qua các chiêu trò tình ái và đầu tư tiền ảo. Cảnh sát Campuchia ngày 10/3 đột kích tầng 30 của tòa nhà tại thủ đô Phnom Penh, triệt phá hang ổ lừa đảo, bắt 57 nghi phạm người Campuchia và 8 ""ông trùm"" người Trung Quốc. Một ngày sau cuộc đột kích, cảnh sát Phnom Penh đã mời các phóng viên trong nước và quốc tế tới mục kích trung tâm lừa đảo này. Những màn hình chưa kịp tắt hiển thị kênh Telegram bằng tiếng Trung, rao bán các tài liệu về chứng khoán, tài khoản mạng xã hội hoặc thẻ SIM Mỹ và Anh. Các cửa sổ chat khác ghi lại bảng chấm công chi tiết, gồm cả thời gian đi vệ sinh, ăn uống và hút thuốc của nhân viên. Một màn hình có tệp ghi chú với tiêu đề ""kịch bản"", soạn thảo bằng hơn 20 ngôn ngữ châu Âu. Một ngày sau cuộc đột kích, cảnh sát Phnom Penh đã mời các phóng viên trong nước và quốc tế tới mục kích trung tâm lừa đảo này. Những màn hình chưa kịp tắt hiển thị kênh Telegram bằng tiếng Trung, rao bán các tài liệu về chứng khoán, tài khoản mạng xã hội hoặc thẻ SIM Mỹ và Anh. Các cửa sổ chat khác ghi lại bảng chấm công chi tiết, gồm cả thời gian đi vệ sinh, ăn uống và hút thuốc của nhân viên. Một màn hình có tệp ghi chú với tiêu đề ""kịch bản"", soạn thảo bằng hơn 20 ngôn ngữ châu Âu. ""Nếu không phiền, tôi có thể hỏi bạn hơn hay kém tuổi tôi không? Tôi 33 tuổi rồi"", một đoạn hội thoại bằng tiếng Czech viết. ""52"", người bên kia nhắn lại. ""Đàn ông ở độ tuổi này rất cuốn hút, phong trần và chín chắn"", tài khoản của kẻ lừa đảo nhắn tin tiếp. Người này sau đó gửi một tấm hình cô gái trẻ đẹp và nói thêm ""đây là em này, xinh không?"". Theo các chuyên gia và cơ quan thực thi pháp luật, đây là thủ đoạn ""mổ lợn"" hay được sử dụng. Những kẻ lừa đảo trò chuyện, lấy lòng mục tiêu suốt nhiều tuần trước khi dụ dỗ họ nướng tiền vào các sàn đầu tư giả mạo và các mánh khóe khác. ""Nếu không phiền, tôi có thể hỏi bạn hơn hay kém tuổi tôi không? Tôi 33 tuổi rồi"", một đoạn hội thoại bằng tiếng Czech viết. ""52"", người bên kia nhắn lại. ""Đàn ông ở độ tuổi này rất cuốn hút, phong trần và chín chắn"", tài khoản của kẻ lừa đảo nhắn tin tiếp. Người này sau đó gửi một tấm hình cô gái trẻ đẹp và nói thêm ""đây là em này, xinh không?"". Theo các chuyên gia và cơ quan thực thi pháp luật, đây là thủ đoạn ""mổ lợn"" hay được sử dụng. Những kẻ lừa đảo trò chuyện, lấy lòng mục tiêu suốt nhiều tuần trước khi dụ dỗ họ nướng tiền vào các sàn đầu tư giả mạo và các mánh khóe khác. Thiếu tướng Bun Sosekha, phó cảnh sát trưởng phụ trách Đơn vị An ninh thuộc Sở Cảnh sát Phnom Penh, kiểm tra một máy tính tại trung tâm lừa đảo. ""Các nghi phạm đã thực hiện hành vi lừa đảo trực tuyến bằng cách thuyết phục nạn nhân người nước ngoài tại châu Âu đổ tiền vào các khoản đầu tư giả mạo"", ông Bun Sosekha nói. Ông thêm rằng trước đây các đối tượng phạm tội thường là người nước ngoài, nhưng ""giờ đây người Campuchia cũng đã bắt đầu tham gia vào mạng lưới này"". Thiếu tướng Bun Sosekha, phó cảnh sát trưởng phụ trách Đơn vị An ninh thuộc Sở Cảnh sát Phnom Penh, kiểm tra một máy tính tại trung tâm lừa đảo. ""Các nghi phạm đã thực hiện hành vi lừa đảo trực tuyến bằng cách thuyết phục nạn nhân người nước ngoài tại châu Âu đổ tiền vào các khoản đầu tư giả mạo"", ông Bun Sosekha nói. Ông thêm rằng trước đây các đối tượng phạm tội thường là người nước ngoài, nhưng ""giờ đây người Campuchia cũng đã bắt đầu tham gia vào mạng lưới này"". Tập trung chủ yếu ở Đông Nam Á, mạng lưới lừa đảo online đã đạt đến ""quy mô công nghiệp"". Theo báo cáo hồi tháng 2 của Văn phòng Liên Hợp Quốc về Chống Ma túy và Tội phạm, doanh thu hàng năm ước tính lên tới 64 tỷ USD. Tập trung chủ yếu ở Đông Nam Á, mạng lưới lừa đảo online đã đạt đến ""quy mô công nghiệp"". Theo báo cáo hồi tháng 2 của Văn phòng Liên Hợp Quốc về Chống Ma túy và Tội phạm, doanh thu hàng năm ước tính lên tới 64 tỷ USD. Cảnh sát thu giữ hàng loạt SIM điện thoại trong cuộc đột kích trung tâm lừa đảo ở Phnom Penh. Kể từ khi chiến dịch truy quét của chính phủ Campuchia bắt đầu vào tháng 7/2025, khoảng 250 trung tâm lừa đảo và 91 sòng bạc đã bị đóng cửa, theo ông Sinarith. Ông cho biết có hơn 200.000 người tháo chạy khỏi các cơ sở lừa đảo và rời Campuchia, đồng thời nước này cũng đã trục xuất khoảng 10.000 người nước ngoài. Cảnh sát thu giữ hàng loạt SIM điện thoại trong cuộc đột kích trung tâm lừa đảo ở Phnom Penh. Kể từ khi chiến dịch truy quét của chính phủ Campuchia bắt đầu vào tháng 7/2025, khoảng 250 trung tâm lừa đảo và 91 sòng bạc đã bị đóng cửa, theo ông Sinarith. Ông cho biết có hơn 200.000 người tháo chạy khỏi các cơ sở lừa đảo và rời Campuchia, đồng thời nước này cũng đã trục xuất khoảng 10.000 người nước ngoài. Các thiết bị của trung tâm lừa đảo bị thu giữ và tập kết tại Sở Cảnh sát Phnom Penh ngày 11/3. Trong số hàng trăm nghìn người thực hiện các vụ lừa đảo trong khu vực, một số là nạn nhân của các vụ buôn người và bị giam giữ trái ý muốn, trong khi số khác làm việc tự nguyện. Tuy nhiên, số bị ép buộc chỉ chiếm ""tỷ lệ nhỏ"", theo Chhay Sinarith, thành viên cấp cao thuộc Ủy ban chống lừa đảo mạng của chính phủ Campuchia. Các thiết bị của trung tâm lừa đảo bị thu giữ và tập kết tại Sở Cảnh sát Phnom Penh ngày 11/3. Trong số hàng trăm nghìn người thực hiện các vụ lừa đảo trong khu vực, một số là nạn nhân của các vụ buôn người và bị giam giữ trái ý muốn, trong khi số khác làm việc tự nguyện. Tuy nhiên, số bị ép buộc chỉ chiếm ""tỷ lệ nhỏ"", theo Chhay Sinarith, thành viên cấp cao thuộc Ủy ban chống lừa đảo mạng của chính phủ Campuchia. Nhóm nghi phạm lừa đảo bị bắt tại Sở Cảnh sát Phnom Penh hôm 11/3. Một trong những thành công đáng chú ý trong chiến dịch truy quét lừa đảo của Campuchia là việc bắt ông trùm gốc Hoa Chen Zhi (Trần Chí) hồi tháng 1. Chen bị cáo buộc cầm đầu đường dây lừa đảo trực tuyến và bị Mỹ truy tố năm ngoái. Campuchia đã phong tỏa tài sản của Chen, bao gồm bất động sản và hàng loạt doanh nghiệp trong nước. Dù đã bị dẫn độ về Trung Quốc, Chen vẫn bị truy tố tại Campuchia trong thời gian tới. Nhóm nghi phạm lừa đảo bị bắt tại Sở Cảnh sát Phnom Penh hôm 11/3. Một trong những thành công đáng chú ý trong chiến dịch truy quét lừa đảo của Campuchia là việc bắt ông trùm gốc Hoa Chen Zhi (Trần Chí) hồi tháng 1. Chen bị cáo buộc cầm đầu đường dây lừa đảo trực tuyến và bị Mỹ truy tố năm ngoái. Campuchia đã phong tỏa tài sản của Chen, bao gồm bất động sản và hàng loạt doanh nghiệp trong nước. Dù đã bị dẫn độ về Trung Quốc, Chen vẫn bị truy tố tại Campuchia trong thời gian tới. Các bộ quân phục giả và thẻ căn cước mà những kẻ lừa đảo dùng để giả danh cảnh sát Nhật Bản. Giới chức Campuchia thừa nhận mạng lưới tội phạm đang có sự chuyển dịch, khi nhiều ông trùm lừa đảo chuyển hoạt động từ các trung tâm quy mô lớn sang những địa điểm nhỏ hơn như tòa nhà văn phòng hoặc khách sạn. Dù vậy, Campuchia tuyên bố sẽ xóa sổ ngành công nghiệp này vào cuối tháng tới, cam kết truy tố cả những kẻ lừa đảo cấp thấp, các ông trùm cũng như chủ cho thuê mặt bằng làm hang ổ lừa đảo. ""Chúng tôi hy vọng vấn nạn này sẽ bị quét sạch trong tháng 4"", ông Chhay Sinarith nói. Các bộ quân phục giả và thẻ căn cước mà những kẻ lừa đảo dùng để giả danh cảnh sát Nhật Bản. Giới chức Campuchia thừa nhận mạng lưới tội phạm đang có sự chuyển dịch, khi nhiều ông trùm lừa đảo chuyển hoạt động từ các trung tâm quy mô lớn sang những địa điểm nhỏ hơn như tòa nhà văn phòng hoặc khách sạn. Dù vậy, Campuchia tuyên bố sẽ xóa sổ ngành công nghiệp này vào cuối tháng tới, cam kết truy tố cả những kẻ lừa đảo cấp thấp, các ông trùm cũng như chủ cho thuê mặt bằng làm hang ổ lừa đảo. ""Chúng tôi hy vọng vấn nạn này sẽ bị quét sạch trong tháng 4"", ông Chhay Sinarith nói. Thanh Tâm Ảnh: AFP, AP",1,spam
Vắt kiệt!!,0,ham
"Theo thông báo từ Agribank, trong dịp Tết Tân Sửu 2021 đã xuất hiện các đối tượng dùng thủ đoạn gửi tin nhắn ""nhận tiền lì xì"" qua SMS, Zalo, Facebook.Các tin nhắn kèm đường link dẫn đến các trang web giả mạo như: agribanking.com.vn, agri2021.co, agribanks.link, agribanks.biz... Website giả mạo có tên, logo, giao diện giống với giao diện website, ứng dụng thanh toán chính thức của Agribank. Khi vào các website, ứng dụng giả mạo khách hàng bị yêu cầu truy cập, đăng nhập và xác nhận các thông tin như: user hoặc mật khẩu đăng nhập ứng dụng Agribank E-Mobile Banking, Internet Banking; mã OTP... Từ đó, đối tượng lừa đảo sẽ chiếm đoạt tài sản trong tài khoản của khách hàng... Để phòng tránh các hình thức lừa đảo và đảm bảo an toàn khi giao dịch, Agribank lưu ý khách hàng tuyệt đối không truy cập các đường link, liên kết trong tin nhắn hoặc email lạ hoặc không rõ nguồn gốc. Agribank không bao giờ yêu cầu khách hàng cung cấp thông tin bảo mật dưới bất cứ hình thức nào. Khách hàng chỉ đăng nhập vào dịch vụ ngân hàng điện tử thông qua website chính thức của Agribank. Khách hàng hạn chế dùng máy tính công cộng, mạng không dây công cộng khi truy cập vào hệ thống ngân hàng điện tử. Ngoài ra, khách hàng không cung cấp tên, mật khẩu đăng nhập ngân hàng trực tuyến, mã xác thực OTP, số thẻ ngân hàng qua điện thoại, email, mạng xã hội và website. Đặt mật khẩu khó đoán, thực hiện thay đổi mật khẩu thường xuyên hoặc khi nghi ngờ bị lộ. Không sử dụng các tính năng lưu mật khẩu để đăng nhập tự động, không sử dụng chung một mật khẩu để đăng nhập ngân hàng trực tuyến và mật khẩu thư điện tử hoặc mật khẩu đăng nhập vào các mạng xã hội. Agribank khuyến cáo khách hàng nên đăng ký nhận thông báo thay đổi số dư giao dịch, sử dụng phương thức xác thực Smart OTP khi giao dịch trực tuyến và thường xuyên theo dõi, cập nhật các cảnh báo về an toàn bảo mật trong thanh toán trực tuyến từ các đơn vị cung cấp dịch vụ, các phương tiện truyền thông đại chúng. (Nguồn: Agribank)",1,spam
Không thể làm bất cứ điều gì.,0,ham
"Tin tức hôm nay: Ứng dụng chuyển đổi số trong quản lý đô thị giúp rút ngắn thời gian xử lý thủ tục hành chính cho người dân và doanh nghiệp, nâng cao tính minh bạch của chính quyền. Báo cáo mới nhất vừa được công bố.",0,ham
"Khoảng một giây, điện thoại vừa rung lên, hiện một số lạ chưa kịp đổ chuông đã tắt. Hưng nhìn màn hình, ngón tay chần chừ trên nút gọi lại. Những cảnh báo về cuộc gọi lừa đảo hiện lên trong đầu, nhưng rồi anh vẫn bấm. Hưng có một người anh lớn tuổi, mắc bệnh, thỉnh thoảng đi lang thang rồi không nhớ đường về. Số điện thoại của Hưng được xăm ở tay của anh cùng lời nhắn: ""Hãy gọi em trai tôi"". Sáng 30/9/2025, bực bội vì liên tiếp nhận ba cuộc gọi rác giữa cuộc họp cuối quý, anh ngắt rụp điện thoại khi chuông reo lần thứ tư, vẫn báo số lạ. Nhưng đây lại là cuộc gọi báo về người anh trai. Chiều hôm đó, giữa cơn mưa lụt lịch sử cô lập thủ đô dường như mọi phía, anh vừa chật vật tìm đường đi đón anh trai, vừa tự trách đã không nghe máy, kiểm tra tin nhắn sớm hơn. Từ đó, anh tự đặt nguyên tắc: Số lạ cũng phải nghe, có cuộc gọi nhỡ phải gọi lại liền. Có những cuộc gọi chỉ kéo dài vài giây rồi tắt. Nhưng cũng có cuộc gọi anh ""độc thoại"" gần 10 giây, bên kia vẫn lặng im. Anh rơi vào một vòng luẩn quẩn của không ít người: Không nghe thì sợ có việc quan trọng, nghe thì sợ gặp cuộc gọi lừa đảo. Những cuộc nháy máy Cục An ninh mạng và phòng, chống tội phạm sử dụng công nghệ cao cảnh báo gần đây người dân liên tục nhận được ""cuộc gọi nháy máy"" từ đầu số 022, 024, 028 với thời gian đổ chuông rất ngắn, khoảng 3 giây, khiến người dân không kịp nghe máy, chỉ hiện cuộc gọi nhỡ. Tình trạng lặp lại nhiều lần gây tâm lý hoang mang, lo lắng. Cơ quan công an cảnh báo thủ đoạn ""nháy máy"" vài giây này nhằm mục đích rà soát, xác thực dữ liệu người dùng. Khi người dùng bắt máy hoặc gọi lại, hệ thống sẽ ghi nhận số điện thoại đang hoạt động; một số nhóm lừa đảo còn dùng công nghệ phân tích giọng nói để suy đoán giới tính, độ tuổi, mức độ cảnh giác, từ đó phân loại nạn nhân. Dữ liệu sau sàng lọc có thể bị bán cho bên thứ ba hoặc phục vụ các kịch bản lừa đảo có chủ đích. Ngoài nguy cơ bị lộ thông tin, chủ thuê bao còn có thể bị trừ cước phí cao; giọng nói cũng có thể bị ghi âm, cắt ghép phục vụ hành vi giả mạo, lừa đảo tinh vi khác. Các cuộc gọi kiểu này thường nhắm vào nhóm người dễ tổn thương như người cao tuổi, nội trợ hoặc người đang tìm việc. Nếu gọi lại, nhóm lừa đảo còn có thể dựng sẵn kịch bản tinh vi để dụ gọi lại vào các số điện thoại tính phí cao, đặc biệt là các số quốc tế lạ. Không gọi lại Công an khuyến nghị không nên gọi lại nếu có nghi ngờ, đặc biệt là đầu số có dấu ""+"". Bạn không cung cấp thông tin cá nhân, truy cập đường link hoặc cài ứng dụng theo hướng dẫn từ người lạ, kể cả bên kia nhận là cơ quan chức năng, công an, VKS, tòa án hay nhân viên ngân hàng, nhà mạng... Nếu số điện thoại lạ hoặc đầu số lạ nháy máy, làm phiền liên tục, người dân có thể tiến hành thao tác chặn số hoặc thông báo đến nhà mạng những thuê bao này. Hải Thư",1,spam
Miễn phí cho tuần đầu tiên!,1,spam
Hai nguyên tắc cơ bản của cuộc sống mát mẻ: \ đi bộ,0,ham
"Trong hơn một tháng qua, Công ty Cổ phần Cấp nước Đà Nẵng (Dawaco) và cơ quan chức năng ghi nhận nhiều trường hợp bị kẻ gian tiếp cận. Thủ đoạn chung là gọi điện yêu cầu làm lại hợp đồng điện nước bằng Căn cước công dân (CCCD) mới, với lý do sổ hộ khẩu giấy và Chứng minh nhân dân cũ đã bị hủy. Dùng thông tin thật để tạo lòng tin, dẫn dụ qua Zalo Kẻ gian thường nắm rõ tên, địa chỉ khách hàng để tạo lòng tin, tự xưng là nhân viên Dawaco, yêu cầu kết bạn Zalo để ""ký lại hợp đồng"", ""cập nhật thanh toán"", đồng thời đe dọa sẽ ngừng cấp nước nếu không làm theo. Một nạn nhân tại Đà Nẵng cuối tháng 3 đã bị chiếm đoạt khoảng 220 triệu đồng. Người này nhận cuộc gọi hướng dẫn chuyển sang hình thức thanh toán online, sau đó được yêu cầu xác thực sinh trắc học qua một đường dẫn lạ. Trong quá trình thao tác, kẻ gian chiếm quyền kiểm soát ứng dụng ngân hàng và rút sạch tiền trong tài khoản. Tại phường Thanh Khê, một tổ trưởng dân phố suýt trở thành nạn nhân vào chiều 16/4. Bà nhận cuộc gọi thông báo phải chuyển đổi sang hóa đơn điện tử. Do người gọi đọc đúng thông tin về số nhân khẩu, định mức sử dụng nước, bà tin tưởng và kết bạn Zalo. ""Họ hướng dẫn tôi đăng ký lại tài khoản ngân hàng, yêu cầu đặt CCCD lên điện thoại để sao lưu. May mắn con trai tôi làm kỹ sư công nghệ về kịp, phát hiện tiền chuẩn bị chuyển đến một tài khoản cá nhân bị che tên nên ngăn chặn kịp thời"", bà kể. Tổng Giám đốc Dawaco cũng bị gọi 'ký lại hợp đồng' Ngay cả ông Hồ Minh Nam, Tổng giám đốc Dawaco, cũng nhận được cuộc gọi tương tự, yêu cầu lên trụ sở tại số 57 Xô Viết Nghệ Tĩnh để ký lại hợp đồng cho gia đình và người thân. ""Để kiểm tra, tôi yêu cầu người gọi đọc mã khách hàng trên hệ thống. Họ lập tức cúp máy vì nhận ra tôi nắm rõ quy trình"", ông Nam cho biết. Theo ông Nam, tình trạng lừa đảo gia tăng do các nhóm tội phạm tranh thủ thời điểm trước khi siết chặt định danh số điện thoại. Người lớn tuổi thường là mục tiêu chính của các kịch bản dàn dựng tinh vi. Khi bị chất vấn về quy trình hoặc gặp phản ứng, những kẻ giả danh thường thay đổi thái độ, dùng lời lẽ khiếm nhã rồi đột ngột ngắt kết nối. Hiện Dawaco đã triển khai ký hợp đồng qua Zalo chính thức, đồng bộ dữ liệu khách hàng. Người dân được khuyến cáo không tin các yêu cầu đến trực tiếp trụ sở hoặc cung cấp thông tin cá nhân cho người lạ. Ông Nam cho biết công ty đã phát cảnh báo trên các phương tiện truyền thông, website và gửi tin nhắn đến hơn 300.000 khách hàng. Hồ sơ các vụ việc đã được chuyển cho công an điều tra. Phòng An ninh mạng và phòng, chống tội phạm sử dụng công nghệ cao (Công an TP Đà Nẵng) cảnh báo việc yêu cầu cài đặt ứng dụng lạ hoặc cung cấp thông tin sinh trắc học qua điện thoại thực chất là hành vi chiếm đoạt tài sản. Cơ quan công an khuyến cáo người dân không cung cấp mã OTP, mật khẩu, không làm theo hướng dẫn từ số lạ liên quan đến tài khoản ngân hàng; đồng thời liên hệ trực tiếp đơn vị cung cấp dịch vụ hoặc cơ quan chức năng để xác minh khi có nghi vấn. Nguyễn Đông",1,spam
Tôi ước rằng tôi đã ở bên bạn.,0,ham
"""Đây là thông báo chính thức của Cảnh sát Trung Quốc về Pi Network năm 2023, khuyến cáo công chúng rằng dự án là vụ lừa đảo, nhắm chủ yếu đến người cao tuổi, làm rò rỉ dữ liệu cá nhân và mất lương hưu của họ"", Ben Zhou, CEO Bybit viết trên X rạng sáng 21/2. ""Có nhiều báo cáo khác cũng đặt câu hỏi về tính hợp pháp của dự án. Theo đường link ông Zhou chia sẻ, cảnh sát thành phố Vô Tích tập hợp một số trường hợp điển hình về người già Trung Quốc tải về ứng dụng Pi Network theo ""lời mời"" của người khác, cung cấp giấy tờ tùy thân quan trọng, thậm chí dẫn dụ gặp gỡ ""đầu tư"" nhưng thực chất lừa đảo. ""Tội phạm dùng chiêu trò 'miễn phí' và 'quà tặng' để thu hút người ham lợi nhuận tải xuống phần mềm, tạo niềm tin bằng cách nói người chơi không đầu tư vốn, tặng họ một lượng nhỏ 'tiền Pi"". Sau đó, chúng khuyến khích mở rộng bằng cách thưởng cho những ai lôi kéo thêm người tham gia, bán lại thông tin cá nhân của người dùng và lừa đảo tiền của nạn nhân"", theo Sở Cảnh sát Vô Tích năm 2023. Cũng trong bài viết, ông Zhou một lần nữa khẳng định sàn Bybit chưa từng đưa ra yêu cầu nào đối với đội ngũ Pi Network và cũng không niêm yết tiền ảo này. Trước đó, một số thông tin cho rằng sàn của ông không vượt qua Xác thực danh tính doanh nghiệp (KYB) mà Pi Network đưa ra nên không thể niêm yết token. ""Nếu dự án hợp pháp và thẳng thắn, họ nên đứng ra minh bạch các báo cáo để mọi người hiểu. Nhưng thay vào đó, họ lại chọn bịa đặt và thực hiện những cuộc tấn công vô căn cứ"", ông nhấn mạnh. ""Vâng, tôi vẫn nghĩ họ là kẻ lừa đảo, Bybit sẽ không niêm yết các vụ lừa đảo"". Dự án Pi Network bắt đầu mở mạng chiều 20/2. Theo thống kê của BeinCrypto, với nguồn cung lưu hành 6,3 tỷ token và giá ban đầu khoảng 2 USD, tổng giá trị airdrop của Pi Network hiện đạt 12,6 tỷ USD, tức gần gấp đôi đợt airdrop của Uniswap năm 2020 với 6,43 tỷ USD. Trong lĩnh vực tiền số, airdrop là thuật ngữ chỉ phát coin hoặc token miễn phí cho người dùng trước khi mở mạng. Ngay khi niêm yết, giá tiền Pi lập tức ""nhảy múa"". Từ mức 2 USD, token thậm chí lên hơn 3 USD trên một số sàn ngày 20/2. Tuy nhiên, tiền ảo này sau đó sụt xuống 0,9 USD, lên 2,1, xuống 1,4, rồi lại tăng 1,7 USD nhưng hiện chỉ còn 0,79 USD. Như vậy, so với giá niêm yết, token này giảm hơn nửa giá trị sau chưa đến một ngày. Pi Network là dự án ra đời từ năm 2019, được quảng cáo là giúp người dùng sở hữu tiền ảo Pi miễn phí bằng cách vào ứng dụng trên điện thoại điểm danh mỗi ngày. Ngày 12/2, khi Pi Network công bố kế hoạch Open Network, cho phép người chơi giao dịch Pi ra bên ngoài, ông Zhou lập tức tuyên bố không niêm yết tiền số này. Ông nhắc đến việc từng gặp rắc rối do bị người lớn tuổi đòi lại tiền khi thua lỗ, đăng kèm cảnh báo từ chuyên gia Haotian của CryptoInsight. Haotian cho rằng Pi Network đặc biệt phổ biến ở các thị trường có trình độ hiểu biết về tài chính chưa cao, cùng những khẩu hiệu kiểu ""một Pi bằng một Bitcoin"" đã góp phần khiến nhiều người hiểu sai về giá trị thực sự của nó. Phản ứng của thị trường với việc niêm yết một đồng tiền số càng dữ dội, càng cho thấy chúng có nhiều vấn đề. Bybit là sàn giao dịch tiền số có khối lượng giao dịch đứng thứ hai thị trường chỉ sau Binance, theo thống kê của CoinMarketCap. Binance - sàn tiền số lớn nhất thế giới - đang thăm dò ý kiến cộng đồng về việc có nên niêm yết Pi Network từ 13/2, nhưng hiện chưa có thông báo mới. Trước khi mở mạng, nhiều người chơi Pi Network từng mong đợi giá tiền ảo này sẽ rất cao. Họ kêu gọi đặt ""giá đồng thuận"" cho mỗi Pi từ 500 đến 1.000 USD và yêu cầu ""không được phá giá"". Thậm chí, có cộng đồng hình thành cái gọi là GCV (Global Consensus Value - giá trị đồng thuận toàn cầu) của Pi ở mức 314.159 USD. Tuy nhiên, theo OneSafe, những con số kể trên là ""không tưởng"". PCT thông báo tổng cung tối đa là 100 tỷ Pi. Trong khi đó, nguồn cung ban đầu được dự tính khoảng 6 tỷ Pi được đưa ra thị trường sau khi mở mạng. ""Nếu Pi có giá như cộng đồng kỳ vọng, vốn hóa của nó sẽ ở mức không tưởng, không có cơ sở thực tế hay dữ liệu thị trường để chứng minh"", Nam Nguyên, người có 4 năm tham gia thị trường tiền số, bình luận. ""Đã có quá nhiều lời cường điệu về Pi Coin và Pi Network kể từ khi ra mắt. Dự án này chỉ tồn tại nhờ sự cường điệu của nó bằng cách sử dụng cảm xúc của các nhà đầu tư, giống như Hamster Kombat"", Crypto Times bình luận. ""Tuy nhiên, theo thời gian, mọi người sẽ kiểm tra thực tế xem Pi có phải là một con ngựa đua đường dài hay không"". Duy Phong - Anh Khang",1,spam
Haha ... thực sự oh không ... Làm thế nào?,0,ham
Tôi rất vui.,0,ham
Không * tôi đang làm việc với những thứ reo bạn nhưng có cả hai ngôi nhà la hét những đứa trẻ nên * đang kéo tóc tôi ra!,0,ham
"Được rồi Sam, thật tuyệt khi chỉ kiểm tra xem đây là số của bạn-nó phải không? T.B*",0,ham
"Nokia hoặc Motorola miễn phí với tối đa 12 phút 1/2Price Linerental, 500 MINS-NET MINS & 100TXT/MTH miễn phí B'tooth*.",1,spam
TBS/Persolvo.,1,spam
"Nhật Kim Anh tiết lộ ""thần dược"" giúp cô thoát khỏi lưỡi hái tử thần trên máy bay
Mới đây, trên trang cá nhân, nữ ca sĩ Nhật Kim Anh đã cập nhập dòng trạng thái chia sẻ về việc mình bị co rút và ngất xỉu ngay trên máy bay.
Trước khi lên máy bay, Nhật Kim Anh đã cảm thấy người mệt mỏi vì cảm sốt. Tuy vậy, nữ ca sĩ chỉ nghĩ đó là cảm sốt bình thường. Đến khi máy bay bắt đầu lăn bánh, trải qua những cảm giác khó chịu như bao tử bị cào xé, cơ thể run rẩy, lạnh người.
Ngay khi máy bay đáp xuống sân bay Tân Sơn Nhất, Nhật Kim Anh vẫn bị sốt co giật nên phải nhập viện khẩn cấp tại một bệnh viện ở quận Phú Nhuận. Sau khi khám, bác sĩ chuyên khoa chẩn đoán Nhật Kim Anh bị midan mãn tính hành, dẫn đến sốt và có triệu chứng co giật cơ thể. Hiện tại, bác sĩ chỉ định Nhật Kim Anh sẽ phải nằm viện 2-3 ngày để hồi phục sức khỏe do thể trạng cô còn khá yếu.
Nhật Kim Anh khá đau đớn và mệt mỏi
Theo chia sẻ của nữ ca sĩ, cô nhờ 2 bác sĩ người Tây cứu giúp và phải ăn kẹo mới dần hồi phục: “Sau đó bác sỹ kêu nhân viên lấy mền và các loại kẹo ngọt bắt tôi ăn ….Rồi từ từ người tôi bắt đầu ấm dần lên và đỡ hẳn , tay chân tôi khoảng gần 1 tiếng sau đã có thể duỗi các ngón ra được, lúc đó các nhân viên rất quan tâm tới tôi ,lo ăn uống mọi thứ rất chu đáo ,cứ đi tới đi lui hỏi thăm tôi suốt…Đây là lần đầu tiên mà tôi bị tình trạng như thế này ,cảm giác sợ lắm mọi người ạh .Hồi trước tôi hay ngất xỉu nhưng cũng không đến mức như thế này .khủng khiếp quá . Từ giờ trở đi là lúc nào trong túi cũng phải có kẹo ngọt và không để bị đói quá mức như thế nữa . Sợ quá rồi !!!! Trước khi xuống máy bay các nhân viên còn đưa cho tôi 1 ly kẹo và túi đường ngọt nữa. Nói tôi bỏ vào túi phòng khi chóng mặt nữa.”
Nữ ca sĩ chia sẻ nỗi sợ sau khi thoát khỏi lưỡi hái tử thần
Kẹo chính là thứ ‘thần dược’ đã cứu Nhật Kim Anh thoát chết trên máy bay vì vậy cô khuyên mọi người phải mang theo kẹo bên mình để đề phòng gặp trường hợp tụt huyết áp như cô.",1,spam
Bday thực sự của anh ấy là vào tháng Tư.,0,ham
GSOH?,1,spam
"Hại não với Vọng Cổ mang tên Vuông Tròn Tam Giác!
Chương trình công nghệ giáo dục: Hãy tôn trọng sự khác biệt !
Trong “cơn bão” tranh luận về chương trình công nghệ giáo dục những ngày vừa qua, có những người từng là “sản phẩm” của chương trình này đã lên tiếng. Chính họ là người đã trải nghiệm được chương trình này như thế nào, tốt hay không tốt đối với bản thân mình.
Để rộng đường dư luận, Thanh Niên xin giới thiệu bài viết của chị Hà Việt Anh, nguyên Thư ký tòa soạn tạp chí Mẹ và Bé, cũng là cựu học sinh của chương trình này.
‘Chúng tôi vẫn sử dụng tiếng Việt rất bình thường, hiệu quả’
Nếu chương trình công nghệ giáo dục (CNGD) thực sự “có vấn đề”, “xâm phạm quốc hồn quốc túy” “làm xáo trộn xã hội” “hủy hoại tiếng Việt, hủy hoại văn hóa dân tộc” như các trí thức tự phong cho mình là có trách nhiệm với nền giáo dục nước nhà lớn tiếng chỉ trích, thì tại sao Bộ GD-ĐT không dẹp bỏ nó luôn từ 40 năm trước, khi nó xuất hiện tại Việt Nam, cớ sao phải đợi đến tận bây giờ?
Đã có ít nhất 40 khóa học sinh của Trường Thực Nghiệm đã theo học phương pháp này và chúng tôi không hề gặp bất cứ vấn đề gì, cha mẹ chúng tôi cũng hoàn toàn hạnh phúc với việc học của chúng tôi, chúng tôi vẫn sử dụng tiếng Việt trong đời sống và công việc hằng ngày rất bình thường, hiệu quả.
Xin hỏi các vị, khi có con đến tuổi đi học, cha mẹ mong nhất điều gì? Theo tôi có 2 điều. Một là mong con được vui vẻ hạnh phúc, thích đi học, yêu trường, yêu lớp, yêu thầy cô, bạn bè. Hai là mong con biết tự lập, tự tin để vững vàng bước vào cuộc sống cam go. Cả 2 điều ấy CNGD đã làm được một cách xuất sắc.
Hồi tôi còn bé, lúc nào chị em tôi cũng chỉ mong đến trường, mong gặp thầy, gặp bạn. Nhiều chục năm sau các con và cháu ruột tôi dù sốt 39 độ cũng nằng nặc đòi đi học. Có thể chúng tôi chưa nổi tiếng và thành công như nhà toán học Ngô Bảo Châu, như bác sĩ – Đại biểu quốc hội Nguyễn Lân Hiếu hay nhiều học trò Thực Nghiệm khác nhưng chúng tôi luôn tự tin vào bản thân, luôn sống tử tế và chan hòa với mọi người.
Vì dù đi đâu làm gì chúng tôi cũng nhớ về những bài học về tình yêu thương, lòng biết ơn, tinh thần trách nhiệm, dám nói, dám làm… mà thầy Đại và các thầy cô giáo dù là dạy môn gì cũng luôn nuôi dưỡng trong chúng tôi những giá trị sống nhân văn qua từng tiết học.
Đành rằng cách đánh vần không làm cho con trẻ thông minh hay giỏi giang hơn người nhưng cũng nhờ vào phương pháp giáo dục (triết lí giáo dục) của GS.TSKH Hồ Ngọc Đại và các cộng sự mà những lứa học sinh 40 năm vẫn mang tên “thực nghiệm” chúng tôi từ khi còn rất nhỏ đã biết tư duy logic, biết tập đi trên con đường của các nhà khoa học “thử-sai-thử lại”, tự xây dựng kiến thức cho mình từ những gợi ý của thầy cô theo tôn chỉ: “thầy thiết kế – trò thi công”, “lấy học trò làm trung tâm của bài giảng”.
Những phương pháp tiếp cận kiến thức được học từ thuở thơ ấu dưới mái trường Thực Nghiệm tôi đã mang theo mình tới tận những năm tháng du học tại ngôi trường số 1 của nước Nga, chúng đã giúp tôi rất nhiều trong học tập và nghiên cứu ngôn ngữ.
Dù ai có phủ nhận thì đó là quyền của họ.
Chỉ biết rằng từ cách đây chẵn 40 năm, nếu khẩu hiệu của các trường học là “Tiên học lễ – Hậu học Văn”,
thì khẩu hiệu của trường Thực Nghiệm chúng tôi là “ĐI HỌC LÀ HẠNH PHÚC – MỖI NGÀY ĐẾN TRƯỜNG NÁO NỨC MỘT NGÀY VUI”; khi các bạn cùng trang lứa ở trường khác còn đang ê a đánh vần thì học sinh Thực Nghiệm chúng tôi đã đọc thơ lục bát; khi cả nước bỏ chữ thường chuyển sang viết chữ cải cách thì chúng tôi vẫn an nhiên viết theo lối truyền thống (rồi sau này cả nước lại bỏ chữ cải cách); khi các bạn trường khác đánh vật với việc tả người, tả cây, tả mưa thì chúng tôi cùng nhau đọc Paustovsky, Chekhov, Balzac, Hugo…;
khi trường trường lớp lớp viết theo văn mẫu thì với một đề văn, trong lớp tôi người viết văn, người viết đồng dao, người làm thơ, thậm chí có người vẽ để trả bài cho cô; khi cả nước học một buổi rồi về nhà nửa ngày thì chúng tôi vác cặp lồng cơm đi học y như công chức nhà nước; khi nhà nào bố mẹ cũng phải đưa con đi học thì chúng tôi đi xe bus tuyến; khi toàn quốc bậc tiểu học một cô dạy tất tần tật tất cả các môn thì từ lớp 1 chúng tôi có thầy cô dạy từng môn riêng biệt; khi các bạn trường khác tối về vẫn phải làm bài tập thì chúng tôi chơi, đọc sách,
vẽ vời vì trong ngày đã có tiết tự học để giải quyết hết bài vở; khi trong suốt mấy chục năm trời Bộ GD-ĐT không thể quyết định nổi cho trẻ học ngoại ngữ từ lớp mấy thì chúng tôi đã học ngoại ngữ từ khi bắt đầu bước chân vào cổng trường tiểu học; khi chưa thực sự hài lòng về phương pháp giáo dục hay thái độ của thầy cô với học trò chúng tôi sẵn sàng lên gặp Ban giám hiệu để phản ánh, nói lên tiếng nói của mình – điều mà chỉ có thể gặp (may ra) ở các ngôi trường dân lập tiên tiến ngày nay…
Và còn nhiều, còn rất nhiều điều khác biệt nữa chúng tôi được hưởng nhờ CNGD, nhờ triết lí giáo dục đầy tính nhân văn mà GS.TSKH Hồ Ngọc Đại mang đến cho chúng tôi và con cháu chúng tôi trong suốt 40 năm qua. Dưới mái trường Thực Nghiệm thân yêu, chúng tôi luôn được YÊU THƯƠNG, được TÔN TRỌNG, được CHẤP NHẬN như chúng tôi vốn là, được tự tin LÀ CHÍNH MÌNH.
Trước khi các vị muốn chửi, muốn lên án, muốn xóa bỏ CNGD thì hãy bình tĩnh ngồi ngẫm nghĩ một chút xem liệu tất cả những sự “khác biệt” mà tôi vừa liệt kê sơ bộ ở trên có phải là mong muốn và mơ ước (thật nhất) của mỗi cha mẹ học sinh ngày hôm nay? Nghĩ xong rồi mà vẫn thấy CNGD có vấn đề, làm xáo trộn xã hội, xâm phạm văn hóa dân tộc… thì hãy chửi tiếp nhé!
Xin đừng nhập nhèm các cấn đề khác
Và xin đừng nhập nhèm với sáng kiến của ông Bùi Hiền – ông ấy đòi cải cách chữ viết tiếng Việt, còn CNGD sử dụng phương pháp dạy trẻ học về âm rồi mới bắt đầu ghép vào chữ cái để đọc. Hai việc đó hoàn toàn khác nhau.
Cũng đừng lôi việc bán sách giáo khoa CNGD vào đây. Xin hỏi có ai dí súng vào đầu quý vị bắt học theo CNGD không? Vừa hôm qua hôm kia Giám đốc Sở GD-ĐT Đà Nẵng từ chối thẳng thừng việc tiếp nhận CNGD vào tỉnh họ đấy thôi. Bán sách là việc của Bộ GD-ĐT và NXB Giáo dục, ai hưởng lợi từ việc bán sách thì đứa trẻ lên 3 cũng biết, xin đừng lôi thầy trò chúng tôi vào.
Tóm lại, nếu thích mời bạn tìm hiểu còn theo hay không tùy bạn. Nếu không thích xin đừng chọn. Nhưng HÃY TÔN TRỌNG SỰ KHÁC BIỆT – đó chính là biểu hiện của sự văn mình.",1,spam
"Vâng, đó là một trường hợp tốt nhất là kịch bản",0,ham
Nghĩ rằng bạn đã gửi văn bản đến điện thoại nhà.,0,ham
"Vì vậy, bạn nói với tôi rằng tôi có thể là Valentine thực sự của bạn và tôi đã không?",0,ham
Cảnh báo chiêu trò giả danh nhân viên viễn thông thông báo khóa sim 2 chiều nếu không chuẩn hóa thông tin thuê bao. Đối tượng hướng dẫn làm theo cú pháp để chiếm quyền kiểm soát sim ngân hàng. Mọi người tuyệt đối không làm theo!,1,spam
"Aight sẽ hoạt động, cảm ơn",0,ham
"Cảnh báo thủ đoạn hack tài khoản Facebook của người thân, sau đó nhắn tin mượn tiền gấp hoặc nhờ chuyển khoản thanh toán hóa đơn. Nhiều người thiếu cảnh giác đã chuyển tiền cho kẻ gian. Hãy chia sẻ cho người thân cùng biết.",1,spam
Không ai trong số đó xảy ra cho đến khi bạn đến đây,0,ham
"Carlos nói rằng chúng tôi có thể nhận từ anh ấy sau này vì vậy vâng, chúng tôi đã thiết lập",0,ham
"Bà Tâm (ở quận 5, TP HCM) bị Công an Đăk Lăk khởi tố, bắt tạm giam hôm 13/2, để điều tra về hành vi Lừa đảo chiếm đoạt tài sản. Trước đó, ngày 2/2, đại tá Lê Văn Tuyến, Giám đốc Công an Đăk Lăk đến làm việc tại Công an huyện Lăk. Bà Tâm đến chào hỏi đại tá Tuyến và tự giới thiệu mình là đại tá Hà Phương Tường Vân, Quyền Cục trưởng Cục tình báo (Bộ Công an). Nhận thấy người phụ nữ này có dấu hiệu giả mạo cấp bậc, chức vụ nên đại tá Tuyến chỉ đạo điều tra, xác định bà này tên thật là Đào Thanh Tâm, nghề nghiệp kinh doanh. Mục đích mạo danh để xin làm dự án xây dựng khu du lịch nghỉ dưỡng tại huyện Lăk. Ngoài ra, Tâm khai nhận, năm 2018, bà có quen một người ở TP Buôn Ma Thuột và tự xưng là Cục trưởng Cục an ninh Tây Bắc (Bộ Công an). Tâm hứa đòi lại 5 tỷ đồng giúp người này, và yêu cầu chuyển vào tài khoản của mình 300 triệu đồng. Sau khi nhận tiền, Tâm tiêu xài cá nhân và không thực hiện đúng cam kết. Trần Hóa",1,spam
"[CẢNH BÁO LỪA ĐẢO] Đối tượng lừa đảo giả danh công an phường hướng dẫn cài đặt ứng dụng Dịch vụ công trực tuyến giả mạo (file .apk). Khi cài đặt, ứng dụng chứa mã độc tự động chiếm quyền điều khiển điện thoại và rút sạch tiền ngân hàng. Hãy chia sẻ cho người thân cùng biết.",1,spam
U đã được trả giá bởi Simonwatson5120 trên DVD DVD của Shinco.,1,spam
"Ao làng bỗng lúc nhúc toàn sinh vật lạ, thò tay sờ vào mới tím mặt sợ hãi khi biết sự thật
Thấy ao làng lúc nhúc toàn sinh vật lạ, người đàn ông tò mò tới gần và suýt ngất lịm trước cảnh tượng hãi hùng.
Lâu lâu về thăm quê, người đàn ông cảm thấy vô cùng thích thú với cảnh tượng yên bình cùng không khí trong trẻo đặc trưng nơi đây. Đang thả bộ trên con đường làng, bất chợt ông thấy nhiều người xúm lại ở một cái ao, quá tò mò, ông quyết định rảo bước đến gần xem thử.
Ông vô cùng ngạc nhiên khi dưới ao cả hàng trăm, hàng ngàn sinh vật kỳ lạ đang bò lúc nhúc.
Những con vật không chỉ chen chúc nhau mà còn bò lên hẳn chân, tay những người gần đó. Thì ra đây là ao của một nhà trong làng để chăn nuôi loài sinh vật kinh dị này.
Tuy nhiên, khi cúi xuống và sờ thử vào “hiện vật”, ông bỗng vội vã bỏ ra và vô cùng sợ hãi.
Những con đỉa béo nần, béo tròn được nuôi để bán làm… thức ăn. Tuy chúng không hút máu người nhưng nhìn cũng thôi cũng đủ khiến nhiều người chết khiếp.
Đỉa được treo phơi khô trước khi bán. Chứa hirudin, đỉa có tác dụng chữa bệnh tốt, đặc biệt là bệnh ung thư và tim mạch.",1,spam
Cảnh báo cuộc gọi bị bỏ lỡ.,1,spam
"Những nghi phạm này bị bắt giữ tại tỉnh Bokeo, Lào, và đang được hoàn thiện các thủ tục pháp lý để di lý về nước, Công an tỉnh Lai Châu ngày 23/7 cho biết. Trong số này nhiều nghi phạm có tiền án, tiền sự, một người đang bị truy nã và 16 người dương tính với ma túy. Hà Văn Hiếu, 23 tuổi, trú xã Yên Sơn, tỉnh Tuyên Quang, bị tình nghi giữ vai trò cầm đầu. Dưới trướng Hiếu phần lớn là người Việt, tụ tập hoạt động tại xã Tonpheung, tỉnh Bokeo, Lào. Bước đầu, cơ quan điều tra xác định từ tháng 6 đến nay, nhóm này đã lừa hơn 1.000 bị hại tại nhiều tỉnh, thành, chiếm đoạt hơn 5 tỷ đồng. Đột kích ổ lừa đảo xuyên biên giới tại Lào Theo cơ quan điều tra, từ tháng 4/2026, nhóm này lợi dụng chủ trương miễn học phí, hỗ trợ bảo hiểm y tế cho học sinh tiểu học, THCS và THPT để dựng kịch bản lừa đảo. Mục tiêu chúng nhắm đến là phụ huynh và học sinh. Nhóm thuê một căn nhà tại xã Tonpheung, tỉnh Bokeo (Lào), lắp đặt hệ thống máy tính, thiết bị viễn thông và vận hành đường dây lừa đảo dưới vỏ bọc ""nhân viên bảo hiểm"". Mỗi ngày, chúng sử dụng tổng đài ảo gọi điện theo danh sách thông tin học sinh và phụ huynh có sẵn. Khi gọi điện, các nghi phạm yêu cầu phụ huynh cập nhật thông tin trên ứng dụng VNeID, liên kết tài khoản an sinh xã hội, bảo hiểm y tế với tài khoản ngân hàng. Sau khi tạo được lòng tin, chúng gửi một mã QR giả, giới thiệu là ""mã hồ sơ"" và hướng dẫn nạn nhân quét để hoàn tất việc liên kết. Thực chất, thao tác này giúp các nghi phạm chiếm quyền truy cập hoặc thực hiện giao dịch trên tài khoản ngân hàng. Khi nạn nhân làm theo toàn bộ hướng dẫn, tiền trong tài khoản lập tức bị chiếm đoạt. Dưới sự chỉ đạo của Thượng tướng Nguyễn Văn Long, Thứ trưởng, Thủ trưởng Cơ quan Cảnh sát điều tra Bộ Công an, Công an tỉnh Lai Châu đã xác lập chuyên án đấu tranh. Trong hai ngày 19 và 20/7, lực lượng Công an Việt Nam phối hợp Công an Lào đồng loạt đột kích địa điểm hoạt động của đường dây. Tại căn nhà ở xã Tonpheung, tỉnh Bokeo, lực lượng chức năng bắt giữ 40 người Việt Nam, thu 56 điện thoại di động, 49 máy tính cùng nhiều tài liệu, tang vật liên quan. Ba bước dẫn dụ phụ huynh quét mã QR Theo công an, đường dây lừa đảo được vận hành theo kịch bản ba bước. Đầu tiên, nhóm gọi điện cho phụ huynh, thông báo phải mang căn cước công dân của con đến UBND xã, phường để cập nhật tài khoản định danh điện tử mức độ 2 trên ứng dụng VNeID. Chúng nói sau khi hoàn tất sẽ có ""nhân viên bảo hiểm"" liên hệ để cung cấp mã xác nhận. Tiếp đó, các nghi phạm kết bạn Zalo, hướng dẫn phụ huynh thao tác trên điện thoại. Nạn nhân được yêu cầu dùng một thiết bị khác gọi video, hướng camera vào màn hình điện thoại đang mở ứng dụng VNeID, mục ""An sinh xã hội"" và ứng dụng ngân hàng. Quan sát qua cuộc gọi video, chúng xem số dư tài khoản của nạn nhân rồi tạo mã QR với số tiền tương ứng. Sau đó, nhóm gửi mã QR, yêu cầu nạn nhân quét bằng ứng dụng ngân hàng với lý do ""liên kết bảo hiểm y tế với tài khoản ngân hàng"" và nhập mã OTP để xác nhận. Ở bước cuối, chúng yêu cầu nạn nhân dùng căn cước công dân che camera điện thoại với lý do ""đồng bộ dữ liệu"". Thực chất, đây là cách để nạn nhân không nhìn thấy giao dịch chuyển tiền hiển thị trên màn hình. Khi bấm xác nhận, tiền trong tài khoản được chuyển sang tài khoản do nhóm lừa đảo kiểm soát. Qua vụ án, công an khuyến cáo người dân không làm theo hướng dẫn cập nhật VNeID, liên kết bảo hiểm y tế hoặc tài khoản ngân hàng qua điện thoại, Zalo. Đồng thời, tuyệt đối không quét mã QR, cung cấp mã OTP, chia sẻ màn hình hoặc để người lạ theo dõi thao tác trên ứng dụng ngân hàng để tránh bị lừa đảo.",1,spam
K..k :) Làm thế nào về quá trình đào tạo của bạn?,0,ham
Chưa có..Ya sapna dì Manege y'day hogidhe..chinnu hoàn toàn yếu và swalpa đen agidhane ..,0,ham
Bạn đã hoàn thành công việc chưa?,0,ham
"Phát hiện sự thật động trời sau việc chồng “không.. được”
 Tôi rất yêu chồng mình nhưng 3 năm lấy nhau chúng tôi vẫn chưa có con vì chồng tôi rất yếu. Mẹ chồng và các chị chồng thường xuyên lườm nguýt tôi vì cho rằng tôi là “gà mái không biết đẻ trứng”. Tôi không muốn chồng buồn nên vẫn cắn răng chịu đựng. Đến một ngày, sự thật khiến tôi sốc nặng.

Tôi và chồng yêu nhau từ thời cấp 3. Chồng tôi còn khá béo và rụt rè. Tuy nhiên anh ấy là người dịu dàng, chu đáo và thương tôi thực lòng. Khi tôi gọi điện kêu đói, anh ấy sẵn sàng luộc khoai, đi ra ngoài giữa đêm đông giá để mang qua nhà cho tôi. Sợ khoai nguội, anh ấy còn ủ sâu vào người, khiến cả mảng ngực bị bỏng đỏ bừng.

Tôi hay bị cước chân nên anh ấy nhờ bạn mua thuốc ngâm chân của bà con dân tộc về, tự đun và giúp tôi ngâm chân. Nhìn anh ấy nâng bàn chân của tôi cẩn thận rửa từng ngón, tôi thực sự rung động tận sâu trong lồng ngực. Vì thế, cho dù gia đình có phản đối anh ấy nghèo, hình thức hạn chế thì tôi vẫn muốn sống với anh ấy cả đời. Thấy tôi kiên trì, bố mẹ tôi cũng đành chấp nhận cho chúng tôi kết hôn.

Tình yêu của chúng tôi nồng nhiệt nhưng hết sức trong sáng, chỉ dừng ở ôm hôn. Vì thế, sau đám cưới, tôi mới phát hiện chồng tôi “không được”. “Chỗ đó” của anh ấy rất nhỏ, không có khả năng “giương nòng”. Anh ấy chỉ có thể ôm hôn, vuốt ve tôi.

Tôi vừa xấu hổ vừa chán nản nhưng cũng không dám nói gì nặng lời. Vì có lẽ tôi thất vọng 1 thì anh ấy thất vọng 10. Mỗi khi hành động không được, anh ấy lại ôm lấy tôi bật khóc. Sau cưới 1 thời gian dài, anh ấy đã có thêm kỹ năng để giúp tôi thỏa mãn dù anh ấy vẫn khó khăn như trước. Hàng ngày anh ấy càng chăm sóc, yêu thương tôi nhiều hơn.

Tôi không biết đối diện với anh ấy như  với chồng hay như với chị em gái (Ảnh minh họa IT)

Có lẽ, cuộc sống của chúng tôi vẫn êm đềm trôi qua như vậy nếu gia đình chồng không sốt sình sịch vì chuyện 3 năm tôi vẫn chưa có thai. Mẹ chồng tôi luôn nói rằng chồng tôi cao to khỏe mạnh (ý bà nói là chồng tôi rất nặng cân) thì không lẽ nào lại “không được”. Chỉ có tôi gày nhẳng nên mới như con cá khô không sinh nở. Các chị chồng cũng lườm nguýt, bắt ép tôi đi bắt mạch thày nọ, ông kia để uống thuốc.

Nhưng vì thương chồng, tôi vẫn cố gắng chịu đựng sự ghét bỏ. Tôi cũng cảm thấy không có con cũng chẳng sao khi chồng tôi yêu thương tôi hết lòng như vậy.

Tuy nhiên, một đêm, chồng tôi bỗng dưng đau bụng, đi tiểu ra máu nên tôi đưa anh ấy đi cấp cứu. Kết quả siêu âm khiến các bác sĩ kinh hãi, còn tôi thực sự nghĩ rằng máy siêu âm đã quét nhầm từ chồng tôi sang người khác: chồng tôi có đủ tử cung và hai buồng trứng. Việc anh đau bụng lẫn đi tiểu thực ra ra là kinh nguyệt đến muộn. Không thể tin vào sự thật, tôi đã đưa chồng lên Bệnh viện Trung ương để khám nhưng kết quả vẫn như vậy.

Xét nghiệm nhiễm sắc thể cũng cho thấy chồng tôi nhiễm sắc thể XX – là một phụ nữ… xịn. Theo các bác sĩ, anh ấy mắc chứng rối loạn phát triển giới tính kiểu lưỡng tính giả nam (là nữ nhưng phát triền bề ngoài như nam). Điều đó lý giải cho việc chồng tôi… không được và “chỗ đó” rất nhỏ.

Tôi sốc, chồng tôi càng đau khổ. Anh ấy van xin tôi đừng rời bỏ anh ấy. Tôi thật sự rất đau khổ. Tôi rất yêu chồng nhưng bây giờ thì không biết nên đối diện với anh ấy như chồng hay như với chị em gái. Cảm giác mình đang ngủ với một phụ nữ khiến tôi thấy sởn da gà.",1,spam
Mua không gian xâm lược 4 A Chance 2 Win orig arcade Game Console.,1,spam
Chán hẹn hò tốc độ?,1,spam
Không. Trên đường về nhà.,0,ham
Ngày lễ tình nhân đặc biệt!,1,spam
"Tung tin &#39;Mr Bean&#39; qua đời để phát tán virus độc hại
Hôm 19/7, nhiều độc giả cảnh báo nhau trên mạng về một loại virus máy tính phát tán qua tin giả ""Mr. Bean - Rowan Atkinson qua đời"" mạo danh Fox News.

Thông tin lan truyền cách đây ít phút trên mạng xã hội. Theo trang SDE, các đối tượng phát tán những bài đăng giả trên mạng xã hội với hình thức như một đường link tin tức, tiêu đề là ""Tin nóng của Fox News: Mr Bean (Rowan Atkinson) vừa qua đời ở tuổi 62 sau một vụ đâm xe trong lúc đóng cảnh hành động mạo hiểm: Hôm nay, tháng 7/2017"".
Tung tin 'Mr Bean' qua doi de phat tan virus doc hai hinh anh 1
Tin cải chính về cái chết của Rowan Atkinson được đưa ra kịp thời để bảo vệ người dùng khỏi virus. Ảnh: Chronicle Live .

Vì gắn với một cơ quan truyền thông lớn là Fox News nên mẩu tin dễ dàng thu hút sự chú ý và tin cậy của độc giả, dù thông tin ngày tháng bị sai lệch. Trang SDE cảnh báo bất cứ độc giả nào nhìn thấy đường link chứa thông tin này không được bấm vào vì thực chất đó là một virus đội lốt.

Đường link sẽ dẫn thẳng đến một trang web lừa đảo và mã độc nhảy vào máy tính của người truy cập.

Đây không phải lần đầu tiên Rowan Atkinson trở thành nạn nhân của tin đồn qua đời. Trước đây, vào năm 2016 và tháng 3 năm nay, từng có một loạt bài thất thiệt khẳng định tài tử Johnny English đã tử vong trong một tai nạn xe ở Los Angeles.

Thông tin về các ngôi sao qua đời cũng thường xuyên được làm giả để lan truyền virus độc hại. Trang web Hoax Slayer đã thống kê hầu hết trường hợp tương tự để cảnh báo độc giả.
Tung tin 'Mr Bean' qua doi de phat tan virus doc hai hinh anh 2
Rất nhiều người nổi tiếng bị kẻ gian tung tin qua đời vì mục đích xấu. Ảnh: CNN.

Những tin giả này thường dẫn người dùng đến các trang web cảnh báo máy tính đã bị xâm nhập và yêu cầu người dùng gọi đến số điện thoại hỗ trợ. Nhưng khi họ gọi đến, những kẻ lừa đảo sẽ thu thập thông tin tài khoản ngân hàng của họ với mục đích thanh toán tiền sửa chữa máy tính hoặc tải phần mềm bảo vệ máy.

Thực chất, đó là các phần mềm kiểm soát máy tính và ăn cắp dữ liệu, cài mã độc từ xa.",0,ham
Ngày lễ nắng.,1,spam
Không vội vã.,0,ham
"Tin nhắn miễn phí: Nhận nhạc chuông Gnarls Barkley \ Crazy \ ""Hoàn toàn miễn phí Chỉ cần trả lời Đi đến tin nhắn này ngay bây giờ!""",1,spam
Phụ nữ địa phương đã kết hôn đang tìm kiếm hành động kín đáo ngay bây giờ!,1,spam
Dịch vụ hẹn hò của chúng tôi đã được hỏi 2 liên hệ với bạn bởi ai đó nhút nhát!,1,spam
Tuần này cung cấp thành viên SAVAMOB hiện có thể truy cập được.,1,spam
"Tố giác chiêu trò: Đối tượng lừa đảo giả danh công an phường hướng dẫn cài đặt ứng dụng Dịch vụ công trực tuyến giả mạo (file .apk). Khi cài đặt, ứng dụng chứa mã độc tự động chiếm quyền điều khiển điện thoại và rút sạch tiền ngân hàng. Nạn nhân nên trình báo cơ quan công an gần nhất.",1,spam
U wan 2 hab bữa trưa bây giờ tôi đang ở da căng tin.,0,ham
Cuộc sống nghiêm ngặt hơn giáo viên ... Giáo viên BCOZ dạy bài học & amp;,0,ham
"Này, tôi đã nhớ bạn tm đêm qua vì điện thoại của tôi đã buộc tội ... * mỉm cười * ... Tôi sẽ gặp một người bạn trong thời gian ngắn",0,ham
Avatar có được cho là có phụ đề không,0,ham
"Cảnh báo chiêu trò lừa đảo lập trang web, fanpage giả mạo các hãng hàng không bán vé máy bay giá rẻ. Người dân chuyển tiền xong thì không nhận được vé và bị chặn mọi liên lạc. Mọi người tuyệt đối không làm theo!",1,spam
Nghĩ + như.,0,ham
"Này, bạn có muốn mua bất cứ thứ gì :)",0,ham
"Ngày 14/6, Công an tỉnh Lào Cai cho biết đã bắt giữ 19 người Trung Quốc đang sử dụng mạng xã hội thực hiện hành vi Lừa đảo chiếm đoạt tài sản tại khách sạn Sông Hồng View, phường Lào Cai. Tháng 6/2026, Công an tỉnh Lào Cai phát hiện 19 người Trung Quốc nhập cảnh từ Campuchia vào Việt Nam qua cửa khẩu Mộc Bài, Tây Ninh, rồi di chuyển ra Lào Cai thuê nhiều phòng tại khách sạn Sông Hồng View trên đường Duyên Hải. Quá trình theo dõi cho thấy cả nhóm từng tham gia các đường dây lừa đảo chiếm đoạt tài sản tại Campuchia, do Wang Xiang Sheng (tức Vương Trường Sinh), 45 tuổi, quê tỉnh Phúc Kiến, cầm đầu. Ngày 10/6, nhóm này lắp đặt thiết bị phát sóng 5G, máy tính và nhiều phương tiện phục vụ hoạt động lừa đảo tại khách sạn. Các máy tính đã được cài sẵn ứng dụng mạng xã hội của Trung Quốc như Teleglam, 69yue. Theo điều tra, thủ đoạn của chúng là mạo danh các ứng dụng cho vay tiền của Trung Quốc để tiếp cận và lừa nạn nhân. Nhóm này giả nhân viên các ứng dụng cho vay tiền của Trung Quốc để tiếp cận người có nhu cầu vay vốn rồi lừa chiếm đoạt tài sản. Ngày 12/6, khi đang hoạt động tại khách sạn Sông Hồng View, cả 19 người bị bắt quả tang. Công an thu 23 máy tính xách tay, 26 điện thoại, 8 thiết bị phát sóng 5G và 16 USB chứa hệ điều hành. Bước đầu xác định nhóm này đã thu thập thông tin của khoảng 25.000 công dân Trung Quốc để phục vụ hoạt động lừa đảo.",1,spam
Từ www.applausestore.com hàng tháng,1,spam
Vui lòng gọi cho đại diện dịch vụ khách hàng của chúng tôi theo số 0800 169 6031 trong khoảng từ 10 giờ sáng đến 9 giờ tối vì bạn đã giành được giải thưởng £ 1000 tiền mặt hoặc Å £ 5000!,1,spam
Tôi cũng chỉ làm trong CBE.,0,ham
"Thành thật mà nói, tôi vừa pha một tách trà đáng yêu và nhanh chóng bỏ chìa khóa vào đó và sau đó đốt ngón tay của tôi lấy chúng ra!",0,ham
"""Bốc số"" tức lấy số thứ tự khám bệnh tại Chợ Rẫy. Bệnh nhân chờ khám theo số thứ tự này và thường chờ rất lâu do tình trạng quá tải. Dịch vụ ""bốc số"" đánh vào nhu cầu muốn rút ngắn thời gian chờ đợi của người bệnh. Dịch vụ được quảng cáo nhiều trên mạng xã hội, hỗ trợ từ khâu lấy số, đăng ký khám đến làm thủ tục, với cam kết ""khám nhanh"", ""số nhỏ"". Hoặc, hỗ trợ đăng ký khám, đóng viện phí, lấy thuốc, theo hình thức một người hỗ trợ một người tại Chợ Rẫy và một số bệnh viện khác, giá 500.000 đồng. Chợ Rẫy là bệnh viện đa khoa hạng đặc biệt trực thuộc Bộ Y tế, tuyến cuối khu vực phía Nam, mỗi ngày đón khoảng 6.000-8.000 lượt bệnh nhân khám ngoại trú, có ngày ghi nhận hơn 9.000. Do lượng bệnh đông, nhiều người phải đến từ rất sớm để xếp hàng lấy số thứ tự. Ngày 13/8, đại diện Chợ Rẫy khẳng định bệnh viện không có dịch vụ ""bốc số"" và không hợp tác với bất kỳ cá nhân hay đơn vị bên ngoài nào để cung cấp số thứ tự đăng ký khám. Do đó, người dân cần thận trọng với những thông tin quảng cáo nhận hỗ trợ bốc số, khám sớm tránh nhầm lẫn hoặc mất tiền cho các dịch vụ không thuộc bệnh viện. Bệnh viện cho biết người bệnh có hai cách đăng ký khám chính thức. Cách thứ nhất là đặt lịch trước qua ứng dụng BV Chợ Rẫy trên điện thoại. Người bệnh tải ứng dụng từ App Store hoặc CH Play, đăng ký hoặc đăng nhập tài khoản, cập nhật thông tin cá nhân rồi chọn mục ""Đặt lịch khám"". Tại đây, người bệnh lựa chọn một trong bốn nhóm gồm Khoa Khám bệnh dành cho người có hoặc không có bảo hiểm y tế; Đơn vị Khám bệnh II dành cho khám dịch vụ tổng quát và chuyên khoa; Khu Khám chuyên gia, nơi người bệnh có thể lựa chọn bác sĩ trưởng, phó khoa khám theo yêu cầu; Khoa Chăm sóc sức khỏe theo yêu cầu với các gói khám từ cơ bản đến chuyên sâu. Cách thứ hai là đăng ký trực tiếp tại bệnh viện nếu không đặt lịch được qua ứng dụng. Người bệnh đến các quầy tiếp nhận tại tòa nhà A, D và E để làm thủ tục. Bệnh viện lưu ý ngoài các phương thức đăng ký khám chính thức trên, mọi hình thức nhận số khám từ cá nhân hoặc đơn vị bên ngoài đều không thuộc quyền quản lý và trách nhiệm của Bệnh viện Chợ Rẫy. Người bệnh cần kiểm tra kỹ nguồn thông tin trước khi chuyển tiền hoặc cung cấp thông tin cá nhân cho những người quảng cáo có thể giúp bốc số nhanh. Hiện chưa bệnh nhân nào phản ánh với bệnh viện bị thiệt hại bởi những dịch vụ này. Lê Phương",1,spam
Từ chối một khoản vay?,1,spam
Rgent!,1,spam
"Đại học Hutech sẽ áp dụng cải cách ""Tiếq Việt"" vào năm học 2018?
Mới đây, ông Phạm Ngọc Thanh, Phó giám đốc Sở GD – ĐT Tp. Hồ Chí Minh chuyên trách về Hệ giáo dục Đại học tại thành phố đã lên tiếng về vấn đề cải cách tiếng Tiếng Việt của PGS.TS Bùi Hiền.
Ông cho biết TP.HCM đặc biệt quan tâm đến đề xuất của PGS và rất sẵn lòng thí điểm vào giảng dạy tại các trường Đại học trên địa bàn TP.HCM.
Ông Phạm Ngọc Thanh, Phó Giám đốc Sở GDĐT TP.HCM.
Phó giám đốc Sở GDĐT TP.HCM Phạm Ngọc Thanh chia sẻ rằng TP.HCM là thành phố phát triển với số lượng người nước ngoài cư trú, làm việc và học tập nhiều nhất cả nước. Rất nhiều người trong số đó mong muốn được học Tiếng Việt để giúp ích cho việc sinh sống và làm việc tại Việt Nam một cách thuận tiện hơn. Tuy nhiên, với cấu trúc ngữ pháp cũng như cách phát âm phức tạp của bộ chữ hiện tại thì khá khó khăn để người nước ngoài có thể học tập.
Sau khi xem xét và tìm hiểu toàn bộ nghiên cứu và đề xuất cải tiến bảng chữ cái Tiếng Việt của PGS.TS Bùi Hiền, ông Phạm Ngọc Thanh cho rằng đây là một nghiên cứu cực kỳ có giá trị trong việc thay đổi hầu hết những rắc rối mà bộ chữ hiện tại đang gặp phải như trùng âm, trùng nghĩa… Nếu có thể áp dụng bộ chữ mới của PGS.TS Bùi Hiền thì việc phổ cập Tiếng Việt đến mọi người sẽ dễ dàng hơn rất nhiều.
PGS.TS. Bùi Hiền và đề xuất cải tiến bảng chữ cái Tiếng Việt gây tranh cãi.
Do đó ông Phạm Ngọc Thanh đã đề nghị Sở GDĐT TP.HCM cho phép triển khai đưa nghiên cứu cải tiến bảng chữ cái của PGS.TS Bùi Hiền áp dụng thí điểm giảng dạy ở các trường Đại học trên địa bàn TP.HCM.
Đề xuất cải tiến chữ viết của PGS Bùi Hiền
Ông Phạm Ngọc Thanh cũng cho biết thêm, ngoài đảm đương chức vụ Phó Giám đốc Sở GDĐT TP.HCM, ông còn là cổ đông lớn có quyền quyết định về chuyên môn tại Đại học HUTECH. Nên trước mắt, ông Thanh đã cho các Giảng viên chuyên môn của HUTECH tập trung nghiên cứu về đề xuất này, để có thể triển khai ngay vào giảng dạy tại ĐH HUTECH trong năm 2018.
Tâm thư của sĩ quan QĐND Việt Nam gửi PGS. TS Bùi Hiền nhận mưa lời khen từ dân mạng
Mấy ngày gần đây, đề xuất cải tiến Tiếng Việt của PGS.TS Bùi Hiền bị cư dân mạng ‘ném đá’ dữ dội. Mới đây, một sĩ quan Quân đội nhân dân (QĐND) Việt Nam đã viết tâm thư gửi vị PGS.TS này để bày tỏ quan điểm về đề xuất cải tiến tiếng Việt của ông khiến cộng đồng mạng vô cùng chú ý.
Chỉ sau vài giờ đăng tải, bức tâm thư của người sĩ quan này đã nhận được sự hưởng ứng vô cùng nhiệt tình của cư dân mạng.
Khác với những phản ứng gay gắt của dư luận nhiều ngày qua, người sĩ quan này tỏ ra rất tôn trọng công trình nghiên cứu của PGS.TS Bùi Hiền. Trước khi viết tâm thư, anh cũng đã thử đi ngược lại dư luận bởi những phát minh vĩ đại trước đây đều bị người ta xem là điên rồ.
“Thưa Phó giáo sư – Tiến sĩ Bùi Hiền!
Đầu tiên, cháu cảm ơn tâm huyết 40 năm nghiên cứu ngôn ngữ Tiếng Việt của Phó giáo sư- Tiến sĩ.
Thưa PGS-TS Bùi Hiền, cháu không phải là giới nghiên cứu. Cháu chỉ là anh lính canh trời trong QĐND Việt Nam, nhưng thú thật với PGS-TS Bùi Hiền, mấy hôm nay cháu và mọi người bất an quá. Thậm chí rất bức xúc, rất giận PGS-TS, PGS-TS Bùi Hiền có biết không?
Đôi lúc, cháu cũng đã nghĩ ngược lại suy nghĩ của quần chúng xem như thế nào? Nghĩa là cháu liên hệ với các phát minh trên thế giới, trước kia người ta bảo rằng đấy là điên rồ. Nhưng sau đấy lại là công trình vĩ đại được ứng dụng cho nhân loại”.
Bức tâm thư vị sĩ quan Quân đội Nhân dân Việt Nam gửi PGS.TS Bùi Hiền – Ảnh chụp màn hình
Tuy nhiên, không phải bất cứ công trình nào nghiên cứu nào đi ngược lại với đám đông cũng sẽ trở thành công trình vĩ đại. Sở dĩ những phát minh trong quá khứ được công nhận là bởi nó không ảnh hưởng đến tình cảm, tư tưởng của mọi người.
Trong khi đó, bảng chữ cái tiếng Việt mà chúng ta sử dụng được xây dựng bởi mồ hôi, nước mắt thậm chí là xương máu của biết bao chiến sĩ khi cố gắng thực hiện công tác xóa mù chữ cho dân ta trong thời chiến.
Anh viết: “PGS-TS có biết rằng trước đấy, thực dân Pháp đã thực hiện chính sách ngu dân, toàn dân không biết chữ để buộc ta phải chui háng của chúng, phục dịch Pháp, chúng làm cho nhân dân ta bĩ cực, không dám nghĩ đến phẩm hạnh, phẩm giá dân tộc mình.
Thưa, may phúc cho dân tộc ta có Bác Hồ, có Đảng Cộng Sản lãnh đạo phong trào cách mạng, khai sinh ra Nước VNDCCH (Việt Nam Dân chủ Cộng hòa) nay là CHXHCN VN (Cộng hòa Xã hội Chủ nghĩa Việt Nam). Cũng trong năm 1945 Bác Hồ của chúng ta đã ra lệnh phải tiêu diệt giặc đói, giặc dốt. Bác đã gầy dựng phong trào, chỉ đạo, đôn đốc, kiểm tra tỉ mỉ tiến độ các lớp Bình dân học vụ, nhằm phổ cập chữ Quốc ngữ. Từ ngày Bác mất đến nay, chúng ta đã vâng lời của Người, đã đạt được nhiều thành quả trong sự nghiệp trồng người.
Tâm thư của sĩ quan QĐND Việt Nam gửi PGS. TS Bùi Hiền nhận mưa lời khen từ dân mạng - Ảnh 6
Đề xuất cải cách bảng chữ cái của PGS.TS Bùi Hiền nhận nhiều phản ứng gay gắt từ cư dân mạng – Ảnh: Internet
Thế nhưng, vẫn còn đâu đó trẻ em vùng cao khó nhọc cõng chữ, thất học, không biết viết. Bây giờ, nếu, với cái đề án chữ mới này, nếu được thông qua, thì không chỉ đâu đó vùng cao, mà toàn dân bỗng dưng mù chữ vì phải đi học lại chữ mới của PGS-TS đề xuất? Chưa kể là thay tên nước, thay đổi cả hiến pháp, hệ thống văn bản trong tất cả các ngành và thay đổi cả đồng tiền. Điều đó thiệt hại quá sức chịu đựng về vật chất, tinh thần….”.
Vị sĩ quan này cho rằng nếu đề án chữ mới này được thông qua thì toàn dân ta bỗng dưng trở nên mù chữ, chẳng khác gì quay lại thời kỳ Pháp thuộc, khi mà chúng cố gắng ngu hóa người dân. Bởi vì thay đổi bảng chữ cái, đồng nghĩa với việc thay đổi cả hiến pháp, hệ thống văn bản trong tất cả các ngành cũng như thay đổi đồng tiền. Như PGS.TS Bùi Hiền đã nói trước đó, đề xuất này sẽ giúp chúng ta tiết kiệm được thời gian, nhưng nó lại “gây thiệt hại quá sức chịu đựng về vật chất, tinh thần”.
Tâm thư của sĩ quan QĐND Việt Nam gửi PGS. TS Bùi Hiền nhận mưa lời khen từ dân mạng - Ảnh 7
Chi tiết bảng chữ cái mới trong đề xuất cải cách của PGS.TS Bùi Hiền – Ảnh: Internet
Về PGS.TS Bùi Hiền và TS.Khoa học Ngữ văn Đoàn Hương, anh viết: “Chính hai vị đang khủng bố tinh thần nhân dân bằng cái đề án động trời, đối chọi tâm tư nhân dân ắt sẽ có sự phản kháng. Kiểu như khi thấy con trăn đói lao vào tấn công, người ta sẽ nhanh chóng chộp lấy khúc cây. Mặc dù họ không muốn sát sinh bất kỳ con gì, nhưng vì buộc phải tự vệ, điều đó là đúng”.
Sau khi được một trang fanpage chia sẻ lại, bức tâm thư này đã nhận được sự hưởng ứng nhiệt tình của cư dân mạng. Họ ủng hộ vị sĩ quan này bởi anh đã thay mặt nhiều người nói lên nỗi niềm của họ.
Dù đã nhiều giờ trôi qua nhưng bức tâm thư này vẫn đang được cư dân mạng chia sẻ rầm rộ.
GS Trần Đình Sử: “Toàn dân Việt Nam đang THOÁT NẠN mù chữ lại mù chữ TRỞ LẠI”
Thời gian gần đây, dư luận đặc biệt quan tâm đến đề xuất cải cách tiếng Việt của PGS.TS Bùi Hiền (Nguyên Hiệu phó trường ĐHSP Ngoại ngữ Hà Nội, nguyên phó Viện trưởng Viện Nội dung & Phương pháp dạy – học phổ thông). Tác giả chỉ ra vấn đề rằng trải qua gần một thế kỷ, đến nay chữ quốc ngữ đã bộc lộ nhiều bất hợp lý.
Theo đó, chúng ta thường sử dụng 2, 3 chữ cái để biểu đạt một âm vị phụ âm đứng đầu. Ví dụ C – Q – K (cuốc, quốc, ca, kali), Tr – Ch (tra, cha), S – X (sa, xa)… Bên cạnh đó, lại dùng 2 chữ cái ghép lại để biểu đạt âm vị một số phụ âm đứng cuối vần như Ch, Ng, Nh (mách, ông, tanh…).
Tác giả đề xuất bỏ chữ Đ ra khỏi bảng chữ cái tiếng Việt hiện hành và bổ sung thêm một số chữ cái tiếng Latin như F, J, W, Z. Bên cạnh đó, thay đổi giá trị âm vị của 11 chữ cái hiện có trong bảng trên, cụ thể: C = Ch, Tr; D = Đ; G = G, Gh; F = Ph; K = C, Q, K; Q = Ng, Ngh; R = R; S = S; X = Kh; W =Th; Z = d, gi, r. Vì âm “nhờ” (nh) chưa có kí tự mới thay thế, nên trong văn bản trên tạm thời dùng kí tự ghép n’ để biểu đạt.
GS Trần Đình Sử đã có những nhận định sau:
Nếu cái chữ của ông ấy mà được thông qua, thì toàn dân Việt Nam đang thoát nạn mù chữ lại mù chữ trở lại.
Toàn bộ sách báo hơn một trăm năm qua không thể đọc được, muốn đọc phải học lại chữ cũ, hoặc lại phải phiên dịch lại theo chữ viét mới mói đọc được. Thế là cắt đứt các mội liên hệ với văn hoá mà người Việt đã tích luỹ được trong hơn một thế kỉ. Người Việt ở các nước trên thế giới đều phải học lại tiếng Việt.
Toàn bộ giấy tờ công văn,luật pháp, nghị quyết…đều phải viết lại theo chữ mới. Muốn làm được việc đó lại phải tốn kém không biết bao nhiêu là tiền. Lại phải viết lại toàn bộ sách giáo khoa, các văn kiện theo chữ mới, cả nước đều phải làm chứng minh thư, hộ khẩu mới, khắc dấu lại, các sứ quán Việt Nam trên thế giới phải thay đổi chữ viết. Tóm lại là làm hại công quỹ, thì giờ, công sức một cách vô ích.
Mọi nghiên cứu khoa học đều phải có mục đích nhân văn, kinh tế, xã hội. Đề xuất của ông Hiền, vì trình độ hiểu biết xã hội và văn hoá, kinh tế quá thấp kém, sẽ gây tác hại rất to lớn cho đất nước. Nó là sự huỷ hoại văn hoá.",1,spam
Nhiều người đang ở trong khu vực của bạn bây giờ.,1,spam
"Đi cả đêm mới về, bà mẹ tá hoả thấy mặt con bị cắt nát kinh dị và sự thật sốc tận não đằng sau
Bà mẹ sửng sốt không ngờ, khi lấy tay chạm nhẹ vào vết thương trên mặt con gái là cảnh tượng này.
Bỏ đi đằng đẵng một đêm, đến khi trở về bà mẹ tá hỏa khi thấy khuôn mặt con gái vô cùng khác lạ.
Đến khi tận tay sờ vào, bà mẹ mới nhận ra thì ra đây là lớp trang điểm.
Nghệ thuật trang điểm quá cao tay khiến nhiều người khó nhận ra thật giả.
Có ai đủ bình tĩnh nhìn không?
Chỉ cần biến đổi một lúc nhìn khuôn mặt đã mang vẻ ma mị khác hẳn.
Nhìn mà hoa cả mắt.
Bỗng nhiên thêm đôi mắt cùng những hai dây giầy xỏ kín mặt, nhìn còn kinh hãi hơn cả phim kinh dị nữa.
Kiểu trang điểm này vô cùng thích hợp cho các nàng ‘trưng diện’ ngày Hallowen.
Có ai đủ can đảm nhìn quá 3 giây không?",1,spam
Tôi sẽ trở thành một người dì!,0,ham
Hãy nhớ vào ngày đó ..,0,ham
Nhận một bộ phim video di động miễn phí miễn phí phim miễn phí.,1,spam
"eBox chuyên đề ""Làm thế nào để có thu nhập thụ động"" diễn ra trong 3 ngày từ 28 đến 30/10, đăng ký ngay từ hôm nay tại đây. Sự kiện gồm các video công chiếu và livestream để người tham gia tương tác trực tiếp cùng diễn giả. Sau khi chương trình kết thúc, độc giả vẫn có thể xem lại tới 30/11. Người xem được học hỏi kinh nghiệm thực chiến từ các diễn giả tâm huyết, tiếp cận kho kiến thức phong phú, tải về các file thuyết trình chia sẻ từ diễn giả. Để tạo ra thu nhập thụ động, chúng ta thường tìm đến các loại tài sản như cổ phiếu, tiền điện tử hay bất động sản để đầu tư. Lợi dụng điều này, kẻ gian đã tiến hành các thủ đoạn lừa đảo nhằm chiếm đoạt tài sản của nhà đầu tư. Tiền điện tử Thời gian qua, nhiều người chơi được các trang web mời chào kiếm tiền bằng cách tham gia trực tuyến chọn giá lên hoặc giá xuống của một loại tài sản thật theo thời gian thực, hoặc lựa chọn tỷ giá giữa hai loại tiền lên xuống để mua vào hoặc bán ra. Nếu thắng thì sẽ nhận được lợi nhuận vào tài khoản. Tuỳ theo quy định của mỗi sàn, thì lợi nhuận đó có thể là tiền điện tử, USD hay VNĐ. Thực chất, đây là một hình thức đánh bạc trực tuyến, không được pháp luật nước ta bảo vệ. Các hệ thống này không phải là hệ thống kết nối với các công ty uy tín trên thị trường thế giới. Đây là các sàn được lập bởi các đội nhóm ở Việt Nam và bị chi phối bởi các nhóm đó. Kết quả thắng – thua sẽ do các đội nhóm này điều khiển. Họ dùng các hệ thống tập trung, không phải công nghệ blockchain như quảng cáo. Lợi dụng sự mù mờ về công nghệ của người chơi, các sàn giao dịch này có thể đem đến lợi nhuận ảo cho họ nhưng sau khi nhiều bỏ tiền tham gia, các sàn lập tức biến mất. Chứng khoán quốc tế Hình thức đầu tư chứng khoán quốc tế nổi lên trong thời gian qua khiến nhiều người chơi mắc bẫy lừa đảo. Để tạo niềm tin, các nhóm lừa đảo sau khi liên hệ với nhà đầu tư thường cụ thể hoá lợi nhuận đầu tư bằng nhiều thông điệp, chứng minh cho họ thấy đã có người đầu tư cổ phiếu vào một công ty nổi tiếng ở Mỹ và tạo ra lợi nhuận. Sau đó, đối tượng lừa đảo sẽ gửi ảnh một tài khoản quốc tế đã chuyển tiền lời vào tài khoản ngân hàng cho nhà đầu tư đang bị câu kéo. Rất nhiều người bị thu hút và đã mắc chân vào cuộc chơi. Trên thực tế, việc giao dịch chứng khoán quốc tế bản chất là có thật. Tuy nhiên, hiện nay, các nhà đầu tư không giao dịch hay làm việc trực tiếp với sàn giao dịch quốc tế. Người làm việc trực tiếp với những người đầu tư là nhân viên môi giới của các đại lý được sàn ủy quyền. Vì thiếu thông tin thị trường nên người chơi thường hoàn toàn phó mặc quyết định đặt lệnh mua và bán cho môi giới. Khi bạn đặt lệnh mua thì sẽ bị cộng giá lên, đặt lệnh bán thì sẽ bị trừ giá đi, người đầu tư sẽ dần thua lỗ. Chưa kể, dòng tiền đầu tư của bạn có thể không đến được sàn giao dịch mà sẽ bị đại lý giữ lại. Hành vi chứng khoán quốc tế lừa đảo ngày càng trở nên tinh vi với những thông tin mù mờ, ít ỏi khiến những người đầu tư khó có thể kiểm chứng. Bất động sản Giả mạo công ty bất động sản lớn, dùng hợp đồng giả và con dấu giả, bán một mảnh đất cho nhiều người... là một số thủ đoạn lừa đảo trong lĩnh vực đất đai hiện nay. Theo chuyên gia, hầu hết các vụ lừa đảo bị cơ quan khởi tố đều liên quan các doanh nghiệp không có uy tín, thiếu kinh nghiệm và năng lực. Các đối tượng đánh vào lòng tham và sự thiếu hiểu biết về bất động sản của nhà đầu tư cá nhân để lừa đảo. Nếu người mua thấy giá rẻ hơn rất nhiều so với mặt bằng chung cần tuyệt đối thận trọng, phải tìm hiểu kỹ thông tin chủ đầu tư. Bên cạnh đó, nhà đầu tư tuyệt đối không mua nhà bằng giấy viết tay, vi bằng. Chúng ta cũng có thể kiểm tra sổ đỏ giả, đất có nằm trong quy hoạch, thế chấp hay bán cho nhiều người hay không. Để kiểm tra sổ đỏ thật hay giả hoặc thông tin biến động có thể xin thông tin tại Văn phòng Đăng ký đất đai. Thanh Thư",1,spam
Interflora - Åò không quá muộn để đặt hoa Interflora cho Giáng sinh gọi 0800 505060 để đặt hàng trước nửa đêm ngày mai.,1,spam
"Haha muộn hơn bao giờ hết, bất cứ cách nào tôi có thể đu qua?",0,ham
"Đây là một trong những ngày bạn có một tỷ lớp, phải không?",0,ham
"Được rồi, giá của bạn miễn là hợp pháp của nó!",0,ham
u r một người chiến thắng u ave đã được lựa chọn đặc biệt 2 nhận Å £ 1000 tiền mặt hoặc 4* Holiday (Flights Inc) Nói chuyện với Nhà điều hành trực tiếp 2 Yêu cầu 0871277810710P/phút (18),1,spam
Bạn có biết khi nào bố sẽ trở lại?,0,ham
"Tưởng cả trăm con rắn bò vào nhà trả thù, chàng trai kinh hãi tột độ khi thấy cảnh tượng chết chóc ám ảnh sau đó
Nhìn những xác chết ngửa cổ lên trời mà thanh niên chỉ muốn nôn ọe váng đầu vì quá sợ hãi.
Trong một lần đến chơi nhà bạn, một chàng trai người Thái Lan đã suýt bỏ chạy mất dép khi thấy hàng trăm con rắn nằm la liệt trên sàn nhà.
Ban đầu, chàng trai tưởng rằng gia đình bạn mình đã “đắc tội” gì đó với loài rắn nên bị chúng kéo đến trả thù…
Biết được nỗi sợ hãi và băn khoăn của chàng thanh niên, bạn của anh đã nhanh chóng giải thích rằng gia đình mình mới trở thành lò chuyên lột da rắn.
Hình ảnh xác rắn chất đống khiến nhiều người nổi da gà.
Cận cảnh thịt rắn sau khi kết thúc quá trình lột da.
Được biết nhu cầu tiêu thụ da rắn để làm phụ kiện da tại Thái Lan đang rất cao, chính vì vậy nhiều gia đình đã chuyển sang kinh doanh mặt hàng này để thu lời.
Mặc dù vậy, chính quyền địa phương cũng khuyến cáo người dân không nên khai thác quá mức tránh tình trạng mất cân bằng hệ sinh thái trong tương lai.",1,spam
Thông điệp này được mang đến cho bạn bởi GMW Ltd. và không được kết nối với,1,spam
"Tin tức hôm nay: Thị trường công nghệ chứng kiến sự bùng nổ của các ứng dụng trí tuệ nhân tạo (AI) trong việc hỗ trợ công việc văn phòng và sáng tạo nội dung, giúp nâng cao năng suất lao động đáng kể. Sự việc đang thu hút sự chú ý của dư luận.",0,ham
Người anh lớn cảnh báo!,1,spam
Xin chúc mừng bạn đã được trao £ 500 của các phiếu quà tặng CD & Nhập miễn phí 2 £ 100 £ 100 hàng tuần của chúng tôi.,1,spam
"Người Việt đã vỡ mộng xe giá rẻ?
Toyota Hilux mới tăng giá 22 triệu tại Việt Nam / Fortuner mới tăng giá gần 50 triệu, thêm bản 2.8 tại Việt Nam / Xe về không đủ, Honda CR-V tăng giá 10 triệu đồng
Đọc đến dòng này tức các bạn vừa nhìn ba tiêu đề phụ phía trên phải không? Chính xác, toàn bộ đều là tăng giá. Honda ít ngày trước tăng giá 10 triệu cho CR-V, Toyota vừa tung ra hai mức giá mới cho Fortuner và Hilux, cả hai đều tăng giá. Hãng giải thích là do các loại chi phí liên quan, và từ năm ngoái đã tính giá theo mức thuế nhập khẩu 0% của năm nay, vì vậy năm nay không giảm, ngược lại tăng. Lý do này tôi đã quá quen khi đọc trên báo chí suốt từ năm ngoái, và luôn nhận định, rõ ràng giá xe sẽ khó tăng.
Năm ngoái tôi có hai ông bạn, một ông quyết ôm tiền chờ năm nay mua, một ông thì kệ, ""mưa lúc nào mát mặt lúc đó"", hai ông cùng chọn một mẫu xe. Bây giờ thì ông đã có xe tránh mưa nắng, ông thì ngồi tiếc hùi hụi vì cuối cùng giá còn cao hơn năm ngoái.
Còn các anh các chị cũng chờ đợi từ năm ngoái đến bây giờ, cảm giác thế nào, có giống như đang bị lừa không. Có lẽ chúng ta nên tỉnh mộng, giá xe ở Việt Nam chưa thể rẻ ngay được, vì sao à, vì khi chưa có ai ép xe phải rẻ, thì hãng sẽ không bán rẻ.
Đây nhé, ngành này có khoảng chục hãng thi đua nhau, trong đó khoảng 5 hãng lớn chi phối. Sau khi xe nhập khẩu bị Nghị định 116 hạn chế, xe lắp ráp thì nhận ưu đãi từ Nghị định 125, tất cả những thứ này đều là ""ưu đãi cho doanh nghiệp sản xuất"", còn về phía người mua hàng là chúng ta, thì không có gì cả.
Khi các hãng lắp ráp nhận được ưu đãi như nhau, họ sẽ nhìn nhau mà đặt giá để không bị thấp quá (giảm tỷ suất lợi nhuận), hoặc cao quá (giảm số lượng bán). Như vậy mức giá sẽ cứ giữ sàn sàn. Nếu đột nhiên có hãng nào hứng chí giảm sâu chút để vớt khách, yên tâm là các hãng khác cũng xuống theo một ít, nhưng rồi sau khi có khách, họ lại rủ nhau tăng giá. Trường Hải là minh chứng sống, hai năm trước họ giảm ồ ạt, giờ lại tăng rồi đó.
Về phía các hãng nhập khẩu, xe đã không về được thì lấy đâu mà giảm. Còn khi đã về được thì họ lại cũng nhìn các hãng lắp ráp để đặt giá. Minh chứng chắc không phải nói nữa vì Toyota, Honda đã thể hiện rõ ràng với Fortuner, Hilux và CR-V.
Vậy khi nào thì xe mới giảm giá?
Đó là khi có một hãng nào đó đột nhiên giảm giá sâu, nhưng là trong dài hạn. Để có điều này thì phải có điều tiết vĩ mô từ chính phủ. Ví như Thái Lan trước đây, họ ưu đãi lãi suất vay ngân hàng để người dân có thể mua xe, các nhà sản xuất muốn được ưu đãi cao thì phải bán và sản xuất được số lượng lớn. Lúc ấy dân thì dễ mua, hãng thì dễ bán, kiểu gì chẳng phải giảm giá.
Đó là phán đoán của tôi khi theo dõi thông tin xe cộ nhiều năm qua, còn chính sách thì vô vàn, muốn thì kiểu gì chẳng làm được. Nhưng hiện tại, hình như các hãng xe chưa muốn giảm giá, chúng ta vỡ mộng rồi?
Độc giả Nguyên Khoa",0,ham
"Ngày 10/6, Công an tỉnh Quảng Ninh cho biết đã bàn giao Thông (trú phường 1, TP Đông Hà, Quảng Trị) cho Công an tỉnh Quảng Trị tiếp tục điều tra. Theo cơ quan chức năng, từ tháng 2/2017 đến tháng 10/2017, Thông sử dụng giấy tờ giả gồm giấy chứng minh CAND, thẻ tuần tra kiểm soát để vay tiền, rồi chiếm đoạt, bỏ trốn. Ngày 6/2/2018, Công an tỉnh Quảng Trị ra quyết định khởi tố vụ án, khởi tố bị can và quyết định truy nã đối với Thông về hành vi Lừa đảo chiếm đoạt tài sản theo quy định tại khoản 4, Điều 139, Bộ Luật hình sự năm 1999. Ngày 8/6/2022, Thông bị Công an tỉnh Quảng Ninh bắt khi đang lẩn trốn tại TP Móng Cái. Nghi phạm đã khai nhận toàn bộ hành vi phạm tội.",1,spam
Vui lòng gọi cho Amanda liên quan đến việc gia hạn hoặc nâng cấp thiết bị cầm tay T-Mobile hiện tại của bạn.,1,spam
[CẢNH BÁO LỪA ĐẢO] Cảnh báo chiêu trò giả danh nhân viên viễn thông thông báo khóa sim 2 chiều nếu không chuẩn hóa thông tin thuê bao. Đối tượng hướng dẫn làm theo cú pháp để chiếm quyền kiểm soát sim ngân hàng. Nạn nhân nên trình báo cơ quan công an gần nhất.,1,spam
"Trường Sơn giành HCV tại giải cờ vua đồng đội thế giới 2018
Hạng 7 chung cuộc cũng là hạng cao nhất của cờ vua Việt Nam tại các kỳ Olympiad từ trước đến nay, ngang với thành tích năm 2012. Thành tích cụ thể của đội nam là 6 trận thắng, 4 trận hoà, chỉ thua 1 trận.
Đoàn Việt Nam thi đấu thành công tại giải cờ vua đồng đội thế giới 2018
Các kỳ thủ nam của chúng ta như Lê Quang Liêm, Nguyễn Anh Khôi và Nguyễn Ngọc Trường Sơn đều thi đấu rất tốt, góp công vào thành tích chung cuộc của đội tuyển cờ vua nam Việt Nam.
Riêng Nguyễn Ngọc Trường Sơn (elo 2.620) thi đấu ở bàn số 2 và bất bại trong số 10 trận của anh tại giải, với 7 ván thắng và 3 ván hoà. Đây là một thành tích chói sáng nữa của Trường Sơn ở các giải đấu lớn tầm thế giới, góp sức vào thành công chung của toàn đội.
Riêng Nguyễn Ngọc Trường Sơn giành 1 HCV cá nhân nam
Cũng nói về tinh thần đồng đội, Lê Quang Liêm cũng góp công đáng kể vào tấm HCV cá nhân của Trường Sơn. Ngồi ở bàn đấu kế bên Trường Sơn, Quang Liêm đã hạ rất nhiều đối thủ mạnh, dọn đường cho Trường Sơn giành HCV.
Ở nội dung đồng đội nữ, đội tuyển cờ vua nữ Việt Nam đứng hạng 15 chung cuộc, với 6 trận thắng, 3 trận hoà và 2 trận thua.
K.Đ",0,ham
Thời gian n mỉm cười r Những điều quan trọng trong cuộc sống của chúng ta.,0,ham
"Ngày 10/8, Phòng, quê Vĩnh Long, bị TAND tỉnh Đồng Tháp tuyên 14 năm tù về tội Lừa đảo chiếm đoạt tài sản. Theo cáo trạng, do cần tiền tiêu xài, Phòng lên mạng đặt mua trang phục thanh tra rồi thường xuyên mặc ""đồ ngành"", tự giới thiệu đang công tác tại Thanh tra Nhà nước ở TP HCM, quen nhiều người có chức vụ. Nhiều lần gặp mặt, bà Mai, 47 tuổi, chủ nhà nghỉ tại xã Châu Thành tin tưởng và nảy sinh tình cảm với Phòng. Tháng 3/2023, vợ chồng bà Đỗ Thị Thu Tâm, 44 tuổi, là bạn của Mai đang tranh chấp hợp đồng chuyển nhượng quyền sử dụng đất và hợp đồng vay tài sản. Vụ án đã được hai cấp tòa xét xử, tuyên vợ chồng bà Tâm thua kiện. Tin người tình có thể ""chạy án"", bà Mai sau đó giới thiệu bà Tâm gặp Phòng nhờ giúp. Sau khi xem hồ sơ, Phòng hứa có thể thu xếp vụ việc và nhiều lần yêu cầu bà Tâm chuyển tiền. Giữa tháng 1/2024, TAND Cấp cao tại TP HCM ra quyết định giám đốc thẩm, giữ nguyên bản án dân sự phúc thẩm. Biết kết quả, Phòng vẫn nói sẽ gửi đơn ra... tòa tối cao tại Hà Nội để giúp bà Tâm thắng kiện. 5 tháng sau, cơ quan thi hành án cưỡng chế tài sản theo bản án. Lúc này, vợ chồng bà Tâm mới biết bị lừa. Họ nhiều lần yêu cầu Phòng trả lại hơn 1,8 tỷ đồng nhưng ông ta luôn tìm cách né tránh. Bằng thủ đoạn tương tự, Phòng quen ông Nguyễn Thanh Phương, 45 tuổi, ngụ xã Gò Công Đông. Ông Phương sau đó nhờ Phòng giúp một phụ nữ 40 tuổi đang bị tạm giam do lừa đảo chiếm đoạt tài sản được tại ngoại. Phòng đồng ý và yêu cầu ông Phương chuyển tiền ba lần, tổng cộng 130 triệu đồng. Đến tháng 5/2024, người phụ nữ không được tại ngoại, bị tòa tuyên phạt 7 năm 6 tháng tù. Ông Phương nhiều lần gọi điện đòi tiền nhưng Phòng tắt máy. Biết bị lừa, ông Phương chủ động hoàn trả đủ số tiền cho gia đình người phụ nữ, sau đó đến cơ quan điều tra trình báo vụ việc. Nam An",1,spam
"Không, chúng tôi bán tất cả để chúng tôi có hàng tấn nếu tiền xu.",0,ham
Tôi là công chúa tuyệt vời!,0,ham
Tôi có thể sẽ đến vào ngày mai (hoặc thậm chí muộn hơn tối nay nếu có điều gì đó đang xảy ra),0,ham
Yo!,0,ham
Xin chào động vật bữa tiệc nhỏ của tôi!,0,ham
Sự tinh khiết của tình bạn giữa hai người không phải là mỉm cười sau khi đọc tin nhắn được chuyển tiếp..trong về việc mỉm cười chỉ bằng cách nhìn thấy cái tên.,0,ham
Trò chuyện hack.,1,spam
Câu lạc bộ nhạc chuông: Nhận bảng xếp hạng người độc thân của Vương quốc Anh trên điện thoại di động của bạn mỗi tuần và chọn bất kỳ nhạc chuông chất lượng hàng đầu nào!,1,spam
"Dân tình ""tá hỏa"" với hình ảnh ""mát mẻ"", phì phèo thuốc lá của Erik sau bao nhiêu năm làm ""trai ngoan""
Bộ ảnh mới nhất của Erik cũng thay cho lời tuyên bố về hình tượng mới mà nam ca sĩ theo đuổi trong thời gian tới. Có vẻ như giọng ca ""Sau tất cả"" đã chán hình ảnh kín đáo và quyết định nổi loạn hơn trong tương lai.
Sau một thời gian tập trung cho các dự án cá nhân, mới đây, Erik đã tung bộ ảnh mới theo phong cách nam tính, bụi bặm nhưng vẫn giữ được vẻ điển trai, nam thần vốn có. Trong bộ ảnh này, thay cho nét thư sinh ngày nào, Erik đã mạnh dạn cởi áo khoe body. Đáng chú ý, ngoài thân hình săn chắc, nam ca sĩ sinh năm 1997 còn khiến dân tình “tá hoả” với bộ sưu tập ""hình xăm khủng"" trên cơ thể lần đầu tiên được anh công khai.
Liệu có ai nhận ra đây là Erik ngoan hiền ngày nào không?
Erik cho biết, do khán giả đã quá quen thuộc với hình ảnh một nam ca sĩ sở hữu ngoại hình hiền lành, thư sinh và có phần ""kẹo ngọt"" nên hình ảnh mới này chắc chắn sẽ gây nhiều lạ lẫm. Tuy nhiên, đây mới chính là phong cách mà anh muốn hướng tới để làm mới bản thân, như một bước thử nghiệm để chuyển mình, trở thành ""Erik phiên bản trưởng thành"" hơn trong thời gian tới.
Hình ảnh cực nam tính và phong trần của Erik khiến nhiều người hâm mộ không khỏi bất ngờ.
Việc thoải mái khoe body, để lộ ""hình xăm"" dù có chút táo bạo hay dễ khiến khán giả liên tưởng tới hình ảnh ""bad boy"". Vậy nhưng, Erik khẳng định tính cách và bản chất của anh vẫn được giữ nguyên, không hề có bất cứ sự tác động nào.
Erik sau bao năm cũng chịu ""nổi loạn"" với phong cách đầy bụi bặm.
Có lẽ nam ca sĩ đang chuẩn bị trở lại với một sản phẩm mới toanh đánh dấu bước ngoặt lớn trong phong cách của mình.
Hy vọng sản phẩm sắp tới của Erik sẽ không khiến khán giả thất vọng với tạo hình mới đầy ấn tượng này.",1,spam
"Ngày 5/7, Li Zhong Guo, Chai Ren Shang, Xu Xin Wen, Zhang Wen Bo (21-46 tuổi) bị Ban Chỉ huy Bộ đội Biên phòng cửa khẩu cảng Dương Đông phối hợp các lực lượng chức năng bắt giữ khi đang trên taxi chuẩn bị lên phà đi Hà Tiên. Chuyến phà nhóm Li Zhong Guo chọn rời Phú Quốc vốn là tàu hàng, cấm vận chuyển hành khách. Khi bị biên phòng kiểm tra hành chính, nhóm của Li Zhong Guo không xuất trình được giấy tờ nhập cảnh hợp pháp. Làm việc với cơ quan chức năng, nhóm người Trung Quốc khai đã nhập cảnh trái phép từ Campuchia vào Việt Nam, sau đó đến Phú Quốc để thiết lập hệ thống lừa đảo trực tuyến bằng công nghệ cao. Bước đầu công an xác định nhóm của Li liên quan trực tiếp đến hoạt động lừa đảo công nghệ cao đang bị cơ quan điều tra lập chuyên án triệt phá gần đây. Ngọc Tài - Tiến Vinh",1,spam
Bạn gọi cho anh ấy và nói bây giờ trước mặt họ.,0,ham
Vậy tại sao không ai nói chuyện với tôi,0,ham
Tôi có thể đưa bạn vào lúc trưa,0,ham
Tôi bị mắc kẹt ở giữa DA Row ở bên tay phải của DA LT ...,0,ham
Bạn đã bao giờ nghĩ về việc sống một cuộc sống tốt đẹp với một đối tác hoàn hảo?,1,spam
"7 Điều kỳ diệu trong thế giới của tôi thứ 7 bạn thứ 6 của bạn Phong cách thứ 5 nụ cười thứ 4 của bạn, tính cách thứ 3 của bạn tự nhiên thứ 2 của bạn SMS và 1st \ ur tình bạn đáng yêu \ ""... Chào buổi sáng thân yêu""",0,ham
"Này, tôi sẽ đến muộn ah ... gặp bạn lúc 945+",0,ham
"Ngày 24/8, An, 20 tuổi, trú bản Mường Chon, xã Bình Chuẩn và Vũ Anh, 29 tuổi, trú bản Na Ca, xã Nga My, đang bị Công an tỉnh Nghệ An tạm giữ hình sự để điều tra hành vi Mua bán người, theo điều 150 Bộ luật Hình sự. Theo điều tra, năm 2023, An và Vũ Anh sang đặc khu Tam giác vàng, tỉnh Bokeo (Lào) làm việc cho một công ty lừa đảo qua mạng do người Trung Quốc điều hành. Cả hai được ông chủ đề nghị tìm, dụ dỗ người Việt sang Lào làm việc, mỗi trường hợp thành công được trả 4.000-5.000 nhân dân tệ, khoảng 14-17 triệu đồng. An và Vũ Anh sau đó sử dụng mạng xã hội tiếp cận những người dân tộc thiểu số ở các xã miền núi Nghệ An, dụ dỗ sang Lào ""làm công việc máy tính"", hứa việc nhẹ song được trả lương rất cao, hàng chục triệu đồng mỗi tháng. Nhà chức trách cáo buộc, An đã dụ 3 người trú xã Bình Chuẩn, Vũ Anh dụ một người trú xã Nga My để đưa qua biên giới. Tại Lào, các nạn nhân được giao cho công ty lừa đảo trên mạng. Gần đây, Công an xã Bình Chuẩn phát hiện An và Văn Anh có dấu hiệu liên quan đến hoạt động mua bán người nên lập chuyên án. Giữa tháng 8, hai nghi can bị bắt khi đang làm việc tại các tỉnh miền Bắc. Vụ án đang điều tra mở rộng. Đức Hùng",1,spam
"Ya tel, wats vấn đề của bạn ..",0,ham
"Hollywood sẽ làm siêu phẩm về Tết Mậu Thân 1968 ở Huế?
Đạo diễn Michael Mann đã gặp nguyên tổng biên tập báo Thanh Niên Nguyễn Công Khế và đạo diễn Nguyễn Trung Trực (chồng ca sĩ Trịnh Vĩnh Trinh- em nhạc sĩ Trịnh Công Sơn), để bàn về việc hợp tác dịch vụ thực hiện phim Huế 1968 - 8 tập.
Ông là một đạo diễn nổi tiếng với các phim: Heat, Miami Vice, The Inseder, The Last of The Mohicant, Ali... Ông là filmmaker hàng đầu Hollywood, từng làm viêc với các sao đoạt Oscars như Robert De Niro, Al Pacino, Daniel Day Lewis (3 lần Oscar).
Michael Mann có một cái nhìn hoàn toàn mới về Huế năm 1968. Đó là một cuộc chiến tranh với một câu chuyện cá nhân chân thực, đầy tính nhân văn và tình cảm trân trọng với những trải nghiệm trong những bối cảnh khác nhau , là sự hàn gắn hận thù..., từ cuốn sách có tên”HUẾ 1968” của Mark Bowden.
Đạo diễn Michael Mann và hệ thống truyền hình quốc tế FX thuộc hãng 21st Centery/Disney thực hiện và sẽ ưu tiên quay tại Việt Nam.
Đuợc biết phim dự tính chi tiêu tại chỗ khoảng 70 triệu USD, trong việc sử dụng từ 300-350 người Việt , gồm diễn viên, thành viên làm phim, trợ tá, vận chuyển cùng những người phục vụ khác.
Theo đạo diễn Michael Mann, tác động tích cực về kinh tế nếu làm phim ở VN có giá trị khoảng từ 160- 240 triệu USD, gồm chi thuê mướn người và phương tiện, dịch vụ, chi tiêu cho khách sạn ăn uống, mua sắm và thăm thú khảo sát, và nói chung sẽ tác động thúc đẩy kinh tế tại địa phương.
Nếu bộ phim không thể thực hiện được ở VN, thì sẽ chuyển qua thực hiện ở Philippines hoặc Thái Lan.
UBND Thừa Thiên Huế có thể đang báo cáo việc này lên cấp có thẩm quyền???
Hy vọng những vấn đề về Huế 1968 đang còn nhiều bất đồng giữa các bên ""thắng cuộc"",""thua cuộc"" không cản trở việc làm phim này ở Việt Nam như với Pink Ville hay Nỗi buồn chiến tranh.
Được biết lần đầu tiên người Việt có những vai quan trọng trong phim. Đó là những con người với ước mơ, lý tưởng, niềm vui, nỗi buồn, mất mát, hy sinh chứ không chỉ là những nguời bên này bên kia trong tất cả các bộ phim về chiến tranh Việt Nam từ trước đến nay.
Phim mở màn với hình ảnh một cô gái Việt Nam mặt áo dài trắng đạp xe đạp dọc sông Hương dưới tán phượng vĩ..., hiện thân của hình ảnh nữ sinh Việt Nam trong trắng... Và một kết thúc rất ""phản chiến""...",1,spam
Không được nghe từ U4 một thời gian.,1,spam
"Bạn có nghe nói về \ mới Barbie \ ""? Nó đi kèm với tất cả các thứ của Ken!""",1,spam
Nhận một điện thoại di động hoàn toàn mới bằng cách là một đại lý của mob!,1,spam
"Cán bộ công an cảnh báo: Bẫy lừa đảo đầu tư tài chính, chứng khoán quốc tế và sàn tiền ảo cam kết lợi nhuận khủng 30% mỗi tháng. Khi số tiền đầu tư lên cao, sàn báo lỗi sập hệ thống và chiếm đoạt toàn bộ tiền. Hãy chia sẻ cho người thân cùng biết.",1,spam
Bạn đã được chọn ở lại 1 trong số 250 khách sạn hàng đầu của Anh - không có gì!,1,spam
"Aight, tôi sẽ nhắn tin cho bạn khi tôi trở lại",0,ham
Claire ở đây là Havin Borin Time & bây giờ một mình bạn muốn kiêm hơn 2nite?,1,spam
"Vừa rời giường bệnh chưa bao lâu, ai nấy chết ngất khi bắt gặp Trần Sơn đang làm việc kinh dị này
Ngay trên xe bus, bên cạnh một cô gái trẻ; đại gia Trần Sơn không ngại ngần móc thứ này ra khỏi quần.
Đại gia Trần Sơn, hiện đang sinh sống và làm việc tại Đài Loan (Trung Quốc). Người vốn nổi tiếng bởi khuôn mặt xấu xí nhưng lại có khối tài sản lớn, siêu xe và thường xuyên cặp kè với các hot girl chân dài miên man. Tuy nhiên, ngoại hình hiện tại của anh chàng là do mắc phải căn bệnh bẩm sinh luôn tốn rất nhiều tiền để chữa trị, suốt thời gian vắng bóng vừa qua cũng là bởi Trần Sơn phải nhập viện do căn bệnh bỗng trở nên nghiêm trọng hơn.
Gần đây, những hình ảnh của anh chàng đặc biệt này lại được truyền thông Trung Quốc chia sẻ. Anh chàng đã quay trở lại và có lẽ lợi hại hơn xưa rất nhiều lần. Tin mới nhất đó là Trần Sơn đã nhận lời xuất hiện trên một trang bìa tạp chí tại Trung Quốc. Có lẽ trong tương lai anh chàng sẽ còn thu hút sự quan tâm của cư dân mạng hơn nữa.
Tiếp tục trở lại với thói quen quay video clip gây sốc, đoạn video được đăng tải mới đây nhất của Trần Sơn tiếp tục gây bão khi anh chàng hồn nhiên trêu chọc một cô gái trẻ trên xe bus. Mặc trên người bộ đồ bó sát, Trần Sơn tỏ vẻ vô cùng thản nhiên khi thò tay vào trong quần khiến cô gái ngồi phía sau tỏ vẻ vô cùng kinh hãi. Nhưng thực chất Trần Sơn chỉ đang móc ra từ trong quần chiếc điện thoại di động để nghe.
Hành động này của anh chàng ngay lập tức khiến cư dân mạng chia sẻ với tốc độ ánh sáng. Nhiều người cho rằng đoạn clip ngắn này vô cùng hài hước, nhưng cũng không ít người chỉ trích hành động của Trần Sơn là quá vô ý thức khi làm điều này ở nơi công cộng.",1,spam
Bạn sẽ không RCV thêm bất kỳ tin nhắn nào từ SVC trò chuyện.,1,spam
"Cán bộ công an cảnh báo: Cảnh báo bẫy lừa đảo nạp tiền làm nhiệm vụ xem video Youtube, TikTok nhận tiền công. Sau khi nạn nhân nạp tiền tỷ vào hệ thống, các đối tượng viện lý do lỗi hệ thống để không cho rút tiền. Cần hết sức cảnh giác để tránh mất tiền.",1,spam
Tôi không thể tiếp tục trải qua điều này.,0,ham
Bạn đã có một ngày tốt lành?,0,ham
"Xin lỗi Pa, tôi không biết ai ru pa?",0,ham
"Muốn tiền vào như nước, nhớ đừng để thứ này trong ví
Nếu muốn tài vận của mình không bị cái nghèo bám riết, hãy kiểm tra xem bạn có đang vô tình làm như thế này không nhé!
“Nghèo rớt mồng tơi” nếu như bạn đặt vật này trong ví
Theo quan niệm xưa, về mặt phong thủy ví tiền được coi là vật biểu thị và liên quan trực tiếp đến tài vận của chủ nhân. Vậy nên, đường tài lộc của bạn cũng có thể bị ảnh hưởng bởi vận khí của chiếc ví này.
Không đặt hóa đơn trong ví. (Ảnh minh họa)
Để gia tăng tài lộc, bạn có thể đặt đồng 2 USD, để tiền vào tất cả các ngăn, đựng một ít tiền xu… Ngoài ra bạn tuyệt đối nhớ rằng không nên để hóa đơn trong ví của mình bởi chúng biểu thị cho món tiền bạn đã hao đi. Để chúng trong ví nhiều khả năng sẽ hút thêm nợ nần.
Một chiếc ví chỉ nên dùng trong 3 năm
Theo thuyết phong thủy, nếu sử dụng một chiếc ví quá 3 năm thì khả năng thu hút tiền tài của chiễ ví ấy đã giảm đi đáng kể khiến tài lộc của chủ nhân giậm chân tại chỗ. Thế nên, dù ví còn sử dụng rất tốt bạn cũng đừng tiếc của mà nên thay mới chiếc ví cũ của mình khi chúng “hết hạn phong thủy” nhé.
Chọn màu ví hợp phong thủy
ads by ants
Nếu là nữ giới bạn nên dùng ví có màu hồng, vàng là hai màu giúp giữ tiền và kích thích tài vận rất tốt. Nếu là nam giới thì màu đen, nâu là lựa chọn hoàn hảo dành cho bạn. Không dùng ví có màu đỏ, xanh da trời hay trắng bởi chúng là màu sắc “hao tài”.
Không được để tiền lẻ vào ví mới
Không nên để tiền lẻ vào chiếc ví mới. (Ảnh minh họa)
Khi sắm một chiếc ví mới, đồng nghĩa với việc bạn đang “khai vận” mới cho tài khí của mình, vậy nên hãy để tiền chẵn vào ví và để càng nhiền tiền vào ví càng tốt.
Cất ví ở chỗ ngăn nắp
Bạn nên chọn ví mà khi mở, đóng phải tiện lợi và quan trọng là tiền bạc, giấy tờ không bị nhăn hay nhàu nát. Tiền nên được sắp xếp theo thứ tự cẩn thận và bạn phải trân trọng chiếc ví của mình, không nên quăng ví lung tung. Giữ ví gọn gàng sạch sẽ, nếu ví bẩn hoăc hỏng, nên thay ví mới ngay, nhưng không được cho đi chiếc ví cũ. Nếu bạn cho đi, tiền tài của bạn cũng theo đó mà sẽ giảm sút.
* Thông tin mang tính tham khảo, chiêm nghiệm.",1,spam
Tôi giữ mười R trong kệ của tôi :) Mua hai quả trứng.,0,ham
"Tôi sẽ không được tập trung thân yêu, bạn biết bạn là tâm trí của tôi và tất cả mọi thứ :-)",0,ham
"Theo website của Văn phòng Ân xá thuộc Bộ Tư pháp Mỹ, đơn xin giảm án được Elizabeth Holmes nộp lên năm ngoái, hiện ở trạng thái ""chờ giải quyết"". Theo cơ sở dữ liệu trực tuyến mới nhất của Cơ quan Trại giam Liên bang Mỹ (BOP), ngày mãn hạn tù của Holmes dự kiến là 30/12/2031. Cô đã được giảm án vài lần trong thời gian qua. Nếu đề nghị giảm án của Holmes được chấp thuận, cô có thể được trả tự do sớm gần 6 năm. Elizabeth Holmes là doanh nhân hiếm hoi tại Thung lũng Silicon bị kết tội lừa đảo. Cô bỏ Đại học Stanford năm 19 tuổi để gây dựng Theranos và từng được coi là Steve Jobs phiên bản nữ nhờ lời hứa hẹn về công nghệ xét nghiệm hàng loạt bệnh chỉ bằng vài giọt máu. Câu chuyện này thuyết phục được nhiều nhà đầu tư, bệnh nhân và cả người hâm mộ của Holmes. Theranos huy động được hơn 700 triệu USD từ các nhà đầu tư, qua mặt được cả những người thông minh nhất ở Thung lũng Silicon. Startup này từng được định giá tới 9 tỷ USD, giúp Holmes thành nữ tỷ phú tự thân trẻ nhất thế giới năm 2015 với tài sản 4,5 tỷ USD. Tuy nhiên, đến năm 2015, vụ việc bị đưa ra ánh sáng sau một cuộc điều tra của Wall Street Journal. Theo đó, Theranos chỉ thực hiện khoảng 12 trong số hàng trăm xét nghiệm bằng công nghệ mà họ cam kết là độc quyền. Họ còn bị phát hiện sử dụng thiết bị của bên thứ ba để làm các xét nghiệm máu truyền thống, thay vì dùng công nghệ của mình. Đầu năm 2022, Holmes bị xác định phạm 4 tội danh lừa đảo, nhận mức án 11 năm tù, đặt dấu chấm hết cho biểu tượng công nghệ một thời. Vài tháng gần đây, Holmes thu hút sự chú ý sau khi tài khoản X của cô xuất hiện các bài đăng ca ngợi các nỗ lực của Tổng thống Mỹ Donald Trump nhằm giảm chi phí chăm sóc sức khỏe. Tài khoản này cũng đăng tải các nội dung về gia đình của Holmes và hoạt động của cô trong tù. Nội dung khẳng định ""chủ yếu là lời của Holmes, nhưng do người khác đăng"". Hiện chưa rõ ai là người quản lý tài khoản này. ""Chúng tôi đang tiếp tục đấu tranh để chứng minh sự vô tội, và biết rằng sự thật không thể bị che giấu mãi"", tài khoản của Holmes đăng tải tuần trước. Năm ngoái, một tòa án phúc thẩm Mỹ ra phán quyết giữ nguyên bản án với Holmes và Chủ tịch Theranos Ramesh ""Sunny"" Balwani. Tòa cũng không thay đổi phán quyết buộc Holmes và Balwani phải bồi thường 452 triệu USD cho các nạn nhân. Hà Thu (theo CNN, Reuters)",1,spam
"Hai tài xế đánh nhau vì giành đường tại 'nút cổ chai' Hà Nội
Ôtô 'chôn chân' vì bị chặn đầu bởi trăm xe máy đi ngược chiều ở Sài Gòn
Video ghi cảnh hai ôtô giành đường nhau trên phố Nguyễn Hữu Thọ (quận Hoàng Mai, Hà Nội) chiều 1/12. Ôtô Nissan vượt trái, đi sát chiếc Chevrolet. Hai tài xế ngồi trong xe, hạ kính cãi nhau. Khi chiếc Nissan vượt qua, người đàn ông lái chiếc Chevrolet chạy bộ đuổi theo để trách mắng. Tài xế Nissan sau đó xuống xe, cầm đèn pin đánh trả.
Theo bạn, tình huống này ai đúng, ai sai?
Hai tài xế đánh nhau vì giành đường ở Hà Nội Video: Hoilaixe
Thịnh
Chia sẻ bài viết của bạn tại đây",0,ham
"Cảnh báo thủ đoạn hack tài khoản Facebook của người thân, sau đó nhắn tin mượn tiền gấp hoặc nhờ chuyển khoản thanh toán hóa đơn. Nhiều người thiếu cảnh giác đã chuyển tiền cho kẻ gian. Mọi người tuyệt đối không làm theo!",1,spam
Những con gà trống.,0,ham
Mật khẩu hàng tháng cho Wap.,1,spam
Chưa có kế hoạch nào.,0,ham
Tố giác chiêu trò: Cảnh báo thủ đoạn giả danh công an gọi điện thông báo phạt nguội hoặc dọa liên quan đến đường dây ma túy. Đối tượng yêu cầu nạn nhân chuyển toàn bộ tiền vào tài khoản chỉ định để xác minh rồi chiếm đoạt. Hãy chia sẻ cho người thân cùng biết.,1,spam
Giải bóng đá vô địch quốc gia diễn ra hấp dẫn với những trận cầu kịch tính. Các đội bóng tích cực tăng cường lực lượng và cải thiện thể lực để chuẩn bị cho giai đoạn lượt về. Chi tiết xem tại cổng thông tin chính thức.,0,ham
"Theo đó, khi khách hàng nhập thông tin tài khoản nhận tiền để chuyển khoản, hệ thống sẽ tự động kiểm tra và đối chiếu với danh sách cảnh báo do Bộ Công an, các cơ quan nhà nước và tổ chức liên quan cung cấp. Nếu tài khoản nhận tiền có dấu hiệu nghi ngờ gian lận hoặc lừa đảo, ứng dụng sẽ hiển thị cảnh báo ngay trên màn hình giao dịch. Theo SHB, hệ thống cảnh báo được bổ sung như một lớp bảo vệ trước giao dịch, hỗ trợ khách hàng cá nhân và doanh nghiệp nhận diện sớm rủi ro, đặc biệt khi chuyển tiền đến tài khoản lạ, tài khoản mới phát sinh giao dịch hoặc các trường hợp cần xác minh thêm thông tin. Sau khi nhận cảnh báo, khách hàng vẫn là người quyết định tiếp tục hay dừng giao dịch. Đối với các tài khoản xuất hiện cảnh báo, ngân hàng khuyến nghị khách hàng kiểm tra kỹ thông tin người nhận, xác minh danh tính qua các kênh chính thức, không làm theo hướng dẫn từ các nguồn không rõ ràng và tuyệt đối không cung cấp mật khẩu, mã OTP hoặc thông tin tài khoản cho người khác. Khi phát hiện dấu hiệu bất thường, khách hàng nên liên hệ tổng đài, điểm giao dịch SHB hoặc cơ quan chức năng để được hỗ trợ. Tính năng hiện được triển khai trên các nền tảng ngân hàng số gồm SAHA, SHB Corporate Mobile và Internet Banking. Trong thời gian tới, ngân hàng sẽ tiếp tục mở rộng cảnh báo trên toàn bộ các kênh giao dịch. Đại diện SHB cho biết an toàn giao dịch là một trong những ưu tiên của ngân hàng trong quá trình phát triển ngân hàng số. ""Thông qua tính năng cảnh báo tài khoản nhận tiền có dấu hiệu nghi ngờ gian lận, lừa đảo, chúng tôi mong muốn khách hàng có thêm thông tin để chủ động bảo vệ tài sản trước các rủi ro ngày càng phức tạp trên môi trường số"", đại diện ngân hàng nói. Giữa tháng 6, Bộ Công an trao Bằng khen cho SHB vì thành tích trong phong trào Toàn dân bảo vệ an ninh Tổ quốc năm 2025, đồng thời trao Kỷ niệm chương Bảo vệ an ninh Tổ quốc cho bà Ngô Thu Hà, Tổng giám đốc SHB. Ngân hàng cũng được UBND TP Hà Nội công nhận là đơn vị đạt tiêu chuẩn ""An toàn về an ninh, trật tự"" năm 2025. Trong giai đoạn phát triển mới, SHB tiếp tục theo đuổi chiến lược hệ sinh thái tài chính toàn diện và chuyển đổi số ""5 FIRST"", đồng thời đẩy mạnh ứng dụng công nghệ, dữ liệu và các giải pháp bảo mật nhằm nâng cao trải nghiệm, tốc độ và an toàn giao dịch cho khách hàng. Ngân hàng cũng liên tục cập nhật các tính năng bảo mật trên SAHA, SHB Corporate Mobile, Internet Banking và các kênh giao dịch nhằm đáp ứng yêu cầu ngày càng cao về phòng chống gian lận tài chính. ""Trên hành trình trở thành Ngân hàng tầm vóc quốc gia thế hệ mới, SHB tiếp tục đồng hành cùng khách hàng bằng những giải pháp tài chính hiện đại, nhân văn và tin cậy, góp phần thúc đẩy thanh toán số an toàn, bảo vệ quyền lợi chính đáng của khách hàng và lan tỏa văn hóa giao dịch tài chính có trách nhiệm trong cộng đồng"", đại diện ngân hàng chia sẻ. Minh Ngọc",1,spam
Làm thế nào tôi noe ... đã làm ì_ chỉ định tên miền da là nusstu ... Ì vẫn ở trong sch ...,0,ham
Natalie (20/f) đang mời bạn làm bạn của cô ấy.,1,spam
Dòng tốt nhất nói trong tình yêu:.,0,ham
"Chữa hết bệnh câm cho vợ, người chồng cay đắng nhìn vợ ra đi tìm cuộc sống mới vì lý do tưởng chỉ có trong phim
Tháng 10/ 2016 cặp đôi Trần Thanh Hải – Phương Nhi gây chú ý với chuyện tình cảm động khi mà Hải đã phải qua vô số áp lực để có được hạnh phúc với người vợ bị câm. Theo những gì chàng trai này chia sẻ với báo chí thì khi gia đình biết Hải quen biết một cô gái bị câm đã không hề đồng ý nhưng anh đã quyết tâm thuyết phục bố mẹ để được đến với Phương Nhi.
Hải và Nhi cùng là người sống tha phương, kiếm sống nơi đất khách quê người, Hải tình cờ biết Nhi khi tới quán hủ tiếu của cô. Và rồi anh trở thành khách quen của Nhi từ đó, chàng trai 30 tuổi cũng cảm nhận được tình cảm của cô gái trẻ dành cho mình qua những tô hủ tiếu cô lấy cho. Và thật may mắn, họ đã kết thúc thật đẹp với đám cưới đầy đủ sự hiện diện của người thân.
Bố mẹ và các thành viên trong gia đình Hải dần cũng có thiện cảm với cô con dâu câm. Nhưng 4 năm 9 tháng yêu của Hải và Nhi, câu chuyện tình tưởng có kết thúc đẹp với đám cưới và cả hai đón đứa con đầu lòng nhưng rồi…
Mới đây, Trần Thanh Hải vừa có những chia sẻ cho biết anh và vợ đã tan vỡ, anh viết trên Facebook rằng Phương Nhi đã được chữa hết bệnh. Theo Thanh Hải, lúc vợ anh hết bệnh, có thể nói được cũng là lúc Thanh Hải phải nghe những lời chua xót. Theo Hải chia sẻ, vợ anh đã quyết định sang Mỹ để sinh sống và theo như cô lý giải thì đó là để tốt cho anh và con trai.
Câu chuyện chưa rõ thực hư nhưng đang được chia sẻ ồ ạt trên mạng xã hội.
Chuyện tình đẹp của Thanh Hải và vợ từng khiến nhiều người rơi nước mắt vì cảm động
Hải bên cạnh người mà anh cho là vợ của mình
‘Câu đau khổ nhất mà vợ mình, người mình chạy chữa khắp nơi để điều trị cái bệnh câm của cô ấy, để cô ấy có thể nói nói chuyện lại được không phải là ‘Em yêu anh’ mà là câu ‘Yêu tôi thì đừng làm phiền tôi nữa, tôi bây giờ rất tốt’. Bây giờ Hải mới hiểu ra ‘Tình cảm chính là như vậy, đừng hỏi tại sao bi luỵ, việc bạn cam tâm tình nguyện vì đối phương chính là đáp án hoàn hảo nhất. Duyên phận cũng chỉ là thứ huyền hão, đừng nghĩ phải làm thế nào để tìm kiếm, sóng gió ập đến chính là sự kiểm chứng’ – Hải chia sẻ.
Dưới đây là câu chuyện do Thanh Hải chia sẻ đang nhận được sự đồng cảm của nhiều người.
‘4 năm 9 tháng yêu. Hạnh phúc trôi xa.
Đối với Hải nếu được yêu nhau đi đến cuối cuộc đời của nhau thì đó là duyên nợ, còn thương nhau rồi xa nhau gì chuyện gì đó thì cũng là duyên nhưng lại không nợ. Được yêu và thương vợ tôi khoảng nào đó trong cuộc đời là hạnh phúc lắm rồi, không ai sai cả thật sự không ai sai, nhưng tiếc là cả hai không vượt qua được nhiều thứ. Nếu nói cô ấy ham muốn cuộc sống giàu sang hơn những thứ Hải cố gắn làm bù đắp chẳng khác nào đi hạ thấp người mình yêu thương và tự nâng bốc mình lên, còn nói nếu Hải gì có cô gái khác hay mối tình khác lại càng sai, vốn dĩ không bao giờ có chuyện đó xảy ra.
Trong chuyện tình yêu khi đi đến kết cục tan vỡ của hôn nhân của hạnh phúc gia đình đừng bao giờ đổ lỗi cho ai cả, vốn dĩ trên đường đời bạn đi, như một ga tàu tốc hành nếu lỡ chuyến thì đi đến tan vỡ còn không lỡ chuyến thì đi đến cái gọi là hôn nhân. Mấy ngày nay đọc báo thấy bài viết của Lý Phương Châu và Lâm Vinh Hải chia tay mối tình 11 năm bỗng nhớ lại chuyện gia đình mình thì thấy cũng chẳng là bao so với 11 ngần ấy năm yêu nhau của hai vợ chồng kia cả, âu là do số mệnh, đi được với nhau là duyên phận lướt qua nhau là kỉ niệm.
Chữa trị bệnh cho vợ thành công thì Hải cay đắng nhìn cô ra đi tìm cuộc sống mới
Mọi người thường lo lắng không biết mình sẽ gặp người bạn đời như thế nào. Nhưng thực ra khi yêu, mình là người như thế nào – mới là câu hỏi quan trọng đối với Hải, bây giờ Hải mới thấy sức mạnh của đồng tiền trong tình yêu, tiền không phải là tất cả nhưng thiếu nó thì tình yêu không hoàn hảo, năm nay 30 mấy tuổi đầu thấy mình chẳng có gì ngoài tình yêu dành cho vợ mình. Nhưng thứ đó chưa chắc khiến tình cảm hai đứa hoàn hảo, nhớ lại lúc hai đứa mới quen nhau, hai đứa từ hai bàn tay trắng yêu nhau đến lúc chia tay, cái cảm giác đau đớn đến tột cùng nhưng cũng phải cam chịu. Cam chịu HẾT DUYÊN.
Nhiều người trong chúng ta sẽ nói, họ yêu nhau từ cái nhìn đầu tiên. Thực tế yêu không phải là ấn tượng nhất thời, cũng không phải thiện cảm ngay lúc gặp nhau, càng không phải tình cảm trong chốc lát; mà là rõ ràng biết sẽ không có kết quả, nhưng vẫn khăng khăng lún sâu vào. Bởi vì cho rằng gặp được người mình yêu không dễ dàng gì, nếu lại bỏ lỡ sẽ cực kì hối tiếc và ngay từ đầu chuyện tình yêu của Hải và cô ấy đã miễng cưởng!
Đã không có kết quả khi mà gia đình vợ Hải không chấp nhận tình cảm hai đứa, để rồi đỗi lại muốn được gần nhau yêu nhau và thương nhau thì phải có những điều khoảng không thể tin được mà chính bản thân mình phải thực hiện, kể cả việc gần vợ hay gần con. Tất cả là lòng tin tuyệt đối cho người phụ nữ mình yêu thương thì có gì sai trái.
Khi chuyện tình yêu đi đến hồi kết Hải cũng đã làm mọi cách để giữ nó và dùng hết sức lực để giữ chặt cô ấy. Nhưng cuối cùng, thứ Hải giữ được chỉ là một giấc mơ. Mà mơ thì làm gì có thật! Chắc sẽ có nhiều bạn thắc mắc chuyện này mông lông như một trò đùa, yêu nhau có con rồi đùng cái vợ đi tôi đi MỸ thật nực cười!
Và câu đầu tiên anh nghe từ vợ sau khi cô nói được là ‘Yêu tôi thì đừng làm phiền tôi nữa, tôi bây giờ rất tốt’
Đúng vậy bạn nghĩ sao cũng được vốn dĩ bạn thấy chứ ‘Ai cũng nghĩ bồ công anh tự do trong gió, nhưng mấy người hiểu, nó đâu thể quyết định cuộc đời của nó, gió thổi hướng nào nó theo hướng đó. Bạn không phải là tôi thì làm sao bạn hiểu được cuộc sống tôi đang trải qua và khuất mắc trong cuộc đời tôi như thế nào và mấy ai trong đời quyết định được số phận của mình?
Câu đau khổ nhất mà vợ mình, người mình chạy chữa khắp nơi để điều trị cái bệnh câm của cô ấy, để cô ấy có thể nói nói chuyện lại được không phải là ’em yêu anh’ mà là câu ‘Yêu tôi thì đừng làm phiền tôi nữa, tôi bây giờ rất tốt’! Bây giờ Hải mới hiểu ra ‘Tình cảm chính là như vậy, đừng hỏi tại sao bi luỵ, việc bạn cam tâm tình nguyện vì đối phương chính là đáp án hoàn hảo nhất. Duyên phận cũng chỉ là thứ huyền hão, đừng nghĩ phải làm thế nào để tìm kiếm, sóng gió ập đến chính là sự kiểm chứng.’
Em! Nhiều năm sau nữa anh và em cũng vẫn chỉ là bạn, cũng chỉ có thể hỏi thăm nhau mà thôi! Nếu có thể ví như một THÌ trong tiếng Anh, thì anh gọi tình cảm của anh và em là ‘THÌ HIỆN TẠI HOÀN THÀNH TIẾP DIỄN’! Mình vẫn hỏi thăm nhau, quan tâm nhau và kể cho nhau nghe những câu chuyện thường nhặt của mỗi đứa. Chỉ là anh không có cái quyền được yêu thương bảo vệ em.
Cuộc sống chính là trò đùa của tạo hoá, người yêu bạn, bạn không chọn; người bạn yêu, lại không yêu bạn. Cuối cùng, người cùng đi với bạn cả đời, mãi mãi không phải người bạn yêu, cũng không phải người yêu bạn, mà sẽ là người xuất hiện. Thế giới rộng lớn thế này. Vậy mà anh vẫn luôn chờ đợi, chờ đợi một thứ có lẽ mãi mãi cũng sẽ không bao giờ xảy ra!
Tóm lại chuyện này ko ai đúng cũng không ai sai cả, ai cũng có nỗi lòng của ai, ai cũng có một khuất mắc mà người ngoài không thể hiểu được, tạm biệt em! Xin lỗi các bạn từng ngưỡng mộ tình yêu của vợ chồng tôi, nhưng cuộc đời này làm gì có thể làm hài lòng tất thẩy mọi người được cơ chứ cho nên xin đung trách móc nỗi đau của tôi nữa để nó im lặng mãi mãi đi.
Không phải người đàn ông nào cũng xấu và người đàn bà nào phụ bạc, bản thân ai cũng có nỗi khổ riêng, không quen nữa chỉ là hết duyên không yêu nữa chỉ là hết nợ , cuộc đời này vốn dĩ có gì là mãi mãi đâu, ai đang yêu xin hãy cố gắn nắm giữ đừng buông tay.
QUÊN HẾT’.",1,spam
"SCB cho biết, gần đây, xuất hiện đối tượng mạo danh ngân hàng gửi tin nhắn SMS lừa đảo về việc tài khoản của khách hàng bị khóa hoặc đã đăng nhập ở một thiết bị khác, thông báo về đăng ký dịch vụ mới, tài khoản bị trừ tiền... Các đối tượng này yêu cầu khách hàng bấm vào đường link trong tin nhắn để hủy/thanh toán dịch vụ. ""Các nội dung này được gửi đến nhiều khách hàng, bất kể khách hàng có sử dụng hay không sử dụng dịch vụ của SCB"", phía SCB chia sẻ. Theo đại diện ngân hàng, đây là hình thức lừa đảo qua tin nhắn mạo danh Brandname đã được SCB và các cơ quan chức năng, nhà mạng cảnh báo nhiều lần trong thời gian qua. Nhiều đường link lừa đảo được cung cấp trong tin nhắn giả mạo như: scb.vn-eg.top, scb.vn-eg.xyz, scb.vn-tr.xyz, scb.vn-tr.xyz, scb.vn-zt.top, scb.vn-tr.top... Các đường link lừa đảo chỉ sai khác một vài ký tự hoặc chi tiết so với đường link thật nên dễ gây nhầm lẫn cho khách hàng. Đường link dẫn đến website mạo danh có giao diện gần giống với trang chủ tương ứng theo brandname bị mạo danh. Khi khách hàng nhập username/password/OTP, những kẻ lừa đảo sẽ chiếm đoạt tài khoản và đánh cắp tiền. Để đảm bảo an toàn khi sử dụng dịch vụ, SCB khuyến cáo khách hàng: không bấm vào đường link được cung cấp trong tin nhắn/email; không cung cấp tên đăng nhập, mật khẩu, OTP, số thẻ cho bất kỳ ai. Khách hàng cần cảnh giác cao độ với các cuộc gọi, tin nhắn/email yêu cầu cung cấp thông tin. Khi nghi ngờ bị kẻ gian lấy cắp thông tin, khách hàng cần nhanh chóng nhập sai mật khẩu đăng nhập SCB S-Connect 5 lần để khóa ứng dụng. Khóa tính năng thanh toán trực tuyến, khóa thẻ tín dụng ngay trên ứng dụng SCB S-Connect, khi nghi ngờ lộ thông tin thẻ. Khách hàng chỉ đăng nhập vào dịch vụ ngân hàng điện tử thông qua website chính thức của SCB. Song song đó, cần thường xuyên theo dõi, cập nhật cảnh báo về an toàn bảo mật trong thanh toán trực tuyến từ SCB và phương tiện truyền thông đại chúng. Ngoài ra, SCB khuyến nghị khách trình báo tới Cơ quan Công an nơi gần nhất hoặc theo hướng dẫn tại Chuyên mục ""Hướng dẫn tố giác tội phạm"" của Cổng Thông tin điện tử Bộ Công an. An Nhiên",1,spam
Vui lòng gọi 08712402902 ngay lập tức vì có một tin nhắn khẩn cấp đang chờ bạn.,1,spam
Freemsg Tại sao bạn không trả lời văn bản của tôi?,1,spam
"Chỉ cần kiểm tra, đi ra ngoài để thả đồ của tôi ngay bây giờ",0,ham
Muốn thiết bị cầm tay video mới nhất?,1,spam
Có ổn không nếu tôi ở lại đêm ở đây?,0,ham
Xin chào em yêu hôm nay em thế nào?,1,spam
"Xin chào, tôi có thời gian thư giãn nhất bao giờ hết!",0,ham
"Vâng, nếu chúng ta phải có được một anh chàng ngẫu nhiên, chúng ta cần thay đổi tờ thông tin của mình thành Party & lt;#& gt;",0,ham
Những bà nội trợ chán!,1,spam
"Cậu bé kinh hãi khi thấy chân lúc nhúc hàng triệu sinh vật bấu chặt, cúi xuống phát hiện sự thật bàng hoàng
Kinh ngạc cảnh tượng hàng triệu sinh vật bò nhung nhúc bấu chặt lấy chân.
Christmas là một đảo nhỏ thuộc Úc, cách 2.600 km về Phía tây bắc thành phố Perth. Hòn đảo là quê hương của vô số các loài động – thực vật vô cùng phong phú và kỳ lạ. Nếu không chú ý, những du khách lần đầu tiên đến tham quan hòn đảo này thường gặp nhiều “phe” sởn gai ốc, khi ra vừa chỉ đứng im vài phút thôi, đã thấy dưới bàn chân mình rờn rợn, nhung nhúc vô cùng nhiều sinh vật kỳ lạ đang bò lên và bấu chặt lấy. Thậm chí, cả những con đường hay cả bờ biển nơi đây đều bị nhuộm một màu đỏ rực.
Hàng trăm triệu con cua bò lên bấu chặt lấy chân cậu bé.
Bờ biển nhuộm màu đỏ rực.
Các sinh vật lạ nhung nhúc bò trên mỏm đá.
Sau quá trình tìm hiểu thông qua người dân địa phương, các du khách mới ngã ngửa khi biết rằng nguyên nhân của hiện tượng kỳ quái này chính là cuộc di cư thường năm của loài cua đỏ.
Cuộc di cư đặc biệt này thường diễn ra với quy mô lớn.
Vào mỗi mùa giao phối, loài cua đỏ đặc biệt này di cư với quy mô lớn, nó được ví như một cơn thủy triều đỏ khủng khiếp. Theo các nhà nghiên cứu, do điều kiện khí hậu mùa mưa giúp cho việc di chuyển thuận tiện và dễ dàng hơn nên khoảng thời gian di cư của loài cua đỏ này thường bắt đầu vào khoảng tháng 10 – 12.
Vào mùa mưa, hàng triệu con cua đỏ này lại di cư ra biển để bắt đầu mùa sinh sản mới.
Số lượng đàn cua đỏ di chuyển trong mỗi lần di cư rất đông, nên chính quyền địa phương phải đặt các tấm biểu báo cấm đường dành cho các phương tiện và người đi bộ nhằm tránh làm tổn thương đến chúng.
Chính quyền địa phương phải đặt các tấm biểu báo cấm đường dành cho các phương tiện và người đi bộ nhằm tránh làm tổn thương đến chúng.
Xem thêm: Muốn hờn cả thế giới khi chứng kiến sự thật trắng trợn đằng sau những bức ảnh sống ảo trăm nghìn like như thế này
Trong mỗi đợt di cư, những con cua này sẽ phải vượt qua một đoạn đường dài 8 km, bắt đầu từ các khu rừng ở đảo Christmas, Australia đến bờ biển Ấn Độ Dương, trong vòng 9 đến 18 ngày. Nhiều du khách thắc mắc tại sao loài vật bé nhỏ này lại có thể di chuyển xa như vậy? Đó là vì đến mùa sinh sản, cua tiết ra nhiều nội tiết tố hyperglycemic, giúp tăng lượng đường glucoza trong máu, đảm bảo cho việc cung cấp năng lượng trong thời gian dài.
Đến mùa sinh sản, cua tiết ra nhiều nội tiết tố hyperglycemic, giúp tăng lượng đường glucoza trong máu, đảm bảo cho việc cung cấp năng lượng trong thời gian dài.
Được biết cua đỏ là loài giáp xác duy nhất có con đực cùng di cư với con cái, những con cua đực sẽ dẫn đầu làn sóng di cư đến tìm hang để ẩn nấp, sau đó là các con cua cái sẽ đến những hang này để giao phối với cua đực rồi bò ra biển để đẻ trứng.
Cua đỏ là loài giáp xác duy nhất có con đực cùng di cư với con cái.
Các cuộc di cư thường niên của cua đỏ đã trở nên quen thuộc với người dân ở đây, nhưng lại là điều vô cùng lý thú và thu hút hàng nghìn khách du lịch tò mò ghé thăm.",1,spam
Đã đi ngủ nhanh thân yêu. Chăm sóc.,0,ham
Ok lor.,0,ham
"Bạn là một người chiến thắng £ 1000 hoặc giải thưởng người gọi được bảo đảm, đây là nỗ lực cuối cùng của chúng tôi để liên hệ với bạn!",1,spam
"KHẨN CẤP: Hàng loạt trẻ em nhập viện vì ngộ độc thịt lợn có chứa thuốc an thần
Xét nghiệm ban đầu từ các trẻ nhập viện cho thấy các bé đều có dấu hiệu bị ngộ độc với chất acepromazin, đây là chất có trong thuốc an thần thường được tiêm cho heo trước khi mổ. Hiện đã có 63 trẻ nhập viện trong tình trạng nguy hiểm, số lượng các trẻ nhập viện cấp cứu ngày một tăng cao.
Theo thông tin chúng tôi nhận được, ngay trong đầu giờ chiều nay ngày 4/10, hàng loạt trẻ mầm non tại các trường S.C, trường mầm non H.M và trường tiểu học N.Đ.C trên địa bàn TP.HCM nhập viện cấp cứu trong tình trạng mạch máu bị giãn, rối loạn hô hấp và ói mửa.
Theo các cô giáo tại trường cho biết, các bé có triệu chứng ói mửa và khó thở ngay sau bữa ăn trưa bán trú tại trường. Số lượng các bé gặp trường hợp trên rất nhiều nên các cô phải gọi cấp cứu và báo ngay cho phụ huynh của các bé.
Tại trung tâm cấp cứu, bác sĩ Hoàng Đình Sơn cho biết các bé có dấu hiệu chung là giãn mạch máu, rối loạn hô hấp và có tình trạng ói mửa, mê man bất tỉnh. Xét nghiệm ban đầu từ một số trẻ nhập viện sớm cho thấy trị số độc chất Acepromazin trong máu các bé cao bất thường. Sơ chẩn ban đầu cho biết có thẻ các bé đã bị ngộ độc thuốc an thần với liều lượng cao bất thường. Cũng theo bác sĩ đây là chất có trong thuốc an thần thường được tiêm cho lợn trước khi giết mổ. Nếu gặp phải liều lượng cao thì sẽ rất nguy hiểm cho sức khỏe, tương tự tình trạng dùng thuốc an thần/thuốc ngủ quá liều.
Hiện các bé đang được cấp cứu khẩn trương bằng biện pháp làm sạch dạ dày và truyền dịch, thuốc giải độc.
Theo bà Trần Huỳnh Liên, hiệu trưởng trường mầm non S.C nơi có hơn 30 bé nhập viện trong trưa nay, cho biết trưa nay nhà trường cho các bé ăn trưa bằng thịt heo kho, rau xào và món canh. Hiện bà từ chối cung cấp thêm thông tin nhưng cho biết không loại trừ trường hợp thịt heo trong bữa ăn đã bị tiêm thuốc an thần với liều lượng cao mà báo chí gần đây đưa tin.
Hiện nay, đại diện Chi cục Vệ sinh An toàn Thực phẩm đã tiến hành thu mẫu thực phẩm để tiến hành điều tra tìm ra nguyên nhân. Nhưng trước mắt, các quý phụ huynh cần cẩn trọng với các loại thịt heo không rõ nguồn gốc trên thị trường hoặc tránh sử dụng thịt heo trước khi có kết luận cuối cùng.
Mới đây, thông tin gần 4 nghìn con lợn bị tiêm thuốc an thần được phát hiện ở TP.HCM đã khiến cho người tiêu dùng hoang mang. Theo các chuyên gia việc tiêm thuốc an thần là vô cùng nguy hiểm cho cả người sử dụng đặc biệt là người già và trẻ nhỏ.​ Khoảng 22h30 ngày 28-9, các trinh sát của phòng 7 (C49B) chia làm hai mũi, bất ngờ ập vào khu nhốt heo mổ gia công (cùng nằm trong lò mổ Xuyên Á) của bà Nguyễn Thị Tuyết Nhung (ngụ Q.12), bắt quả tang ông Nguyễn Văn Dung (41 tuổi) và Vũ Văn Vĩ (27 tuổi, cùng quê Nam Định) đang tiêm thuốc an thần vào đàn heo. Khi phát hiện lực lượng C49B, hai người này vứt kim tiêm và thuốc hòng phi tang. “Trong hai người, một người được phân công nhiệm vụ tiêm, một người đi sau dùng sơn đánh dấu. Địa điểm tiêm có thể là tại chuồng hoặc được tiêm luôn trong quá trình lùa heo di chuyển từ xe xuống. Để đề phòng, lúc tiêm tại khu vực nhốt heo được các đối tượng tắt điện, phía ngoài có người canh chừng không cho người lạ tiếp cận” – một trinh sát cho biết. Thông thường, heo được các thương lái ở các địa phương vận chuyển về tập kết ở lò Xuyên Á đợi giết mổ. Từ 20h đến 22h30 là “giờ vàng” các nhóm thương lái tiêm thuốc an thần vào heo và chỉ vài tiếng sau số heo này được giết mổ cung cấp ra thị trường tiêu thụ. “Thời điểm ập vào bắt quả tang, chúng tôi phát hiện hàng ngàn con heo vừa được tiêm thuốc nằm la liệt, ngủ li bì, các loại chai lọ thủy tinh ghi thuốc Combistress (một dạng thuốc gây mê an thần), kim tiêm vứt lăn lóc giữa sàn, trong thùng nhựa…” – trung tá Võ Văn Khứ, phó phòng 7 (C49B), cho biết. Qua kiểm tra, lực lượng C49B thu giữ tang vật gồm 6 lọ Combistress dung tích 50ml và 51 chai nước (dạng chai truyền dịch) dung tích 500ml đã pha thuốc an thần. Theo lời khai ban đầu của chủ lô heo, thuốc an thần do các lái heo cung cấp, 1 lọ thuốc an thần 50ml pha được 500ml, trung bình mỗi con heo được tiêm 2cc thuốc an thần. Theo điều tra ban đầu, trong số 20 hộ thuê mặt bằng giết mổ gia công heo tại lò mổ Xuyên Á, 13 hộ có dấu hiệu thường xuyên tiêm thuốc an thần vào heo. Điều đặc biệt, thời điểm kiểm tra các camera của lò mổ đều ngưng hoạt động!? Theo TS Lê Thanh Hiền – trưởng bộ môn bệnh truyền nhiễm và thú y cộng đồng (ĐH Nông lâm TP.HCM), người sử dụng sản phẩm có chứa tồn dư thuốc an thần có thể dẫn tới các triệu chứng hạ huyết áp, lừ đừ, không tập trung, tăng cân, khô miệng, táo bón, dị ứng, buồn ngủ, trầm cảm kéo dài, giảm khả năng điều hòa thân nhiệt… Nếu trong trường hợp có tương tác với thuốc khác có thể làm tình trạng lâm sàng phức tạp hơn. Đặc biệt, triệu chứng này sẽ trầm trọng hơn đối với trẻ em, người già và những người có tiền sử về bệnh tim mạch, gan, thận. Theo Tuổi Trẻ
Thanh Hiền",1,spam
Tôi đã in nó oh.,0,ham
Err ... Cud làm.,0,ham
Bạn được trao một máy ảnh kỹ thuật số SIPIX!,1,spam
Bận rộn ở đây.,0,ham
Chúc mừng sinh nhật ... Cầu mong tất cả những giấc mơ của bạn thành hiện thực ...,0,ham
Tất cả e tốt nhất 4 kỳ thi của bạn sau.,0,ham
"Xin lỗi, có một khởi đầu muộn, chúng tôi đang trên đường",0,ham
Bạn có một thông báo dịch vụ khách hàng quan trọng từ Premier.,1,spam
"S :-) Nếu chúng ta có một quan hệ đối tác tốt, chúng ta sẽ dẫn đầu :)",0,ham
"Xin lỗi, tôi đã bỏ lỡ cuộc gọi của bạn, hãy nói chuyện khi bạn có thời gian.",1,spam
"Yun ah.the ubi một nói nếu ì_ wan gọi vào ngày mai.call 67441233 hãy tìm Irene. Ere chỉ có Bus8,22,65,61,66,382.",0,ham
Người giữ phiếu mua hàng thân mến có bữa ăn tiếp theo của bạn về chúng tôi.,1,spam
Những câu chuyện bẩn thỉu và những cô gái đang chờ đợi của bạn,1,spam
Boytoy của tôi ở đâu?,0,ham
Tại sao tôi din c Ì _... yup tôi cắt tóc ...,0,ham
Đó có phải là một cái gì đó bạn đã ăn?,0,ham
"Vâng, tôi sẽ ở đó.",0,ham
Jos hỏi bạn có muốn gặp nhau không?,0,ham
"Cho e giải thích thắc mắc của a Dương lo lắng FB bị cấm
Tin mừng tin hot!
Facebook chuẩn bị đặt trụ sở đại diện chính thức tại Việt Nam

CEO Facebook Việt Nam Lê Diệp Kiều Trang cho biết, hiện Ban giám đốc Facebook đang hoàn tất các thủ tục pháp lý để chuẩn bị thành lập văn phòng đại diện tại Việt Nam. Trước đó, tuy Facebook có một bộ phận quản lý Facebook người Việt dành riêng cho thị trường Việt Nam nhưng lại đóng tại trụ sở ở Singapore. Thì nay, việc chuyển văn phòng về Việt Nam sẽ giúp hỗ trợ tốt hơn cho các hoạt động của Facebook tại Việt Nam. Đặc biệt là các hoạt động kinh doanh quảng cáo và hỗ trợ doanh nghiệp, start-up Việt.

Cũng theo bà Trang, Việt Nam, với số người sử dụng internet là khoảng 55 triệu người dùng, trong đó có 53 triệu tài khoản Facebook được tạo lập tại Việt Nam. Xếp thứ hai Đông Nam Á và đứng thứ 7 toàn thế giới về số người dùng Facebook.",1,spam
Nó không hoạt động trở lại oh.,0,ham
"Tin tức hôm nay: Du lịch Việt Nam đón lượng khách quốc tế tăng trưởng kỷ lục trong quý I. Nhiều địa phương như Đà Nẵng, Phú Quốc, Nha Trang ghi nhận số lượng phòng khách sạn đạt công suất tối đa. Chi tiết xem tại cổng thông tin chính thức.",0,ham
